# Alias OBJ Model File
# Exported from SketchUp, (c) 2000-2012 Trimble Navigation Limited
# File units = inches

mtllib RVM Model.mtl

g Mesh1 Object_3_1 skpE254_1 Model

usemtl Quartz_Light_Grey
v 156.126 119.756 -190.051
vt -0.000235062 0.0161263
vn -0.0434641 -0.390498 0.919577
v 156.246 120.14 -189.882
vt 0.000234749 0.0161263
v 155.579 120.325 -189.835
vt 0.000233411 0.0168045
f 1/1/1 2/2/1 3/3/1

v 155.695 120.743 -189.833
vt 0.00023361 0.0168045
vn 0.0640809 -0.0238664 0.997659
vt -0.000233419 0.0168045
vt -0.000234826 0.0161263
f 4/4/2 3/5/2 2/6/2

v 156.369 120.541 -189.967
vt -0.000216533 0.0161291
vn -0.179446 0.0556855 -0.982191
vt 0.000233419 0.0168292
vt -0.00023361 0.0168292
f 5/7/3 3/8/3 4/9/3

vt -0.000216449 0.0161292
vn -0.179424 0.0555998 -0.982199
v 156.262 120.154 -189.97
vt 0.000216487 0.0161292
vt 0.00023351 0.0168293
f 5/10/4 6/11/4 3/12/4

v 155.461 119.943 -190.003
vt 0.00023363 0.0168293
vn -0.0725083 0.420085 -0.904583
vt -0.000233462 0.0168293
vt -0.000216365 0.0161292
f 7/13/5 3/14/5 6/15/5

vt -0.00023501 0.0161263
vn -0.0435025 -0.39053 0.919562
vt 0.000233462 0.0168045
vt -0.00023363 0.0168045
f 1/16/6 3/17/6 7/18/6

vt 0.000174247 0.0168043
vn -0.133676 -0.663357 0.736266
v 156.04 119.442 -190.35
vt -0.00029998 0.0161032
vt 0.000175276 0.0161261
f 7/19/7 8/20/7 1/21/7

vt 0.000431667 0.0164962
vn -0.312047 -0.75717 0.573864
v 155.348 119.726 -190.351
vt -2.64318e-05 0.016519
vt -2.92358e-05 0.0157878
f 7/22/8 9/23/8 8/24/8

v 156.151 119.8 -190.125
vt -0.000414171 0.0161281
vn 0.0768094 0.834122 -0.546206
vt 1.12768e-05 0.0168505
vt -0.000446829 0.0168277
f 10/25/9 9/26/9 7/27/9

vt -0.000216472 0.0161237
vn 0.132552 0.701269 -0.700465
v 156.055 119.533 -190.41
vt 0.000216448 0.0161237
vt 0.000217136 0.016842
f 10/28/10 11/29/10 9/30/10

vt -1.7374e-05 0.0161238
vn 0.179933 0.825103 -0.535564
v 155.283 119.507 -190.711
vt 0.00044073 0.0168196
vt -1.74591e-05 0.0168422
f 11/31/11 12/32/11 9/33/11

vt -0.000216487 0.0161291
vn 0.110097 0.924412 -0.365158
v 155.987 119.395 -190.781
vt 0.000216449 0.0161291
vt 0.00023352 0.0168292
f 11/34/12 13/35/12 12/36/12

vn 0.158023 0.987329 0.0144991
v 155.251 119.518 -191.143
f 13/7/13 14/8/13 12/9/13

vn 0.158062 0.987324 0.0144192
v 155.957 119.406 -191.182
f 13/10/14 15/11/14 14/12/14

vn 0.165668 0.904459 0.393075
v 155.266 119.688 -191.541
f 15/15/15 16/13/15 14/14/15

vt -0.000216448 0.0161292
vn 0.165622 0.904437 0.393146
v 155.971 119.563 -191.551
vt 0.000216472 0.0161292
vt 0.000233541 0.0168293
f 15/37/16 17/38/16 16/39/16

vt -0.000216555 0.0161292
vn 0.131704 0.688286 0.713384
v 155.326 119.992 -191.845
vt 0.000233462 0.0168293
vt -0.00023363 0.0168293
f 17/40/17 18/41/17 16/42/17

vt -0.000216472 0.0161292
vn 0.131758 0.688331 0.713331
v 156.026 119.845 -191.833
vt 0.000216448 0.0161292
vt 0.000233551 0.0168293
f 17/43/18 19/44/18 18/45/18

vt -0.000216402 0.0161292
vn 0.0615124 0.372007 0.92619
v 155.42 120.382 -192.008
vt 0.00023361 0.0168293
vt -0.000233419 0.0168293
f 19/46/19 20/47/19 18/48/19

vn 0.061452 0.371948 0.926217
v 156.114 120.207 -191.984
f 19/34/20 21/35/20 20/36/20

vn -0.0344358 0.00337643 0.999401
v 155.536 120.8 -192.006
f 21/7/21 22/8/21 20/9/21

vn -0.0343722 0.00343849 0.999403
v 156.221 120.594 -191.981
f 21/10/22 23/11/22 22/12/22

vn -0.141251 -0.361057 0.921784
v 155.655 121.182 -191.838
f 23/15/23 24/13/23 22/14/23

vn -0.141314 -0.36111 0.921754
v 156.331 120.948 -191.826
f 23/37/24 25/38/24 24/39/24

vn -0.243014 -0.666247 0.705024
v 155.759 121.469 -191.53
f 25/40/25 26/41/25 24/42/25

vn -0.242954 -0.666212 0.705077
v 156.428 121.214 -191.541
f 25/43/26 27/44/26 26/45/26

vn -0.323927 -0.865339 0.382439
v 155.832 121.619 -191.13
f 27/46/27 28/47/27 26/48/27

vn -0.323982 -0.865349 0.382369
v 156.496 121.353 -191.17
f 27/34/28 29/35/28 28/36/28

vn -0.371904 -0.928267 0.00271146
v 155.864 121.607 -190.698
f 29/7/29 30/8/29 28/9/29

vn -0.371857 -0.928286 0.00278455
v 156.525 121.342 -190.769
f 29/10/30 31/11/30 30/12/30

vn -0.379428 -0.845431 -0.375874
v 155.849 121.437 -190.3
f 31/15/31 32/13/31 30/14/31

vn -0.379466 -0.845385 -0.375938
v 156.511 121.184 -190.4
f 31/37/32 33/38/32 32/39/32

vn -0.345545 -0.629235 -0.696176
v 155.79 121.133 -189.996
f 33/40/33 34/41/33 32/42/33

vn -0.345514 -0.629303 -0.69613
v 156.456 120.903 -190.118
f 33/43/34 35/44/34 34/45/34

vn -0.275311 -0.312968 -0.908986
f 35/46/35 4/47/35 34/48/35

vn -0.275337 -0.312885 -0.909006
f 35/34/36 5/35/36 4/36/36

vt 0.000233419 0.0168046
vn 0.160612 0.347054 0.92399
vt -0.00023361 0.0168046
v 156.362 120.56 -189.88
vt -0.000234979 0.0161264
f 34/49/37 4/50/37 36/51/37

vt 0.000233553 0.0168046
vn 0.0641231 -0.0238277 0.997657
vt -0.000234883 0.0161264
vt 0.000234921 0.0161264
f 4/52/38 2/53/38 36/54/38

vt 0.000233476 0.0168045
vn 0.160572 0.347018 0.92401
vt -0.000234921 0.0161263
v 156.457 120.953 -190.044
vt 0.000234883 0.0161263
f 34/55/39 36/56/39 37/57/39

vt 0.00023363 0.0168045
vn 0.231214 0.665303 0.709868
vt -0.000233462 0.0168045
vt -0.000234801 0.0161263
f 32/58/40 34/59/40 37/60/40

vt 0.000233682 0.0168045
vn 0.231181 0.665279 0.709901
vt -0.000234749 0.0161263
v 156.517 121.258 -190.349
vt 0.000235062 0.0161263
f 32/61/41 37/62/41 38/63/41

vn 0.26532 0.882831 0.387576
f 30/17/42 32/18/42 38/16/42

vn 0.265348 0.882841 0.387533
v 156.532 121.429 -190.75
f 30/3/43 38/1/43 39/2/43

vn 0.257734 0.966193 0.00664448
f 28/4/44 30/5/44 39/6/44

vn 0.25776 0.966186 0.00659382
v 156.5 121.441 -191.185
f 28/52/45 39/53/45 40/54/45

vn 0.209529 0.902851 -0.375443
f 26/49/46 28/50/46 40/51/46

vt 0.000233555 0.0168045
vn 0.209478 0.90291 -0.375331
vt -0.000234842 0.0161263
v 156.443 121.286 -191.589
vt 0.000234989 0.0161094
f 26/64/47 40/65/47 41/66/47

vn 0.128013 0.702553 -0.700022
vt -0.000234855 0.0161094
f 24/58/48 26/59/48 41/67/48

vt 0.000291853 0.0167599
vn 0.110432 0.742254 -0.660957
vt -0.000175696 0.0160644
v 156.346 121.008 -191.918
vt 0.000299575 0.0160583
f 24/68/49 41/69/49 42/70/49

vt 0.000233462 0.0167587
vn -0.00406285 0.403356 -0.915034
vt -0.00023363 0.0167587
vt -0.000239812 0.016057
f 22/71/50 24/72/50 42/73/50

vt 0.000174082 0.0168043
vn 0.0117729 0.350665 -0.936427
vt -0.000300155 0.0161032
v 156.202 120.617 -192.066
vt 0.000175072 0.0161261
f 22/74/51 42/75/51 43/76/51

vn -0.0818288 0.0287673 -0.996231
f 20/4/52 22/5/52 43/6/52

vn -0.0818125 0.0287126 -0.996234
v 156.086 120.197 -192.068
f 20/52/53 43/53/53 44/54/53

vn -0.178301 -0.342169 -0.922567
f 18/49/54 20/50/54 44/51/54

vn -0.17832 -0.342117 -0.922582
v 155.991 119.805 -191.904
f 18/55/55 44/56/55 45/57/55

vn -0.248996 -0.660392 -0.708437
f 16/58/56 18/59/56 45/60/56

vn -0.249017 -0.660354 -0.708465
v 155.931 119.499 -191.599
f 16/61/57 45/62/57 46/63/57

vn -0.283155 -0.877906 -0.38614
f 14/17/58 16/18/58 46/16/58

vn -0.28313 -0.877931 -0.386102
v 155.916 119.328 -191.198
f 14/3/59 46/1/59 47/2/59

vn -0.275482 -0.961292 -0.00521635
f 12/4/60 14/5/60 47/6/60

vt 0.000233758 0.0168044
vn -0.275567 -0.961267 -0.00533572
vt -0.000234678 0.0161262
v 155.964 119.312 -190.764
vt 0.000235178 0.0161094
f 12/77/61 47/78/61 48/79/61

vt 1.82727e-05 0.0168281
vn -0.193015 -0.821873 0.535975
vt -0.000439916 0.0168055
vt -0.000442588 0.0161105
f 9/80/62 12/81/62 48/82/62

vt 0.000269757 0.0165373
vn -0.357902 -0.870219 0.338564
vt -0.00017756 0.0158126
vt 0.000297683 0.0158065
f 9/83/63 48/84/63 8/85/63

vn -0.0725299 0.420161 -0.904546
f 7/39/64 6/37/64 10/38/64

g Mesh2 Object_3_1 skpE254_1 Model

v 171.225 115.644 -189.401
vt 0.000531738 0.00146324
vn 0.16614 -0.419727 0.892315
v 171.033 114.637 -189.839
vt -0.000662545 0.00134615
v 171.452 114.574 -189.947
vt -0.000641466 0.000918927
f 49/86/65 50/87/65 51/88/65

v 170.82 115.754 -189.358
vt 0.000591947 0.00140642
vn -0.0110167 -0.397109 0.917705
vt -0.000604743 0.00087944
vt 0.00058982 0.000994139
f 52/89/66 50/90/66 49/91/66

vt 0.000592264 0.00140584
vn -0.0112541 -0.397146 0.917686
v 170.621 114.745 -189.798
vt -0.00060662 0.00129747
vt -0.000604427 0.000878855
f 52/92/67 53/93/67 50/94/67

vt -0.000572222 0.000979935
vn -0.123989 -0.375326 0.918562
vt 0.000626617 0.00108872
v 170.334 115.898 -189.365
vt 0.00061636 0.00158383
f 53/95/68 52/96/68 54/97/68

vt -0.00059945 0.00108786
vn -0.0145205 -0.00207887 0.999892
v 170.626 116.953 -189.359
vt 0.000589639 0.00158299
vt -0.000589571 0.00158299
f 52/98/69 55/99/69 54/100/69

vt -0.000499551 0.000880291
vn -0.0916732 -0.0145434 0.995683
v 170.9 116.886 -189.334
vt 0.000698739 0.00110304
vt 0.000687254 0.00137991
f 52/101/70 56/102/70 55/103/70

vt 0.00058511 0.00162614
vn 0.0970928 -0.0279765 0.994882
vt -0.000613819 0.00140624
vt -0.000611617 0.000993956
f 56/104/71 52/105/71 49/106/71

vt 0.00056848 0.00165171
vn 0.107628 -0.0251723 0.993872
vt -0.000628138 0.00101936
v 171.193 116.803 -189.368
vt 0.000566414 0.00135221
f 56/107/72 49/108/72 57/109/72

vt 0.000404772 0.00179534
vn 0.283162 -0.0194443 0.958875
vt -0.000787421 0.00145559
v 171.628 115.552 -189.522
vt -0.000762326 0.00103473
f 57/110/73 49/111/73 58/112/73

vt 0.000523825 0.00147599
vn 0.171599 -0.418365 0.891922
vt -0.000649056 0.000931114
vt 0.000507177 0.00105479
f 49/113/74 51/114/74 58/115/74

vt 0.000268844 0.00218941
vn 0.644186 -0.399127 0.652474
vt -0.000881301 0.0020255
v 172.014 114.718 -190.413
vt -0.000716603 0.00131378
f 58/116/75 51/117/75 59/118/75

vt 0.00115757 0.00113492
vn 0.462675 -0.834422 0.299452
vt 0.00142362 0.00182091
v 170.826 113.964 -190.679
vt 0.000320282 0.00231062
f 59/119/76 51/120/76 60/121/76

vt -0.000365117 0.00128886
vn 0.0408839 -0.784416 0.618886
vt 0.000788393 0.000906077
vt 0.0008143 0.00133309
f 60/122/77 51/123/77 50/124/77

vt -0.000369539 0.00137507
vn 0.0756028 -0.786962 0.612353
vt 0.000809862 0.00141964
v 170.451 113.989 -190.6
vt -0.000381661 0.00174999
f 60/125/78 50/126/78 61/127/78

vt -0.000576388 0.00119999
vn -0.115879 -0.71072 0.693865
vt 0.000618149 0.000878736
vt 0.000620392 0.00129735
f 61/128/79 50/129/79 53/130/79

vt -0.000577297 0.00120909
vn -0.112557 -0.711355 0.693761
vt 0.000619483 0.00130645
v 170.091 114.079 -190.566
vt -0.000579379 0.0015738
f 61/131/80 53/132/80 62/133/80

v 170.044 114.931 -189.789
vt 0.000534086 0.00161447
vn -0.20508 -0.665385 0.717778
vt -0.000655668 0.00128903
vt 0.000543009 0.001021
f 63/134/81 62/135/81 53/136/81

vt 0.000586033 0.00145016
vn -0.263459 -0.657672 0.705732
v 169.771 114.208 -190.565
vt -0.000593192 0.00145991
vt -0.000603062 0.00112274
f 63/137/82 64/138/82 62/139/82

v 169.843 113.712 -191.588
vt -0.000622301 0.00118302
vn -0.343386 -0.854394 0.389995
vt 0.000576608 0.00112156
vt 0.000567103 0.00145874
f 65/140/83 62/141/83 64/142/83

vt 0.000604938 0.00159047
vn -0.186671 -0.909406 0.371664
vt -0.000594003 0.00165142
v 170.139 113.641 -191.614
vt -0.000591845 0.00135192
f 62/143/84 65/144/84 66/145/84

vn -0.233744 -0.972297 0.00179957
v 170.385 113.58 -192.746
f 65/107/85 67/108/85 66/109/85

vn -0.243319 -0.969942 -0.00295992
v 169.978 113.682 -192.715
f 65/104/86 68/105/86 67/106/86

vn -0.420321 -0.907008 -0.0258362
v 169.586 113.831 -191.576
f 68/101/87 65/102/87 69/103/87

vt -0.000599493 0.00109653
vn -0.371534 -0.845428 0.383685
vt 0.000589571 0.00137346
vt -0.000589639 0.00137346
f 65/146/88 64/147/88 69/148/88

vn -0.352708 -0.935733 0.0011648
v 169.506 113.86 -192.667
f 68/98/89 69/99/89 70/100/89

v 170.123 114.09 -193.746
vn -0.359855 -0.849143 -0.386602
f 71/95/90 68/96/90 70/97/90

vn -0.251558 -0.887326 -0.386485
v 170.537 113.985 -193.774
f 68/92/91 71/93/91 72/94/91

vn -0.21643 -0.66413 -0.715604
v 170.373 114.848 -194.525
f 71/130/92 73/128/92 72/129/92

vn -0.213214 -0.66518 -0.715594
v 170.012 114.942 -194.505
f 71/132/93 74/133/93 73/131/93

vn -0.314995 -0.653778 -0.688006
v 169.553 114.288 -193.673
f 74/135/94 71/136/94 75/134/94

vt -0.000597416 0.00102244
vn -0.346241 -0.857473 -0.380601
vt 0.000591628 0.00162559
vt -0.000587598 0.00161589
f 71/149/95 70/150/95 75/151/95

vn -0.366193 -0.622501 -0.691661
v 169.694 115.056 -194.44
f 74/139/96 75/137/96 76/138/96

v 170.255 115.944 -194.924
vt -0.000599608 0.00112266
vn -0.295989 -0.306181 -0.904789
vt 0.000599335 0.00112266
vt 0.000589457 0.00145983
f 77/152/97 74/153/97 76/154/97

vt 0.000599335 0.0015745
vn -0.143204 -0.351716 -0.925088
vt -0.000599608 0.0015745
v 170.615 115.847 -194.942
vt -0.000597429 0.00120978
f 74/155/98 77/156/98 78/157/98

vt 0.00057488 0.00157474
vn -0.0488831 0.0111479 -0.998742
v 171.226 116.828 -194.961
vt -0.000621784 0.000888731
vt 0.000572791 0.00121002
f 77/158/99 79/159/99 78/160/99

vt 0.000582252 0.00156426
vn -0.0519555 0.0145294 -0.998544
v 170.815 116.944 -194.938
vt -0.000616671 0.00129694
vt -0.00061446 0.000878324
f 77/161/100 80/162/100 79/163/100

vt -0.000500139 0.000857964
vn -0.190876 0.0925409 -0.977242
vt 0.000698158 0.00112759
v 169.933 116.042 -194.851
vt 0.000686683 0.00146472
f 80/164/101 77/165/101 81/166/101

vt -0.000599493 0.0011223
vn -0.296094 -0.30611 -0.904779
vt 0.000589571 0.00145948
vt -0.000589639 0.00145948
f 77/167/102 76/168/102 81/169/102

vt -0.000597384 0.00102259
vn -0.145337 0.0469393 -0.988268
vt 0.000591671 0.00162574
v 170.234 117.094 -194.846
vt -0.000587538 0.00161604
f 80/170/103 81/171/103 82/172/103

v 171.013 117.953 -194.499
vt -0.000622333 0.00113061
vn -0.0404415 0.405395 -0.913247
vt 0.000576521 0.00102196
vt 0.000567087 0.00161542
f 83/173/104 80/174/104 82/175/104

vt 0.000606552 0.00129851
vn 0.0583106 0.38868 -0.919526
vt -0.000592332 0.00140688
v 171.418 117.835 -194.523
vt -0.000590191 0.000994592
f 80/176/105 83/177/105 84/178/105

vt 0.000621478 0.00140662
vn 0.161655 0.698334 -0.697278
v 171.357 118.661 -193.711
vt -0.000575303 0.0013271
vt 0.000619231 0.000994339
f 83/179/106 85/180/106 84/181/106

vt 0.00061952 0.00143055
vn 0.169998 0.695372 -0.698254
v 171.065 118.75 -193.693
vt -0.000579341 0.0016505
vt -0.000577259 0.00135101
f 83/182/107 86/183/107 85/184/107

vt -0.000654945 0.00130666
vn 0.0443622 0.709028 -0.703783
vt 0.000543738 0.00108591
v 170.525 118.061 -194.421
vt 0.000534803 0.00158105
f 86/185/108 83/186/108 87/187/108

vt -0.000601964 0.00108776
vn -0.0529995 0.41482 -0.908358
vt 0.000587154 0.00157318
vt -0.000592072 0.00158289
f 83/188/109 82/189/109 87/190/109

vt -0.000599404 0.00109684
vn -0.02083 0.733854 -0.678988
vt 0.000589632 0.00137376
v 170.788 118.786 -193.645
vt -0.000589594 0.00137376
f 86/191/110 87/192/110 88/193/110

v 171.253 119.134 -192.665
vt -0.000599608 0.00109697
vn 0.0595931 0.931576 -0.358628
vt 0.000599335 0.00109697
vt 0.000589457 0.00137389
f 89/194/111 86/195/111 88/196/111

vt 0.000599335 0.00165135
vn 0.250162 0.891148 -0.378515
vt -0.000599608 0.00165135
v 171.545 119.043 -192.687
vt -0.000597429 0.00135185
f 86/197/112 89/198/112 90/199/112

vn 0.297665 0.954645 -0.00694318
v 171.953 118.923 -191.607
f 89/107/113 91/108/113 90/109/113

vn 0.289059 0.957311 -0.000720714
v 171.55 119.045 -191.573
f 89/104/114 92/105/114 91/106/114

vn 0.110405 0.992589 0.0507744
v 170.973 119.163 -192.635
f 92/101/115 89/102/115 93/103/115

vn 0.0594543 0.931606 -0.358573
f 89/146/116 88/147/116 93/148/116

vn 0.178324 0.983888 0.0128676
v 171.053 119.135 -191.543
f 92/98/117 93/99/117 94/100/117

v 171.618 118.578 -190.559
vn 0.185738 0.897224 0.400612
f 95/95/118 92/96/118 94/97/118

vn 0.296945 0.874793 0.382832
v 172.027 118.456 -190.598
f 92/92/119 95/93/119 96/94/119

vn 0.261775 0.651608 0.711956
v 171.56 117.767 -189.795
f 95/130/120 97/128/120 96/129/120

vn 0.265034 0.650871 0.711424
v 171.203 117.872 -189.758
f 95/132/121 98/133/121 97/131/121

vn 0.16889 0.694124 0.699763
v 171.025 118.702 -190.538
f 98/135/122 95/136/122 99/134/122

vn 0.200629 0.897683 0.392318
f 95/149/123 94/150/123 99/151/123

vn 0.110106 0.693218 0.712268
v 170.865 117.938 -189.77
f 98/139/124 99/137/124 100/138/124

vn 0.0413458 0.383653 0.922551
f 56/140/125 98/141/125 100/142/125

vn 0.200869 0.333935 0.920944
f 98/143/126 56/144/126 57/145/126

vt 0.000609103 0.00157352
vn 0.194551 0.334424 0.922123
vt -0.00058769 0.00133502
vt 0.000606918 0.00120881
f 98/200/127 57/201/127 97/202/127

vt 0.000698952 0.00184735
vn 0.424267 0.227043 0.876613
vt -0.000494976 0.00197876
v 171.476 116.707 -189.48
vt -0.000479233 0.0016669
f 97/203/128 57/204/128 101/205/128

vt 0.000217582 0.00199369
vn 0.372857 0.0155188 0.927759
vt -0.000936855 0.00121732
vt 0.000210662 0.00168156
f 57/206/129 58/207/129 101/208/129

v 171.948 116.476 -190.027
vt -0.00047329 0.00174926
vn 0.770718 0.0782714 0.632351
vt -0.000582078 0.00248408
vt -0.00165003 0.00188345
f 102/209/130 101/210/130 58/211/130

v 172.357 117.202 -190.373
vt 0.00102333 0.00148668
vn 0.733887 -0.0927104 0.672915
vt 0.000135737 0.00252972
vt 0.000110369 0.00178864
f 103/212/131 101/213/131 102/214/131

vt 0.000818711 0.00145765
vn 0.714311 -0.00938925 0.699765
v 171.899 117.622 -189.899
vt 0.00100691 0.00220262
vt -0.000136631 0.00245015
f 103/215/132 104/216/132 101/217/132

v 172.796 117.725 -191.01
vt 0.00122255 0.00113604
vn 0.766154 0.125369 0.63031
vt 0.000411471 0.00232679
vt 0.000334551 0.00156569
f 105/218/133 104/219/133 103/220/133

vn 0.761879 0.15294 0.629404
v 172.414 118.272 -190.681
f 105/119/134 106/120/134 104/121/134

v 172.726 118.095 -191.804
vt 0.000209524 0.00144923
vn 0.851994 0.499164 0.157931
vt -0.000892019 0.00202248
vt -0.000725318 0.00131114
f 107/221/135 106/222/135 105/223/135

vt 0.000216904 0.00145524
vn 0.854041 0.495277 0.159109
v 172.333 118.727 -191.658
vt 0.000266733 0.00219497
vt -0.000883325 0.00203056
f 107/224/136 108/225/136 106/226/136

v 172.225 118.239 -192.639
vt -0.000505085 0.00162735
vn 0.753495 0.552062 -0.357033
vt -0.00168305 0.00175234
vt -0.00136849 0.00106844
f 109/227/137 108/228/137 107/229/137

vn 0.806632 0.489237 -0.331649
v 171.817 118.876 -192.693
f 109/209/138 110/210/138 108/211/138

v 172.077 117.938 -193.445
vt 0.000470213 0.0017498
vn 0.806871 0.489469 -0.330725
vt -0.00057826 0.00248472
vt -0.000470186 0.0017498
f 111/230/139 110/231/139 109/232/139

vt 0.000470163 0.00174978
vn 0.806857 0.48948 -0.330743
v 171.635 118.506 -193.685
vt 0.000578252 0.00248468
vt -0.000578322 0.00248468
f 111/233/140 112/234/140 110/235/140

v 172.305 117.239 -194.1
vt 0.00150883 0.00111118
vn 0.811236 0.517908 -0.271416
vt 0.000829754 0.00243355
vt 0.000674662 0.00170562
f 113/236/141 112/237/141 111/238/141

vt 0.00123763 0.00114487
vn 0.761262 0.526546 -0.378456
v 171.815 117.673 -194.481
vt 0.00152208 0.00183954
vt 0.000432827 0.00240778
f 113/239/142 114/240/142 112/241/142

v 172.166 116.443 -194.445
vt 0.000727173 0.0013174
vn 0.698239 0.178998 -0.693125
vt -0.000255283 0.00219585
vt -0.000207576 0.00145602
f 115/242/143 114/243/143 113/244/143

vt 0.00071654 0.00131381
vn 0.695014 0.177977 -0.69662
v 171.639 116.695 -194.906
vt 0.000881209 0.00202555
vt -0.000268936 0.00218947
f 115/245/144 116/246/144 114/247/144

v 171.613 115.69 -194.425
vt -0.000301995 0.00153817
vn 0.496256 -0.385026 -0.778129
vt -0.00146854 0.0017989
vt -0.00119407 0.00111564
f 117/248/145 116/249/145 115/250/145

vt -0.000285595 0.00157148
vn 0.514937 -0.380685 -0.768062
v 170.984 115.762 -194.883
vt -0.000351239 0.00233346
vt -0.00145086 0.00183691
f 117/251/146 118/252/146 116/253/146

v 171.423 114.904 -194.096
vt 0.000470213 0.0015449
vn 0.496656 -0.434321 -0.751464
vt -0.00057826 0.0023029
vt -0.000470186 0.0015449
f 119/254/147 118/255/147 117/256/147

vt 0.000470163 0.00154488
vn 0.496635 -0.434336 -0.751469
v 170.75 114.796 -194.479
vt 0.000578252 0.00230286
vt -0.000578322 0.00230286
f 119/257/148 120/258/148 118/259/148

v 171.623 114.204 -193.51
vn 0.491435 -0.472644 -0.731505
f 121/218/149 120/219/149 119/220/149

vn 0.473884 -0.494188 -0.728844
v 170.971 113.942 -193.756
f 121/119/150 122/120/150 120/121/150

v 171.492 113.889 -192.7
vn 0.443702 -0.856962 -0.262193
f 123/221/151 122/222/151 121/223/151

vn 0.447244 -0.854618 -0.263821
v 170.815 113.553 -192.76
f 123/224/152 124/225/152 122/226/152

v 171.119 113.987 -191.795
vn 0.409817 -0.873303 0.263424
f 125/227/153 124/228/153 123/229/153

vn 0.483107 -0.84539 0.227866
v 170.456 113.646 -191.655
f 125/209/154 126/210/154 124/211/154

v 171.485 114.227 -191.006
vn 0.465695 -0.883342 0.053243
f 127/212/155 126/213/155 125/214/155

vn 0.423687 -0.89622 0.131448
f 127/215/156 60/216/156 126/217/156

vn 0.471216 -0.838637 0.273211
f 59/218/157 60/219/157 127/220/157

v 171.606 114.731 -191.347
vt 0.00174092 0.000124365
vn 0.819192 -0.443573 -0.363548
vt 0.00226089 -0.000753913
vt 0.0024084 0.000149625
f 128/260/158 59/261/158 127/262/158

vt 0.0017243 -0.000150976
vn 0.845523 -0.380907 -0.374165
v 171.96 115.093 -190.916
vt 0.00149769 -0.000768136
vt 0.00207189 -0.00109681
f 128/263/159 129/264/159 59/265/159

vt 0.000675449 -0.00126202
vn 0.814649 -0.12106 -0.567178
vt 0.00123857 -0.000859626
v 171.484 115.24 -191.631
vt 0.000817784 -0.000419651
f 129/266/160 128/267/160 130/268/160

vt 0.000283825 -0.00136294
vn 0.941058 0.037947 -0.336109
v 171.354 115.113 -192.011
vt 0.000607478 -0.000630966
vt 0.000187422 -0.000786904
f 128/269/161 131/270/161 130/271/161

vt 0.000828795 -0.00122763
vn 0.916941 -0.0748636 -0.391938
v 171.348 114.555 -191.918
vt 0.00135217 -0.000804807
vt 0.000892784 -0.000441046
f 128/272/162 132/273/162 131/274/162

vt 0.00156819 0.000752196
vn 0.875981 -0.396773 -0.274279
vt 0.0017393 0.000135465
vt 0.00240615 0.000171861
f 132/275/163 128/276/163 127/277/163

vt 0.001539 0.000804602
vn 0.868482 -0.410398 -0.278053
vt 0.00239932 0.00025188
vt 0.00212907 0.00109909
f 132/278/164 127/279/164 125/280/164

v 171.586 114.493 -192.57
vt -0.00173002 -0.000147212
vn 0.891912 -0.283224 0.352531
vt -0.00167711 0.000532531
vt -0.00232013 0.000713979
f 133/281/165 132/282/165 125/283/165

vt -0.00143249 -0.000556174
vn 0.932444 0.156684 0.325574
vt -0.000943945 -0.00107357
v 171.438 115.092 -192.436
vt -0.000623261 -0.000529029
f 132/284/166 133/285/166 134/286/166

vt -0.000556871 -0.00125985
vn 0.962185 0.19411 0.191105
v 171.484 115.247 -192.821
vt 7.74036e-05 -0.000727823
vt -0.0003677 -0.000666742
f 133/287/167 135/288/167 134/289/167

vt -0.000641104 -0.00121076
vn 0.951543 0.205275 0.228973
v 171.677 114.722 -193.155
vt 2.76062e-05 -0.00134233
vt 1.82267e-05 -0.000704457
f 133/290/168 136/291/168 135/292/168

vt -0.000743956 -0.00140781
vn 0.981482 -0.17081 0.086699
vt -0.00129017 -0.00103373
vt -0.00178487 -0.00144869
f 136/293/169 133/294/169 123/295/169

vt -0.00168752 -0.000324713
vn 0.892438 -0.222914 0.392254
vt -0.00238615 0.000466753
vt -0.00233454 -0.000494712
f 133/296/170 125/297/170 123/298/170

vt -0.000746373 -0.001405
vn 0.981498 -0.167469 0.0928217
vt -0.00178736 -0.00144445
vt -0.00103253 -0.00196376
f 136/299/171 123/300/171 121/301/171

v 171.561 115.219 -193.581
vn 0.975714 0.0440492 -0.214571
f 137/263/172 136/264/172 121/265/172

vn 0.966589 0.254143 0.0334306
v 171.455 115.563 -193.106
f 136/266/173 137/267/173 138/268/173

vt -0.000339884 -0.00135273
vn 0.950266 -0.108532 0.291916
v 171.546 115.938 -193.263
vt 0.000224444 -0.000779605
vt -0.00022438 -0.000779605
f 137/302/174 139/303/174 138/304/174

vt -0.000339931 -0.00135272
vn 0.950262 -0.108537 0.291928
v 171.699 115.788 -193.818
vt 0.000339887 -0.00135272
vt 0.000224413 -0.000779603
f 137/305/175 140/306/175 139/307/175

vt -0.000339887 0.00155373
vn 0.958337 -0.270615 -0.0914249
vt 0.000339931 0.00155373
vt 0.000470196 0.0021485
f 140/308/176 137/309/176 119/310/176

vn 0.958925 0.0384022 -0.281049
f 137/260/177 121/261/177 119/262/177

vt -0.000339874 0.00155373
vn 0.958337 -0.270615 -0.091425
vt 0.000470213 0.0021485
vt -0.000470186 0.0021485
f 140/311/178 119/312/178 117/313/178

v 172.07 116.34 -193.831
vt -0.00163758 -0.000517633
vn 0.829657 -0.55763 -0.0268016
vt -0.00174051 0.000126207
vt -0.00240784 0.000154585
f 141/314/179 140/315/179 117/316/179

vt -0.00114135 -0.000886136
vn 0.758375 -0.499612 0.418634
vt -0.000550715 -0.00125468
v 171.743 116.316 -193.267
vt -0.000363635 -0.000639796
f 140/317/180 141/318/180 142/319/180

vt -0.000132566 -0.00133752
vn 0.807997 -0.377121 0.452681
v 171.826 116.691 -193.104
vt 0.000358047 -0.000642916
vt -8.75548e-05 -0.000700928
f 141/320/181 143/321/181 142/322/181

vt -1.23034e-05 -0.00135948
vn 0.829221 -0.341389 0.442546
v 172.173 116.915 -193.581
vt 0.000655328 -0.00122348
vt 0.000432673 -0.00064
f 141/323/182 144/324/182 143/325/182

vt 0.00126716 -0.00105464
vn 0.968099 -0.223391 0.113492
vt 0.000713108 -0.00141909
vt 0.000986457 -0.00198312
f 144/326/183 141/327/183 115/328/183

vt -0.0015494 -0.000679522
vn 0.806588 -0.5905 0.0269391
vt -0.00240207 -9.49888e-05
vt -0.00214348 -0.000977674
f 141/329/184 117/330/184 115/331/184

vt 0.00130876 -0.00101441
vn 0.969851 -0.217367 0.110186
vt 0.00106381 -0.00195119
vt 0.00181053 -0.00142231
f 144/332/185 115/333/185 113/334/185

v 172.041 117.411 -193.111
vt 0.00173111 0.000306437
vn 0.966683 0.0161419 0.255468
vt 0.00167463 -0.000373025
vt 0.00231666 -0.000557923
f 145/335/186 144/336/186 113/337/186

vt 0.00117543 -0.000983234
vn 0.887277 -0.169378 0.429011
vt 0.00157804 -0.000408137
v 171.811 116.999 -192.799
vt 0.00104191 -0.000144709
f 144/338/187 145/339/187 146/340/187

vt -0.000339884 -0.00142128
vn 0.87884 -0.476826 0.0166635
v 171.882 117.143 -192.414
vt 0.000224444 -0.000877925
vt -0.00022438 -0.000877925
f 145/341/188 147/342/188 146/343/188

vt -0.000339931 -0.00142127
vn 0.878836 -0.476834 0.0166597
v 172.147 117.629 -192.528
vt 0.000339887 -0.00142127
vt 0.000224413 -0.000877926
f 145/344/189 148/345/189 147/346/189

vt -0.000339887 0.001582
vn 0.981149 -0.147306 -0.125087
vt 0.000339931 0.001582
vt 0.000470196 0.00218169
f 148/347/190 145/348/190 111/349/190

vt 0.00168967 0.000499393
vn 0.96612 0.0872035 0.242915
vt 0.00238447 -0.00029551
vt 0.00233749 0.000666191
f 145/350/191 113/351/191 111/352/191

vt -0.000339874 0.001582
vn 0.98115 -0.147305 -0.125086
vt 0.000470213 0.00218168
vt -0.000470186 0.00218168
f 148/353/192 111/354/192 109/355/192

v 172.478 117.534 -191.922
vn 0.847681 -0.197153 -0.492512
f 149/281/193 148/282/193 109/283/193

vn 0.661635 -0.596878 -0.453847
v 172.027 117.1 -192.008
f 148/284/194 149/285/194 150/286/194

vn 0.687728 -0.649722 -0.32387
v 172.044 116.928 -191.628
f 149/287/195 151/288/195 150/289/195

vn 0.667387 -0.652332 -0.359245
v 172.525 117.267 -191.348
f 149/290/196 152/291/196 151/292/196

vn 0.905735 -0.350333 -0.238559
f 152/293/197 149/294/197 107/295/197

vn 0.811459 -0.247606 -0.529363
f 149/296/198 109/297/198 107/298/198

vn 0.903134 -0.35296 -0.244474
f 152/299/199 107/300/199 105/301/199

v 172.237 116.881 -190.89
vn 0.836033 -0.544351 0.0687839
f 153/263/200 152/264/200 105/265/200

vn 0.684273 -0.710017 -0.166272
v 171.9 116.66 -191.329
f 152/266/201 153/267/201 154/268/201

vn 0.792322 -0.494474 -0.35738
v 171.749 116.301 -191.167
f 153/269/202 155/270/202 154/271/202

vn 0.796876 -0.552933 -0.243421
v 171.948 116.354 -190.64
f 153/272/203 156/273/203 155/274/203

vn 0.888521 -0.452837 0.0739568
f 156/275/204 153/276/204 103/277/204

vn 0.83457 -0.533664 0.13673
f 153/260/205 105/261/205 103/262/205

vn 0.885402 -0.456168 0.0892959
f 156/278/206 103/279/206 102/280/206

v 172.063 115.668 -190.667
vn 0.985255 0.16758 -0.0345011
f 157/281/207 156/282/207 102/283/207

vn 0.871325 0.1649 -0.46217
v 171.754 115.868 -191.179
f 156/284/208 157/285/208 158/286/208

vn 0.860661 0.0302606 -0.508278
v 171.67 115.492 -191.343
f 157/287/209 159/288/209 158/289/209

vn 0.854356 0.0701082 -0.514937
f 157/290/210 129/291/210 159/292/210

vn 0.979826 -0.10135 -0.172245
v 172.153 115.514 -190.067
f 129/293/211 157/294/211 160/295/211

vn 0.973285 0.210725 -0.0911644
f 157/296/212 102/297/212 160/298/212

vn 0.719099 0.124232 0.683713
f 102/227/213 58/228/213 160/229/213

vt 0.000254967 0.0021959
vn 0.647653 -0.395933 0.650985
vt -0.000727411 0.00131743
vt 0.000207337 0.00145604
f 58/356/214 59/357/214 160/358/214

vn 0.9799 -0.0951074 -0.175356
f 129/299/215 160/300/215 59/301/215

vt 0.000247621 -0.00132516
vn 0.833841 0.0158961 -0.551776
vt 0.00058678 -0.000530497
vt 0.000163489 -0.000691825
f 129/359/216 130/360/216 159/361/216

v 171.342 115.74 -191.904
vt 0.000320816 -5.9469e-05
vn 0.855111 -0.0396187 -0.51693
vt 0.000225327 -0.000734482
vt 0.000639851 -0.000555376
f 161/362/217 159/363/217 130/364/217

vt 7.36529e-05 -0.000191749
vn 0.934898 0.0759427 -0.346696
vt 0.00014697 -0.000762151
vt 0.000572379 -0.000618669
f 161/365/218 130/366/218 131/367/218

v 171.452 116.062 -191.676
vt -0.00018396 -9.00479e-05
vn 0.85999 0.0308889 -0.509376
vt -0.000367246 -0.000665709
vt 7.78816e-05 -0.000726646
f 162/368/219 158/369/219 159/370/219

vt -0.00141411 -0.000718661
vn 0.935401 0.0185186 -0.353104
vt -0.000605471 -0.000679646
vt -0.000933677 -0.000378033
f 156/371/220 158/372/220 155/373/220

v 171.493 116.26 -191.708
vt -0.000391528 -5.69585e-06
vn 0.902764 0.0202775 -0.429658
vt -0.000836091 -0.000431541
vt -0.000470107 -0.000694909
f 163/374/221 155/375/221 158/376/221

v 171.536 116.436 -191.782
vt 7.43051e-05 -0.000165885
vn 0.778388 -0.499138 -0.380754
vt 0.000158762 -0.000770166
vt 0.000582669 -0.000623065
f 164/377/222 154/378/222 155/379/222

vn 0.65942 -0.688664 -0.301509
f 152/359/223 154/360/223 151/361/223

v 171.565 116.572 -191.919
vt 8.73305e-05 -6.76024e-05
vn 0.677501 -0.678565 -0.283799
vt 0.000186478 -0.000709736
vt 0.000606665 -0.000541855
f 165/380/224 151/381/224 154/382/224

v 171.571 116.649 -192.098
vt -0.000174022 -6.7873e-05
vn 0.696626 -0.641787 -0.320659
vt -0.000371701 -0.00067555
vt 7.3187e-05 -0.000737909
f 166/383/225 150/384/225 151/385/225

vn 0.790307 -0.511519 -0.337287
f 148/371/226 150/372/226 147/373/226

v 171.555 116.654 -192.292
vn 0.744953 -0.580738 -0.328313
f 167/374/227 147/375/227 150/376/227

v 171.522 116.587 -192.472
vt -0.000105113 -0.00023501
vn 0.835797 -0.546698 0.0506394
vt -0.00022438 -0.000811604
vt 0.000224444 -0.000811604
f 168/386/228 146/387/228 147/388/228

vt 0.000529904 -0.00126872
vn 0.824309 -0.377113 0.422256
vt 0.000742579 -0.000443773
vt 0.000349863 -0.000673252
f 144/389/229 146/390/229 143/391/229

v 171.476 116.457 -192.611
vt 0.000170924 -6.94552e-05
vn 0.83148 -0.36947 0.414888
vt 0.000364976 -0.00067807
vt 0.00075465 -0.000444358
f 169/392/230 143/393/230 146/394/230

v 171.425 116.285 -192.686
vt -3.69954e-05 -7.60841e-05
vn 0.822613 -0.370904 0.430973
vt -7.90895e-05 -0.00072339
vt 0.000366103 -0.000662846
f 170/395/231 142/396/231 143/397/231

vt -0.00101946 -0.00105332
vn 0.833207 -0.430742 0.346737
vt -0.000264894 -0.000753461
vt -0.000673105 -0.000562805
f 140/398/232 142/399/232 139/400/232

v 171.369 116.098 -192.687
vt -0.000304294 -3.59845e-05
vn 0.825063 -0.426205 0.370972
vt -0.000649807 -0.000558166
vt -0.000237103 -0.000740678
f 171/401/233 139/402/233 142/403/233

v 171.327 115.902 -192.644
vt -0.000112561 -0.000183028
vn 0.940797 -0.0918797 0.326282
vt -0.00022438 -0.000748258
vt 0.000224444 -0.000748258
f 172/404/234 138/405/234 139/406/234

vn 0.954743 0.242924 0.17162
f 136/359/235 138/360/235 135/361/235

v 171.304 115.755 -192.497
vt 8.69627e-05 -9.08536e-05
vn 0.958241 0.235173 0.162687
vt 0.000173676 -0.000700086
vt 0.000595614 -0.000535863
f 173/407/236 135/408/236 138/409/236

v 171.294 115.673 -192.306
vn 0.961826 0.19541 0.191586
f 174/368/237 134/369/237 135/370/237

vn 0.980587 0.0224981 0.194787
f 132/371/238 134/372/238 131/373/238

v 171.305 115.668 -192.097
vt -0.000414955 -2.9249e-05
vn 0.975297 0.113955 0.189235
vt -0.000826737 -0.00043446
vt -0.000457721 -0.00069432
f 175/410/239 131/411/239 134/412/239

vt 0.00072573 0.00172523
vn 0.00110794 -0.950933 0.309394
vt -0.000452908 0.00154723
vt 0.000702599 0.00135073
f 61/413/240 126/414/240 60/415/240

vn 0.0537129 -0.949492 0.30916
f 61/203/241 66/204/241 126/205/241

vn -0.192993 -0.90838 0.370944
f 62/200/242 66/201/242 61/202/242

vn 0.0264465 -0.995406 0.0920205
f 66/206/243 124/207/243 126/208/243

vn -0.0607512 -0.997321 0.0407509
f 66/110/244 67/111/244 124/112/244

vn -0.0701534 -0.925365 -0.37253
f 67/113/245 122/114/245 124/115/245

vn -0.0750869 -0.924016 -0.374907
f 67/86/246 72/87/246 122/88/246

vn -0.251352 -0.887421 -0.386403
f 68/89/247 72/90/247 67/91/247

vn -0.0330782 -0.650905 -0.758438
f 72/124/248 120/122/248 122/123/248

vn 0.00165959 -0.656479 -0.754342
f 72/126/249 73/127/249 120/125/249

vt 0.000597295 0.00173626
vn 0.0577114 -0.396668 -0.916146
vt -0.000578322 0.00136158
vt 0.000578252 0.00136158
f 73/416/250 118/417/250 120/418/250

vt 0.000597516 0.00173576
vn 0.0575281 -0.396567 -0.916201
vt -0.000597098 0.00173576
vt -0.000578107 0.0013611
f 73/419/251 78/420/251 118/421/251

vt 0.000599667 0.00157361
vn -0.143497 -0.351533 -0.925113
vt -0.000597098 0.0012089
vt 0.000597516 0.0012089
f 74/422/252 78/423/252 73/424/252

vt 0.000336529 0.00175151
vn 0.132186 -0.117425 -0.984245
vt -0.000826452 0.000990753
vt 0.000325825 0.00137658
f 78/425/253 116/426/253 118/427/253

vt 0.000414137 0.00166453
vn 0.105337 -0.0847393 -0.99082
vt -0.000778285 0.00133672
vt -0.00075348 0.000909646
f 78/428/254 79/429/254 116/430/254

vt 0.00066847 0.00134606
vn 0.234498 0.351717 -0.906259
vt -0.000509033 0.00104238
vt 0.000647216 0.000918826
f 79/431/255 114/432/255 116/433/255

vt 0.000664346 0.00135805
vn 0.238559 0.348905 -0.906286
vt -0.000529922 0.00147525
vt -0.000513062 0.00105407
f 79/434/256 84/435/256 114/436/256

vt 0.000607018 0.00129702
vn 0.0578228 0.388967 -0.919435
vt -0.000589726 0.000993101
vt 0.000604837 0.000878402
f 80/437/257 84/438/257 79/439/257

vt 0.000857425 0.00144852
vn 0.348028 0.686252 -0.638698
vt -0.000322008 0.00148247
vt 0.000830146 0.00102779
f 84/440/258 112/441/258 114/442/258

vt 0.000865442 0.00164324
vn 0.42253 0.651433 -0.630162
vt -0.000324261 0.00198997
vt -0.000313966 0.0016779
f 84/443/259 85/444/259 112/445/259

vt 0.000597295 0.0019709
vn 0.477259 0.791012 -0.382783
vt -0.000578322 0.00165916
vt 0.000578252 0.00165916
f 85/446/260 110/447/260 112/448/260

vt 0.000597516 0.00197033
vn 0.477062 0.791159 -0.382725
vt -0.000597098 0.00197033
vt -0.000578107 0.00165862
f 85/449/261 90/450/261 110/451/261

vt 0.000599667 0.00165028
vn 0.2498 0.891304 -0.378387
vt -0.000597098 0.00135078
vt 0.000597516 0.00135078
f 86/452/262 90/453/262 85/454/262

vn 0.516471 0.845483 -0.135708
f 90/206/263 108/207/263 110/208/263

vn 0.451196 0.889502 -0.0721692
f 90/110/264 91/111/264 108/112/264

vn 0.467956 0.815514 0.340519
f 91/113/265 106/114/265 108/115/265

vn 0.463442 0.816775 0.343657
f 91/86/266 96/87/266 106/88/266

vn 0.297155 0.874772 0.382717
f 92/89/267 96/90/267 91/91/267

vn 0.416728 0.544962 0.727567
f 96/124/268 104/122/268 106/123/268

vn 0.448392 0.5322 0.718128
f 96/126/269 97/127/269 104/125/269

vn 0.376205 0.236518 0.89584
f 97/413/270 101/414/270 104/415/270

vn 0.0111633 0.383093 0.923642
f 56/146/271 100/147/271 55/148/271

vn -0.107501 -0.372443 0.921808
f 53/149/272 54/150/272 63/151/272

g Mesh3 Object_3_1 skpE254_1 Model

v 156.755 119.135 -190.34
vt 0.000266076 0.0111988
vn -0.77316 -0.534492 0.341382
v 156.671 118.965 -190.796
vt -0.000266213 0.0111988
v 157.327 118.059 -190.729
vt -0.000415762 0.0101116
f 176/455/273 177/456/273 178/457/273

vt 0.000266124 0.0111987
vn -0.81071 -0.583793 0.0439866
v 157.271 118.08 -191.498
vt -0.000415697 0.0101115
vt 0.000415622 0.0101115
f 177/458/274 179/459/274 178/460/274

vt 0.000266213 0.0111984
vn -0.810732 -0.583767 0.0439364
v 156.635 118.978 -191.289
vt -0.000266076 0.0111984
vt -0.000415556 0.0101112
f 177/461/275 180/462/275 179/463/275

vt 0.000266137 0.0111985
vn -0.816668 -0.518843 -0.252695
v 157.298 118.383 -192.207
vt -0.000415741 0.0101112
vt 0.000415656 0.0101112
f 180/464/276 181/465/276 179/466/276

vt 0.000265997 0.0111989
vn -0.816645 -0.51891 -0.252634
v 156.652 119.172 -191.743
vt -0.000266344 0.0111989
vt -0.000415959 0.0101118
f 180/467/277 182/468/277 181/469/277

vt 0.000266204 0.0111988
vn -0.79008 -0.349559 -0.50357
v 157.403 118.923 -192.748
vt -0.000415656 0.0101116
vt 0.000415741 0.0101116
f 182/470/278 183/471/278 181/472/278

vt 0.000266344 0.0111983
vn -0.790096 -0.349473 -0.503603
v 156.72 119.518 -192.089
vt -0.000265997 0.0111983
vt -0.000415437 0.0101111
f 182/473/279 184/474/279 183/475/279

vt 0.000266166 0.0111985
vn -0.735075 -0.101678 -0.670318
v 157.572 119.618 -193.038
vt -0.000415622 0.0101113
vt 0.000415697 0.0101113
f 184/476/280 185/477/280 183/478/280

vn -0.735068 -0.101738 -0.670317
v 156.828 119.963 -192.275
f 184/455/281 186/456/281 185/457/281

vn -0.659961 0.186975 -0.727662
v 157.777 120.362 -193.034
f 186/458/282 187/459/282 185/460/282

vn -0.659968 0.187031 -0.727641
v 156.96 120.439 -192.272
f 186/461/283 188/462/283 187/463/283

vn -0.576222 0.472563 -0.666822
v 157.989 121.041 -192.735
f 188/464/284 189/465/284 187/466/284

vn -0.576209 0.472493 -0.666883
v 157.095 120.874 -192.081
f 188/467/285 190/468/285 189/469/285

vn -0.496526 0.711599 -0.49708
v 158.174 121.553 -192.188
f 190/470/286 191/471/286 189/472/286

vn -0.496545 0.711642 -0.496999
v 157.214 121.202 -191.73
f 190/473/287 192/474/287 191/475/287

vn -0.433131 0.867603 -0.244259
v 158.305 121.819 -191.475
f 192/476/288 193/477/288 191/478/288

vn -0.433113 0.867596 -0.244316
v 157.297 121.372 -191.274
f 192/455/289 194/456/289 193/457/289

vn -0.395573 0.9169 0.0530805
v 158.361 121.798 -190.706
f 194/458/290 195/459/290 193/460/290

vn -0.395596 0.916886 0.0531343
v 157.334 121.359 -190.782
f 194/461/291 196/462/291 195/463/291

vn -0.389652 0.85196 0.349765
v 158.335 121.495 -189.997
f 196/464/292 197/465/292 195/466/292

vn -0.389606 0.852008 0.349699
v 157.316 121.165 -190.328
f 196/467/293 198/468/293 197/469/293

vn -0.416186 0.682661 0.600636
v 158.229 120.955 -189.456
f 198/470/294 199/471/294 197/472/294

vn -0.416239 0.682594 0.600675
v 157.249 120.819 -189.981
f 198/473/295 200/474/295 199/475/295

vn -0.471243 0.434795 0.767388
v 158.061 120.26 -189.166
f 200/476/296 201/477/296 199/478/296

vn -0.471206 0.434842 0.767383
v 157.141 120.374 -189.795
f 200/455/297 202/456/297 201/457/297

vn -0.546322 0.146132 0.824729
v 157.855 119.516 -189.17
f 202/458/298 203/459/298 201/460/298

vn -0.54636 0.146088 0.824712
v 157.009 119.898 -189.798
f 202/461/299 204/462/299 203/463/299

vn -0.630098 -0.139446 0.763892
v 157.643 118.837 -189.469
f 204/464/300 205/465/300 203/466/300

vn -0.630042 -0.139395 0.763948
v 156.874 119.463 -189.99
f 204/467/301 206/468/301 205/469/301

vn -0.70974 -0.378497 0.594146
v 157.458 118.325 -190.016
f 206/470/302 207/471/302 205/472/302

vn -0.70979 -0.378521 0.594071
f 206/473/303 176/474/303 207/475/303

vn -0.773187 -0.534487 0.341329
f 176/476/304 178/477/304 207/478/304

vt 0.000415697 0.0112521
vn -0.698502 -0.61896 0.359144
vt -0.000415622 0.0112521
v 157.978 117.346 -190.693
vt -0.000525764 0.0103121
f 207/479/305 178/480/305 208/481/305

vt 0.000415737 0.0112521
vn -0.739242 -0.672456 0.0363757
v 157.907 117.371 -191.666
vt -0.00052576 0.0103122
vt 0.000525909 0.0103122
f 178/482/306 209/483/306 208/484/306

vt 0.000415622 0.0112525
vn -0.739211 -0.672489 0.0364191
vt -0.000415697 0.0112525
vt -0.000525905 0.0103126
f 178/485/307 179/486/307 209/487/307

vt 0.000415676 0.0112523
vn -0.745674 -0.601998 -0.285601
v 157.941 117.755 -192.563
vt -0.00052588 0.0103124
vt 0.000525766 0.0103124
f 179/488/308 210/489/308 209/490/308

vt 0.000415656 0.0112524
vn -0.74567 -0.602006 -0.285596
vt -0.000415741 0.0112524
vt -0.000525905 0.0103124
f 179/491/309 181/492/309 210/493/309

vt 0.000415721 0.0112524
vn -0.716836 -0.418248 -0.557866
v 158.074 118.438 -193.247
vt -0.000525766 0.0103124
vt 0.00052588 0.0103124
f 181/494/310 211/495/310 210/496/310

vt 0.000415741 0.0112523
vn -0.71684 -0.418239 -0.557868
vt -0.000415656 0.0112523
vt -0.000525741 0.0103124
f 181/497/311 183/498/311 211/499/311

vt 0.000415582 0.0112524
vn -0.657116 -0.149266 -0.738863
v 158.287 119.317 -193.614
vt -0.000525909 0.0103125
vt 0.00052576 0.0103125
f 183/500/312 212/501/312 211/502/312

vn -0.657136 -0.149207 -0.738857
f 183/479/313 185/480/313 212/481/313

vn -0.575612 0.164135 -0.801081
v 158.548 120.258 -193.608
f 185/482/314 213/483/314 212/484/314

vn -0.575592 0.164081 -0.801107
f 185/485/315 187/486/315 213/487/315

vn -0.484697 0.474058 -0.735076
v 158.815 121.118 -193.231
f 187/488/316 214/489/316 213/490/316

vn -0.484693 0.474051 -0.735084
f 187/491/317 189/492/317 214/493/317

vn -0.398227 0.733483 -0.550834
v 159.05 121.765 -192.538
f 189/494/318 215/495/318 214/496/318

vn -0.398232 0.733487 -0.550825
f 189/497/319 191/498/319 215/499/319

vn -0.329386 0.902808 -0.276483
v 159.215 122.101 -191.637
f 191/500/320 216/501/320 215/502/320

vn -0.329418 0.902813 -0.276429
f 191/479/321 193/480/321 216/481/321

vn -0.288669 0.956307 0.0463382
v 159.287 122.075 -190.664
f 193/482/322 217/483/322 216/484/322

vn -0.288632 0.956321 0.0462893
f 193/485/323 195/486/323 217/487/323

vn -0.282199 0.885838 0.368312
v 159.253 121.692 -189.767
f 195/488/324 218/489/324 217/490/324

vn -0.282192 0.885843 0.368306
f 195/491/325 197/492/325 218/493/325

vn -0.311027 0.702086 0.640576
v 159.119 121.008 -189.083
f 197/494/326 219/495/326 218/496/326

vn -0.311035 0.702079 0.640579
f 197/497/327 199/498/327 219/499/327

vn -0.370735 0.4331 0.821572
v 158.906 120.129 -188.716
f 199/500/328 220/501/328 219/502/328

vn -0.370783 0.43306 0.821571
f 199/479/329 201/480/329 220/481/329

vn -0.452299 0.119716 0.883795
v 158.646 119.189 -188.721
f 201/482/330 221/483/330 220/484/330

vn -0.452251 0.119751 0.883815
f 201/485/331 203/486/331 221/487/331

vn -0.543177 -0.190218 0.817787
v 158.378 118.329 -189.099
f 203/488/332 222/489/332 221/490/332

vn -0.543169 -0.190214 0.817794
f 203/491/333 205/492/333 222/493/333

vn -0.629636 -0.449646 0.633544
v 158.144 117.682 -189.791
f 205/494/334 223/495/334 222/496/334

vn -0.629643 -0.449646 0.633536
f 205/497/335 207/498/335 223/499/335

vn -0.698464 -0.618974 0.359192
f 207/500/336 208/501/336 223/502/336

v 158.412 116.965 -190.684
vt -0.00057969 0.0107365
vn -0.616002 -0.694287 0.372166
vt 0.00052576 0.0112987
vt -0.000525909 0.0112987
f 224/503/337 223/504/337 208/505/337

vt -0.000579645 0.0107363
vn -0.616023 -0.694276 0.372151
v 158.594 117.336 -189.691
vt 0.000579577 0.0107363
vt 0.000525801 0.0112985
f 224/506/338 225/507/338 223/508/338

v 158.914 116.733 -190.709
vt -0.000598947 0.0120691
vn -0.371855 -0.845282 0.383694
vt 0.000579577 0.0126104
vt -0.000579645 0.0126104
f 226/509/339 225/510/339 224/511/339

vt -0.000599112 0.0120696
vn -0.371749 -0.845307 0.383743
v 159.102 117.116 -189.683
vt 0.000598711 0.0120696
vt 0.000579417 0.0126109
f 226/512/340 227/513/340 225/514/340

v 159.324 117.084 -189.718
vt 0.000591776 0.0127221
vn -0.078291 -0.929198 0.361194
vt 0.000598711 0.0129437
vt -0.000599112 0.0129437
f 228/515/341 227/516/341 226/517/341

vt -0.000591943 0.0127221
vn 0.00228898 -0.730868 0.682515
v 159.369 117.853 -188.894
vt 0.000598823 0.0129436
vt -0.00059893 0.0129436
f 228/518/342 229/519/342 227/520/342

vt -0.000592026 0.0127222
vn 0.00242647 -0.730872 0.682511
v 159.588 117.812 -188.939
vt 0.000591774 0.0127222
vt 0.000598739 0.0129438
f 228/521/343 230/522/343 229/523/343

vt -0.000598739 0.0129438
vn 0.103657 -0.427141 0.898223
vt -0.000591774 0.0127222
v 159.889 118.78 -188.514
vt 0.000592026 0.0127222
f 229/524/344 230/525/344 231/526/344

vt -0.000598823 0.0129436
vn 0.103536 -0.427089 0.898262
vt 0.000591943 0.0127221
v 159.674 118.832 -188.464
vt 0.00059893 0.0129436
f 229/527/345 231/528/345 232/529/345

v 160.182 119.839 -188.507
vt 0.000591764 0.0127221
vn 0.210064 -0.0639964 0.975591
vt -0.000599069 0.0129437
vt -0.000592131 0.0127221
f 233/530/346 232/531/346 231/532/346

vt 0.000592119 0.0127226
vn 0.210574 -0.064259 0.975464
v 159.971 119.904 -188.458
vt 0.000599112 0.0129442
vt -0.000598711 0.0129442
f 233/533/347 234/534/347 232/535/347

v 160.422 120.828 -188.921
vt 0.000592131 0.0127226
vn 0.306053 0.302719 0.902603
vt -0.000598753 0.0129442
vt -0.000591764 0.0127226
f 235/536/348 234/537/348 233/538/348

vn 0.305546 0.303005 0.902679
v 160.214 120.905 -188.876
f 235/515/349 236/516/349 234/517/349

v 160.573 121.597 -189.691
vt 0.000591774 0.0127221
vn 0.375444 0.618068 0.690676
vt -0.000599014 0.0129436
vt -0.000592026 0.0127221
f 237/539/350 236/540/350 235/541/350

vt 0.000591857 0.0127222
vn 0.375564 0.618 0.690672
v 160.366 121.683 -189.655
vt 0.000598823 0.0129438
vt -0.00059893 0.0129438
f 237/542/351 238/543/351 236/544/351

v 160.611 122.029 -190.7
vn 0.409327 0.833156 0.371891
f 239/526/352 238/524/352 237/525/352

vn 0.409205 0.833219 0.371884
v 160.404 122.12 -190.677
f 239/528/353 240/529/353 238/527/353

v 160.53 122.058 -191.796
vn 0.401685 0.915762 -0.00533566
f 241/530/354 240/531/354 239/532/354

vn 0.402219 0.915528 -0.00526262
v 160.323 122.149 -191.785
f 241/533/355 242/534/355 240/535/355

v 160.344 121.68 -192.811
vn 0.354507 0.85289 -0.383281
f 243/536/356 242/537/356 241/538/356

vn 0.353958 0.853075 -0.383376
v 160.135 121.766 -192.812
f 243/515/357 244/516/357 242/517/357

v 160.08 120.951 -193.59
vn 0.27329 0.654749 -0.70471
f 245/539/358 244/540/358 243/541/358

vn 0.273422 0.654718 -0.704688
v 159.868 121.029 -193.6
f 245/542/359 246/543/359 244/544/359

v 159.779 119.984 -194.015
vn 0.172185 0.350969 -0.92042
f 247/526/360 246/524/360 245/525/360

vn 0.17205 0.350988 -0.920438
v 159.563 120.05 -194.03
f 247/528/361 248/529/361 246/527/361

v 159.486 118.925 -194.022
vn 0.0655959 -0.0121253 -0.997773
f 249/530/362 248/531/362 247/532/362

vn 0.0661805 -0.0121649 -0.997734
v 159.266 118.979 -194.037
f 249/533/363 250/534/363 248/535/363

v 159.246 117.935 -193.608
vn -0.0292921 -0.379144 -0.924874
f 251/536/364 250/537/364 249/538/364

vn -0.029879 -0.379128 -0.924862
v 159.024 117.978 -193.619
f 251/515/365 252/516/365 250/517/365

v 159.096 117.166 -192.838
vn -0.0998598 -0.694169 -0.712852
f 253/539/366 252/540/366 251/541/366

vn -0.0997231 -0.694172 -0.712868
v 158.871 117.199 -192.839
f 253/542/367 254/543/367 252/544/367

v 159.057 116.734 -191.829
vn -0.133485 -0.909328 -0.394088
f 255/526/368 254/524/368 253/525/368

vn -0.133619 -0.90932 -0.394059
v 158.833 116.762 -191.818
f 255/528/369 256/529/369 254/527/369

v 159.138 116.705 -190.733
vn -0.126025 -0.991884 -0.0168461
f 257/530/370 256/531/370 255/532/370

vn -0.125464 -0.991952 -0.0170072
f 257/533/371 226/534/371 256/535/371

vn -0.0777458 -0.929315 0.36101
f 228/536/372 226/537/372 257/538/372

vt -0.000598711 0.0120691
vn -0.419439 -0.907758 0.00672793
vt 0.000599112 0.0120691
vt 0.000579805 0.0126104
f 256/545/373 226/546/373 224/547/373

vt -0.000598875 0.0120696
vn -0.419339 -0.907804 0.00677349
vt 0.000579645 0.0126109
v 158.333 116.994 -191.757
vt -0.000579577 0.0126109
f 256/548/374 224/549/374 258/550/374

vt -0.000579577 0.0107365
vn -0.659392 -0.75126 0.0284681
vt 0.000579645 0.0107365
vt 0.000525868 0.0112987
f 258/551/375 224/552/375 208/553/375

vt -0.000579531 0.0107363
vn -0.659412 -0.751243 0.028456
vt 0.000525909 0.0112985
vt -0.00052576 0.0112985
f 258/554/376 208/555/376 209/556/376

v 158.371 117.416 -192.746
vt -0.000579767 0.0107363
vn -0.66628 -0.676217 -0.314328
vt 0.000579439 0.0107363
vt 0.000525679 0.0112984
f 259/557/377 258/558/377 209/559/377

vt -0.000599043 0.0120703
vn -0.426747 -0.825579 -0.369197
vt 0.000579439 0.0126116
vt -0.000579767 0.0126116
f 254/560/378 258/561/378 259/562/378

vt -0.000598823 0.0120696
vn -0.426873 -0.825493 -0.369244
vt 0.00059893 0.0120696
vt 0.000579652 0.0126109
f 254/563/379 256/564/379 258/565/379

vt -0.00059893 0.0120703
vn -0.393084 -0.611021 -0.687123
vt 0.000598823 0.0120703
vt 0.000579554 0.0126115
f 252/566/380 254/567/380 259/568/380

vt -0.00059871 0.0120696
vn -0.393203 -0.610918 -0.687146
vt 0.000579767 0.0126109
v 158.518 118.17 -193.5
vt -0.000579439 0.0126109
f 252/569/381 259/570/381 260/571/381

vt -0.000579439 0.0107359
vn -0.635613 -0.480513 -0.604238
vt 0.000579767 0.0107359
vt 0.000525968 0.011298
f 260/572/382 259/573/382 210/574/382

vt -0.00057967 0.0107358
vn -0.666318 -0.676172 -0.314343
vt 0.000525766 0.011298
vt -0.00052588 0.011298
f 259/575/383 209/576/383 210/577/383

vt -0.000579535 0.0107363
vn -0.635577 -0.480562 -0.604237
vt 0.00052588 0.0112985
vt -0.000525766 0.0112985
f 260/578/384 210/579/384 211/580/384

v 158.753 119.139 -193.905
vn -0.571994 -0.194158 -0.796948
f 261/506/385 260/507/385 211/508/385

vn -0.323569 -0.296806 -0.898448
f 250/509/386 260/510/386 261/511/386

vn -0.323482 -0.296889 -0.898452
f 250/512/387 252/513/387 260/514/387

vn -0.228358 0.0691518 -0.971118
f 248/545/388 250/546/388 261/547/388

vn -0.228272 0.0690724 -0.971144
v 159.04 120.176 -193.898
f 248/548/389 261/549/389 262/550/389

vn -0.485172 0.139481 -0.863222
f 262/551/390 261/552/390 212/553/390

vn -0.571977 -0.19418 -0.796954
f 261/503/391 211/504/391 212/505/391

vn -0.485189 0.1395 -0.86321
f 262/554/392 212/555/392 213/556/392

v 159.335 121.123 -193.482
vn -0.388421 0.46946 -0.792929
f 263/557/393 262/558/393 213/559/393

vn -0.122008 0.430932 -0.894098
f 246/560/394 262/561/394 263/562/394

vn -0.122124 0.431023 -0.894038
f 246/563/395 248/564/395 262/565/395

vn -0.0210457 0.733867 -0.678967
f 244/566/396 246/567/396 263/568/396

vn -0.0211666 0.733936 -0.678889
v 159.593 121.836 -192.719
f 244/569/397 263/570/397 264/571/397

vn -0.296393 0.745715 -0.596708
f 264/572/398 263/573/398 214/574/398

vn -0.388459 0.46949 -0.792892
f 263/575/399 213/576/399 214/577/399

vn -0.296351 0.745698 -0.59675
f 264/578/400 214/579/400 215/580/400

v 159.776 122.207 -191.725
vn -0.223059 0.925983 -0.304631
f 265/506/401 264/507/401 215/508/401

vn 0.0591064 0.931646 -0.358528
f 242/509/402 264/510/402 265/511/402

vn 0.0592021 0.931615 -0.358593
f 242/512/403 244/513/403 264/514/403

vn 0.106694 0.994121 0.0184381
f 240/545/404 242/546/404 265/547/404

vn 0.106796 0.994111 0.0183762
v 159.854 122.179 -190.653
f 240/548/405 265/549/405 266/550/405

vn -0.179649 0.982956 0.0390478
f 266/551/406 265/552/406 216/553/406

vn -0.223037 0.925982 -0.30465
f 265/503/407 215/504/407 216/505/407

vn -0.179672 0.982951 0.0390633
f 266/554/408 216/555/408 217/556/408

v 159.817 121.756 -189.664
vn -0.17281 0.907926 0.381848
f 267/557/409 266/558/409 217/559/409

vn 0.114461 0.911814 0.394326
f 238/560/410 266/561/410 267/562/410

vn 0.114317 0.911803 0.394395
f 238/563/411 240/564/411 266/565/411

vn 0.0807934 0.697258 0.712253
f 236/566/412 238/567/412 267/568/412

vn 0.080643 0.69723 0.712297
v 159.67 121.003 -188.91
f 236/569/413 267/570/413 268/571/413

vn -0.203564 0.712246 0.671764
f 268/572/414 267/573/414 218/574/414

vn -0.172863 0.907906 0.38187
f 267/575/415 217/576/415 218/577/415

vn -0.203508 0.71227 0.671756
f 268/578/416 218/579/416 219/580/416

v 159.435 120.034 -188.505
vn -0.267088 0.425865 0.864467
f 269/506/417 268/507/417 219/508/417

vn 0.0108197 0.38317 0.923615
f 234/509/418 268/510/418 269/511/418

vn 0.0109355 0.383196 0.923602
f 234/512/419 236/513/419 268/514/419

vn -0.084388 0.0172107 0.996284
f 232/545/420 234/546/420 269/547/420

vn -0.0842712 0.0172344 0.996294
v 159.148 118.997 -188.512
f 232/548/421 269/549/421 270/550/421

vn -0.353869 0.0922141 0.930738
f 270/551/422 269/552/422 220/553/422

vn -0.267062 0.425875 0.86447
f 269/503/423 219/504/423 220/505/423

vn -0.353895 0.0922069 0.930729
f 270/554/424 220/555/424 221/556/424

v 158.853 118.049 -188.928
vn -0.450669 -0.237751 0.860449
f 271/557/425 270/558/425 221/559/425

vn -0.190278 -0.344696 0.919227
f 229/560/426 270/561/426 271/562/426

vn -0.190432 -0.344713 0.919189
f 229/563/427 232/564/427 270/565/427

vn -0.291245 -0.64763 0.704096
f 227/566/428 229/567/428 271/568/428

vn -0.291394 -0.647624 0.70404
f 227/569/429 271/570/429 225/571/429

vn -0.542784 -0.513982 0.664235
f 225/572/430 271/573/430 222/574/430

vn -0.450722 -0.237756 0.86042
f 271/575/431 221/576/431 222/577/431

vn -0.542734 -0.513991 0.664269
f 225/578/432 222/579/432 223/580/432

g Mesh4 Object_3_1 skpE254_1 Model

v 163.159 119.002 -188.822
vt 0.000576002 0.00939871
vn 0.0634638 -0.0236354 0.997704
v 163.009 119.043 -188.811
vt 0.000575673 0.00955063
v 162.724 118.013 -188.818
vt -0.000575604 0.00955063
f 272/581/433 273/582/433 274/583/433

v 163.392 119.965 -189.224
vt 0.000576178 0.00939871
vn 0.159922 0.347123 0.924084
vt -0.000575483 0.00955063
vt -0.000575813 0.00939871
f 275/584/434 273/585/434 272/586/434

vt 0.000575988 0.00939748
vn 0.159502 0.3473 0.92409
v 163.243 120.005 -189.213
vt 0.000575604 0.0095494
vt -0.000575673 0.0095494
f 275/587/435 276/588/435 273/589/435

v 163.539 120.713 -189.973
vt 0.000575994 0.00939723
vn 0.230087 0.665667 0.709892
vt -0.000575684 0.00954916
vt -0.000575992 0.00939723
f 277/590/436 276/591/436 275/592/436

vt 0.000575857 0.00939634
vn 0.22978 0.665784 0.709882
v 163.389 120.753 -189.962
vt 0.000575499 0.00954827
vt -0.000575821 0.00954827
f 277/593/437 278/594/437 276/595/437

v 163.576 121.134 -190.956
vt 0.000575992 0.00939634
vn 0.263892 0.883178 0.387761
vt -0.000575636 0.00954827
vt -0.000575994 0.00939634
f 279/596/438 278/597/438 277/598/438

vt 0.000576129 0.00939723
vn 0.264203 0.883076 0.387781
v 163.426 121.173 -190.944
vt 0.000575821 0.00954916
vt -0.000575499 0.00954916
f 279/599/439 280/600/439 278/601/439

v 163.498 121.162 -192.022
vt 0.000575813 0.00939748
vn 0.256656 0.96648 0.00660669
vt -0.000575794 0.0095494
vt -0.000576178 0.00939748
f 281/602/440 280/603/440 279/604/440

vn 0.257096 0.966363 0.00663721
v 163.348 121.201 -192.01
f 281/581/441 282/582/441 280/583/441

v 163.316 120.793 -193.009
vn 0.208887 0.90307 -0.375273
f 283/584/442 282/585/442 281/586/442

vn 0.208441 0.903164 -0.375297
v 163.167 120.833 -192.996
f 283/587/443 284/588/443 282/589/443

v 163.06 120.084 -193.768
vn 0.12689 0.702794 -0.699985
f 285/590/444 284/591/444 283/592/444

vn 0.126565 0.702847 -0.699991
v 162.91 120.125 -193.754
f 285/593/445 286/594/445 284/595/445

v 162.766 119.143 -194.181
vn 0.0242682 0.395915 -0.917966
f 287/596/446 286/597/446 285/598/446

vn 0.0245937 0.395872 -0.917976
v 162.617 119.184 -194.168
f 287/599/447 288/600/447 286/601/447

v 162.481 118.112 -194.188
vn -0.082927 0.028942 -0.996135
f 289/602/448 288/603/448 287/604/448

vn -0.0824761 0.0288856 -0.996174
v 162.332 118.154 -194.174
f 289/581/449 290/582/449 288/583/449

v 162.248 117.15 -193.785
vn -0.178935 -0.341873 -0.922554
f 291/584/450 290/585/450 289/586/450

vn -0.179382 -0.34181 -0.92249
v 162.099 117.192 -193.772
f 291/587/451 292/588/451 290/589/451

v 162.101 116.401 -193.036
vn -0.25014 -0.66013 -0.708279
f 293/590/452 292/591/452 291/592/452

vn -0.250458 -0.660074 -0.708218
v 161.953 116.444 -193.023
f 293/593/453 294/594/453 292/595/453

v 162.064 115.981 -192.054
vn -0.284569 -0.877467 -0.386097
f 295/596/454 294/597/454 293/598/454

vn -0.284256 -0.877538 -0.386167
v 161.916 116.023 -192.041
f 295/599/455 296/600/455 294/601/455

v 162.142 115.953 -190.988
vn -0.276536 -0.96099 -0.005007
f 297/602/456 296/603/456 295/604/456

vn -0.276108 -0.961113 -0.00510733
v 161.993 115.995 -190.976
f 297/581/457 298/582/457 296/583/457

v 162.324 116.321 -190
vn -0.227899 -0.89782 0.376803
f 299/584/458 298/585/458 297/586/458

vn -0.228321 -0.897674 0.376897
v 162.175 116.364 -189.989
f 299/587/459 300/588/459 298/589/459

v 162.58 117.03 -189.242
vn -0.146943 -0.697257 0.701599
f 301/590/460 300/591/460 299/592/460

vn -0.147243 -0.697137 0.701655
v 162.431 117.072 -189.231
f 301/593/461 302/594/461 300/595/461

v 162.874 117.971 -188.828
vn -0.044946 -0.390205 0.91963
f 303/596/462 302/597/462 301/598/462

vn -0.0446466 -0.390334 0.91959
f 303/599/463 274/600/463 302/601/463

vn 0.0630472 -0.0234523 0.997735
f 272/602/464 274/603/464 303/604/464

g Mesh5 Object_3_1 skpE254_1 Model

v 163.807 115.866 -190.091
vt -0.000586989 0.00832219
vn 0.103253 -0.74383 0.660345
v 164.973 115.802 -190.345
vt -0.000524199 0.00715495
v 165.206 116.448 -189.654
vt 0.000524458 0.00715495
f 304/605/465 305/606/465 306/607/465

vt 0.000524287 0.00715494
vn 0.0242872 -0.938064 0.34561
vt 0.0005871 0.00832218
v 163.622 115.49 -191.098
vt -0.000587144 0.00832218
f 305/608/466 304/609/466 307/610/466

v 163.339 115.949 -190.026
vt 0.000598107 0.00861712
vn -0.113889 -0.923765 0.365632
vt -0.000587144 0.00814841
vt 0.0005871 0.00814841
f 308/611/467 307/612/467 304/613/467

vt 0.000598306 0.00861684
vn -0.114047 -0.923763 0.365589
v 163.151 115.567 -191.051
vt -0.000597964 0.00861684
vt -0.000586949 0.00814814
f 308/614/468 309/615/468 307/616/468

vt 0.000598163 0.00861683
vn -0.161982 -0.986693 -0.0141333
v 163.542 115.519 -192.184
vt -0.0005871 0.00814813
vt 0.000587144 0.00814813
f 309/617/469 310/618/469 307/619/469

vt 0.000597964 0.00861711
vn -0.161829 -0.986718 -0.0140794
v 163.07 115.596 -192.158
vt -0.000598306 0.00861711
vt -0.000587295 0.0081484
f 309/620/470 311/621/470 310/622/470

vt 0.000598278 0.00861708
vn -0.169439 -0.903774 -0.393043
v 163.58 115.947 -193.186
vt -0.00058704 0.00814837
vt 0.000587217 0.00814837
f 311/623/471 312/624/471 310/625/471

vt 0.000598264 0.0086171
vn -0.169428 -0.903778 -0.393039
v 163.108 116.032 -193.178
vt -0.000598085 0.0086171
vt -0.000587054 0.00814838
f 311/626/472 313/627/472 312/628/472

vt 0.000598071 0.0086171
vn -0.13551 -0.687623 -0.71331
v 163.729 116.71 -193.95
vt -0.000587217 0.00814839
vt 0.00058704 0.00814839
f 313/629/473 314/630/473 312/631/473

vt 0.000598085 0.00861708
vn -0.13552 -0.687618 -0.713313
v 163.26 116.81 -193.957
vt -0.000598264 0.00861708
vt -0.000587204 0.00814837
f 313/632/474 315/633/474 314/634/474

vn -0.0652299 -0.371088 -0.926304
v 163.967 117.692 -194.36
f 315/611/475 316/612/475 314/613/475

vn -0.0653622 -0.370994 -0.926332
v 163.503 117.81 -194.374
f 315/614/476 317/615/476 316/616/476

vn 0.0305421 -0.00235985 -0.999531
v 164.258 118.742 -194.353
f 317/617/477 318/618/477 316/619/477

vn 0.0306697 -0.00246326 -0.999527
v 163.799 118.88 -194.368
f 317/620/478 319/621/478 318/622/478

vn 0.137636 0.362328 -0.921832
v 164.557 119.702 -193.931
f 319/623/479 320/624/479 318/625/479

vn 0.137645 0.362321 -0.921834
v 164.104 119.857 -193.938
f 319/626/480 321/627/480 320/628/480

vn 0.239356 0.66749 -0.7051
v 164.819 120.424 -193.159
f 321/629/481 322/630/481 320/631/481

vn 0.239347 0.667496 -0.705097
v 164.37 120.594 -193.15
f 321/632/482 323/633/482 322/634/482

vn 0.320369 0.866747 -0.382247
v 165.003 120.8 -192.152
f 323/611/483 324/612/483 322/613/483

vn 0.32024 0.866824 -0.382181
v 164.558 120.976 -192.125
f 323/614/484 325/615/484 324/616/484

vn 0.368172 0.929755 -0.00245835
v 165.083 120.771 -191.065
f 325/617/485 326/618/485 324/619/485

vn 0.368306 0.929701 -0.00253544
v 164.639 120.947 -191.018
f 325/620/486 327/621/486 326/622/486

vn 0.37588 0.846767 0.376431
v 165.045 120.343 -190.064
f 327/623/487 328/624/487 326/625/487

vn 0.375889 0.846765 0.376425
v 164.601 120.511 -189.998
f 327/626/488 329/627/488 328/628/488

vn 0.341971 0.63061 0.696696
v 164.896 119.58 -189.3
f 329/629/489 330/630/489 328/631/489

vn 0.341961 0.630611 0.696701
v 164.449 119.733 -189.22
f 329/632/490 331/633/490 330/634/490

vn 0.27171 0.314069 0.909689
v 164.658 118.598 -188.89
f 331/611/491 332/612/491 330/613/491

vn 0.271555 0.314056 0.90974
v 164.206 118.733 -188.802
f 331/614/492 333/615/492 332/616/492

vn 0.175648 -0.0545781 0.982939
v 164.367 117.548 -188.897
f 333/617/493 334/618/493 332/619/493

vn 0.175808 -0.0545541 0.982912
v 163.91 117.663 -188.808
f 333/620/494 335/621/494 334/622/494

vn 0.0688045 -0.419335 0.90522
v 164.068 116.588 -189.318
f 335/623/495 336/624/495 334/625/495

vn 0.068816 -0.419333 0.90522
v 163.606 116.685 -189.238
f 335/626/496 337/627/496 336/628/496

vn -0.0328945 -0.724503 0.688487
f 337/629/497 304/630/497 336/631/497

vn -0.0329059 -0.724504 0.688485
f 337/632/498 308/633/498 304/634/498

vt -0.000587217 0.00832214
vn 0.103209 -0.743775 0.660414
vt 0.000524255 0.00715491
vt 0.00058704 0.00832214
f 304/635/499 306/636/499 336/637/499

vt -0.000587268 0.00832212
vn 0.202396 -0.446161 0.871766
vt -0.000524458 0.0071549
v 165.473 117.305 -189.278
vt 0.000524199 0.0071549
f 336/638/500 306/639/500 338/640/500

vt 0.000524199 0.00703191
vn 0.0929054 -0.424704 0.900553
vt -0.000524458 0.00703191
v 165.655 116.36 -189.742
vt -0.000511273 0.00657741
f 338/641/501 306/642/501 339/643/501

vt 0.000524205 0.00703192
vn -0.00850987 -0.729001 0.68446
v 165.427 115.731 -190.415
vt -0.000511309 0.00657742
vt 0.000511026 0.00657742
f 306/644/502 340/645/502 339/646/502

vt 0.000524458 0.00703163
vn -0.00872369 -0.72903 0.684426
vt -0.000524199 0.00703163
vt -0.000511062 0.00657714
f 306/647/503 305/648/503 340/649/503

vt 0.000524498 0.00703159
vn -0.0894987 -0.927666 0.362526
v 165.266 115.404 -191.291
vt -0.000510949 0.0065771
vt 0.000511311 0.0065771
f 305/650/504 341/651/504 340/652/504

vt 0.00052436 0.00703175
vn -0.0893846 -0.927664 0.36256
v 164.808 115.467 -191.243
vt -0.000524253 0.00703175
vt -0.000511084 0.00657726
f 305/653/505 342/654/505 341/655/505

vt 0.00052436 0.00715495
vn 0.0243055 -0.938074 0.345581
vt -0.000587062 0.0083222
vt -0.000524253 0.00715495
f 305/656/506 307/657/506 342/658/506

vt 0.000524326 0.00715495
vn -0.022437 -0.999444 -0.0246831
vt 0.000587144 0.0083222
vt -0.0005871 0.0083222
f 342/659/507 307/660/507 310/661/507

vt 0.000524253 0.00715494
vn -0.0224582 -0.999444 -0.0246546
vt -0.000587182 0.00832218
v 164.737 115.493 -192.214
vt -0.00052436 0.00715494
f 342/662/508 310/663/508 343/664/508

vt 0.000524403 0.00715494
vn -0.0298557 -0.918575 -0.394116
vt 0.000587217 0.00832218
vt -0.00058704 0.00832218
f 343/665/509 310/666/509 312/667/509

vn -0.029923 -0.918602 -0.394049
v 164.77 115.875 -193.108
f 343/640/510 312/638/510 344/639/510

vn 0.0031545 -0.707816 -0.70639
f 344/636/511 312/637/511 314/635/511

vn 0.00322889 -0.70777 -0.706436
v 164.904 116.557 -193.79
f 344/607/512 314/605/512 345/606/512

vn 0.0717307 -0.39919 -0.914058
f 345/608/513 314/609/513 316/610/513

vn 0.0717592 -0.39917 -0.914065
v 165.116 117.433 -194.156
f 345/656/514 316/657/514 346/658/514

vn 0.165274 -0.0397171 -0.985448
f 346/659/515 316/660/515 318/661/515

vn 0.165245 -0.0397368 -0.985452
v 165.376 118.371 -194.151
f 346/662/516 318/663/516 347/664/516

vn 0.269549 0.315901 -0.909698
f 347/665/517 318/666/517 320/667/517

vn 0.269469 0.315858 -0.909736
v 165.643 119.228 -193.774
f 347/640/518 320/638/518 348/639/518

vn 0.368663 0.61347 -0.698385
f 348/636/519 320/637/519 322/635/519

vn 0.368739 0.613492 -0.698326
v 165.876 119.873 -193.084
f 348/607/520 322/605/520 349/606/520

vn 0.447699 0.807728 -0.38359
f 349/608/521 322/609/521 324/610/521

vn 0.447724 0.807726 -0.383565
v 166.041 120.209 -192.185
f 349/656/522 324/657/522 350/658/522

vn 0.494464 0.869097 -0.0132999
f 350/659/523 324/660/523 326/661/523

vn 0.494442 0.869109 -0.013325
v 166.112 120.183 -191.215
f 350/662/524 326/663/524 351/664/524

vn 0.501841 0.78824 0.356137
f 351/665/525 326/666/525 328/667/525

vn 0.501788 0.7883 0.356079
v 166.079 119.801 -190.32
f 351/640/526 328/638/526 352/639/526

vn 0.468717 0.577512 0.668419
f 352/636/527 328/637/527 330/635/527

vn 0.468763 0.577432 0.668456
v 165.945 119.119 -189.638
f 352/607/528 330/605/528 353/606/528

vn 0.400255 0.268854 0.876078
f 353/608/529 330/609/529 332/610/529

vn 0.40027 0.268822 0.876081
v 165.733 118.243 -189.272
f 353/656/530 332/657/530 354/658/530

vn 0.306752 -0.0906299 0.947465
f 354/659/531 332/660/531 334/661/531

vn 0.306738 -0.0905982 0.947472
f 354/662/532 334/663/532 338/664/532

vn 0.202436 -0.446237 0.871718
f 336/667/533 338/665/533 334/666/533

vt 0.000524253 0.00703159
vn 0.199335 -0.0610723 0.978026
vt -0.00052436 0.00703159
v 165.915 117.196 -189.375
vt -0.000511177 0.00657711
f 354/668/534 338/669/534 355/670/534

vt 0.000524452 0.00703162
vn 0.0926911 -0.424746 0.900555
vt -0.000511026 0.00657713
vt 0.000511309 0.00657713
f 338/671/535 339/672/535 355/673/535

vt 0.000524115 0.00703176
vn 0.19945 -0.0610501 0.978004
vt -0.000511311 0.00657726
v 166.168 118.11 -189.369
vt 0.000510949 0.00657726
f 354/674/536 355/675/536 356/676/536

vn 0.295051 0.306425 0.905013
f 353/653/537 354/654/537 356/655/537

vn 0.29494 0.306411 0.905054
v 166.375 118.965 -189.726
f 353/650/538 356/651/538 357/652/538

vn 0.365024 0.622011 0.692719
f 352/647/539 353/648/539 357/649/539

vn 0.365219 0.622008 0.692619
v 166.505 119.629 -190.391
f 352/644/540 357/645/540 358/646/540

vn 0.399032 0.837524 0.373265
f 351/641/541 352/642/541 358/643/541

vn 0.398848 0.837561 0.373378
v 166.538 120.002 -191.263
f 351/671/542 358/672/542 359/673/542

vn 0.391269 0.920266 -0.00442642
f 350/668/543 351/669/543 359/670/543

vn 0.391363 0.920225 -0.00448648
v 166.469 120.027 -192.209
f 350/674/544 359/675/544 360/676/544

vn 0.343574 0.857471 -0.383014
f 349/653/545 350/654/545 360/655/545

vn 0.343483 0.85753 -0.382963
v 166.308 119.7 -193.085
f 349/650/546 360/651/546 361/652/546

vn 0.262746 0.658884 -0.704867
f 348/647/547 349/648/547 361/649/547

vn 0.262907 0.658751 -0.704931
v 166.08 119.071 -193.758
f 348/644/548 361/645/548 362/646/548

vn 0.161487 0.354455 -0.921023
f 347/641/549 348/642/549 362/643/549

vn 0.161326 0.354601 -0.920995
v 165.82 118.236 -194.125
f 347/671/550 362/672/550 363/673/550

vn 0.0546524 -0.00906454 -0.998464
f 346/668/551 347/669/551 363/670/551

vn 0.0547418 -0.00914318 -0.998459
v 165.567 117.321 -194.131
f 346/674/552 363/675/552 364/676/552

vn -0.0408617 -0.376618 -0.925467
f 345/653/553 346/654/553 364/655/553

vn -0.040955 -0.376548 -0.925492
v 165.359 116.467 -193.774
f 345/650/554 364/651/554 365/652/554

vn -0.111002 -0.692157 -0.71316
f 344/647/555 345/648/555 365/649/555

vn -0.110822 -0.692258 -0.71309
v 165.23 115.802 -193.109
f 344/644/556 365/645/556 366/646/556

vn -0.144639 -0.907773 -0.393736
f 343/641/557 344/642/557 366/643/557

vn -0.144831 -0.907707 -0.393818
v 165.197 115.429 -192.237
f 343/671/558 366/672/558 367/673/558

vn -0.137282 -0.990403 -0.0160114
f 342/668/559 343/669/559 367/670/559

vn -0.137172 -0.990419 -0.0159678
f 342/674/560 367/675/560 341/676/560

g Mesh6 Object_3_1 skpE254_1 Model

v 162.732 115.692 -191.019
vt -0.000596093 0.00871173
vn -0.24815 -0.891805 0.378292
v 162.92 116.073 -189.997
vt 0.000596409 0.00871173
v 162.391 116.234 -189.964
vt 0.00059262 0.00925399
f 368/677/561 369/678/561 370/679/561

vt -0.000596057 0.00871154
vn -0.166782 -0.691494 0.702866
v 162.655 116.964 -189.183
vt 0.000592677 0.0092538
vt -0.000592456 0.0092538
f 369/680/562 371/681/562 370/682/562

vt -0.000596175 0.00871178
vn -0.166698 -0.69149 0.702889
v 163.186 116.807 -189.212
vt 0.000596249 0.00871178
vt 0.000592559 0.00925404
f 369/683/563 372/684/563 371/685/563

vt -0.000596367 0.00871178
vn -0.064419 -0.384614 0.920827
v 162.956 117.932 -188.758
vt 0.000592456 0.00925404
vt -0.000592677 0.00925404
f 372/686/564 373/687/564 371/688/564

vt -0.000596249 0.00871154
vn -0.0645051 -0.384627 0.920816
v 163.489 117.781 -188.784
vt 0.000596175 0.00871154
vt 0.000592573 0.00925381
f 372/689/565 374/690/565 373/691/565

vt -0.000596171 0.00871173
vn 0.0430753 -0.0180334 0.998909
v 163.25 118.992 -188.751
vt 0.000592657 0.00925399
vt -0.000592384 0.00925399
f 374/692/566 375/693/566 373/694/566

vt -0.000596409 0.0087122
vn 0.0432481 -0.017999 0.998902
v 163.784 118.848 -188.777
vt 0.000596093 0.0087122
vt 0.000592421 0.00925446
f 374/695/567 376/696/567 375/697/567

vt -0.00059633 0.0087122
vn 0.139673 0.352638 0.925277
v 163.49 119.983 -189.165
vt 0.000592384 0.00925446
vt -0.000592657 0.00925446
f 376/698/568 377/699/568 375/700/568

vn 0.139504 0.352607 0.925315
v 164.026 119.845 -189.193
f 376/677/569 378/678/569 377/679/569

vn 0.21009 0.670843 0.711219
v 163.641 120.753 -189.936
f 378/680/570 379/681/570 377/682/570

vn 0.210171 0.670851 0.711187
v 164.178 120.62 -189.969
f 378/683/571 380/684/571 379/685/571

vn 0.244277 0.888206 0.389125
v 163.679 121.185 -190.947
f 380/686/572 381/687/572 379/688/572

vn 0.244199 0.88821 0.389166
v 164.216 121.055 -190.986
f 380/689/573 382/690/573 381/691/573

vn 0.236634 0.971563 0.00830169
v 163.598 121.214 -192.043
f 382/692/574 383/693/574 381/694/574

vn 0.236781 0.971528 0.00821059
v 164.135 121.084 -192.09
f 382/695/575 384/696/575 383/697/575

vn 0.18858 0.908229 -0.373575
v 163.412 120.835 -193.059
f 384/698/576 385/699/576 383/700/576

vn 0.188441 0.908293 -0.373488
v 163.948 120.702 -193.112
f 384/677/577 386/678/577 385/679/577

vn 0.106954 0.708015 -0.698051
v 163.148 120.106 -193.839
f 386/680/578 387/681/578 385/682/578

vn 0.10702 0.70797 -0.698087
v 163.682 119.969 -193.897
f 386/683/579 388/684/579 387/685/579

vn 0.00474129 0.401094 -0.916025
v 162.846 119.137 -194.265
f 388/686/580 389/687/580 387/688/580

vn 0.00467663 0.401148 -0.916001
v 163.378 118.994 -194.325
f 388/689/581 390/690/581 389/691/581

vn -0.102785 0.034522 -0.994104
v 162.553 118.077 -194.271
f 390/692/582 391/693/582 389/694/582

vn -0.102656 0.034404 -0.994122
v 163.083 117.927 -194.331
f 390/695/583 392/696/583 391/697/583

vn -0.19908 -0.336233 -0.920497
v 162.313 117.087 -193.858
f 392/698/584 393/699/584 391/700/584

vn -0.199213 -0.336119 -0.92051
v 162.842 116.931 -193.915
f 392/677/585 394/678/585 393/679/585

vn -0.269919 -0.654321 -0.706405
v 162.162 116.317 -193.087
f 394/680/586 395/681/586 393/682/586

vn -0.269849 -0.654371 -0.706385
v 162.69 116.156 -193.139
f 394/683/587 396/684/587 395/685/587

vn -0.303955 -0.871727 -0.384323
v 162.124 115.884 -192.076
f 396/686/588 397/687/588 395/688/588

vn -0.304028 -0.871688 -0.384352
v 162.652 115.721 -192.122
f 396/689/589 398/690/589 397/691/589

vn -0.296344 -0.955075 -0.00349694
v 162.204 115.855 -190.979
f 398/692/590 399/693/590 397/694/590

vn -0.296188 -0.955123 -0.00343019
f 398/695/591 368/696/591 399/697/591

vn -0.247986 -0.891824 0.378355
f 368/698/592 370/699/592 399/700/592

g Mesh7 Object_3_1 skpE254_1 Model

v 166.882 115.093 -190.386
vt -0.000568574 0.00454601
vn -0.221089 -0.673973 0.704897
v 167.666 114.811 -190.409
vt -0.000584282 0.00373092
v 167.927 115.53 -189.639
vt 0.000584466 0.00373092
f 400/701/593 401/702/593 402/703/593

vt 0.000568671 0.00454605
vn -0.302226 -0.873591 0.381443
v 167.482 114.437 -191.41
vt -0.000584305 0.00373096
vt 0.00058444 0.00373096
f 400/704/594 403/705/594 401/706/594

vt 0.000568564 0.00454619
vn -0.302175 -0.873594 0.381475
v 166.703 114.729 -191.36
vt -0.000568684 0.00454619
vt -0.000584415 0.00373111
f 400/707/595 404/708/595 403/709/595

vt 0.000568577 0.00454619
vn -0.35021 -0.936671 0.000988265
v 167.403 114.466 -192.492
vt -0.00058444 0.00373111
vt 0.000584305 0.00373111
f 404/710/596 405/711/596 403/712/596

vt 0.000568684 0.00454605
vn -0.350258 -0.936653 0.000954711
v 166.626 114.757 -192.413
vt -0.000568564 0.00454605
vt -0.00058433 0.00373096
f 404/713/597 406/714/597 405/715/597

vt 0.000568574 0.00454601
vn -0.357872 -0.853573 -0.378603
v 167.441 114.892 -193.489
vt -0.000584466 0.00373092
vt 0.000584282 0.00373092
f 406/716/598 407/717/598 405/718/598

vt 0.000568835 0.00454566
vn -0.357978 -0.853498 -0.378674
v 166.662 115.172 -193.383
vt -0.000568441 0.00454566
vt -0.000584197 0.00373057
f 406/719/599 408/720/599 407/721/599

vt 0.000568702 0.00454567
vn -0.323987 -0.63691 -0.699556
v 167.589 115.652 -194.249
vt -0.000584282 0.00373057
vt 0.000584466 0.00373057
f 408/722/600 409/723/600 407/724/600

vt 0.000568441 0.00454602
vn -0.32389 -0.637011 -0.699508
v 166.807 115.911 -194.123
vt -0.000568835 0.00454602
vt -0.000584551 0.00373093
f 408/725/601 410/726/601 409/727/601

vn -0.253464 -0.319825 -0.912945
v 167.826 116.629 -194.657
f 410/704/602 411/705/602 409/706/602

vn -0.253427 -0.319873 -0.912938
v 167.037 116.861 -194.52
f 410/707/603 412/708/603 411/709/603

vn -0.15733 0.0495037 -0.986304
v 168.115 117.674 -194.651
f 412/710/604 413/711/604 411/712/604

vn -0.157366 0.0495523 -0.986296
v 167.319 117.879 -194.513
f 412/713/605 414/714/605 413/715/605

vn -0.050225 0.414914 -0.908474
v 168.413 118.629 -194.231
f 414/716/606 415/717/606 413/718/606

vn -0.0503123 0.415021 -0.90842
v 167.608 118.808 -194.105
f 414/719/607 416/720/607 415/721/607

vn 0.0515952 0.720771 -0.691251
v 168.673 119.348 -193.462
f 416/722/608 417/723/608 415/724/608

vn 0.0516867 0.720686 -0.691332
v 167.862 119.508 -193.356
f 416/725/609 418/726/609 417/727/609

vn 0.13287 0.920358 -0.367815
v 168.857 119.722 -192.46
f 418/704/610 419/705/610 417/706/610

vn 0.13291 0.920336 -0.367855
v 168.041 119.871 -192.382
f 418/707/611 420/708/611 419/709/611

vn 0.180945 0.983412 0.0126322
v 168.936 119.694 -191.378
f 420/710/612 421/711/612 419/712/612

vn 0.1809 0.98342 0.0126732
v 168.118 119.844 -191.329
f 420/713/613 422/714/613 421/715/613

vn 0.188489 0.900347 0.392233
v 168.899 119.267 -190.382
f 422/716/614 423/717/614 421/718/614

vn 0.188371 0.900333 0.392322
v 168.081 119.429 -190.359
f 422/719/615 424/720/615 423/721/615

vn 0.154384 0.683745 0.713203
v 168.75 118.508 -189.621
f 424/722/616 425/723/616 423/724/616

vn 0.154511 0.683784 0.713138
v 167.937 118.69 -189.619
f 424/725/617 426/726/617 425/727/617

vn 0.0841075 0.366592 0.926572
v 168.513 117.531 -189.213
f 426/704/618 427/705/618 425/706/618

vn 0.0841623 0.366614 0.926559
v 167.706 117.739 -189.222
f 426/707/619 428/708/619 427/709/619

vn -0.0119355 -0.00276211 0.999925
v 168.224 116.485 -189.22
f 428/710/620 429/711/620 427/712/620

vn -0.0119917 -0.00278534 0.999924
v 167.425 116.722 -189.229
f 428/713/621 430/714/621 429/715/621

vn -0.119157 -0.36814 0.922103
f 430/716/622 402/717/622 429/718/622

vn -0.119294 -0.368185 0.922068
v 167.135 115.793 -189.637
f 430/719/623 431/720/623 402/721/623

vt -0.000568835 0.00454566
vn -0.221178 -0.673875 0.704963
vt 0.000584197 0.00373057
vt 0.000568441 0.00454566
f 400/728/624 402/729/624 431/730/624

g Mesh8 Object_3_1 skpE254_1 Model

v 168.66 114.073 -192.603
vt 0.000594016 0.00276755
vn -0.246099 -0.887716 -0.389097
v 168.698 114.507 -193.616
vt -0.000593619 0.00276755
v 169.231 114.373 -193.649
vt -0.000590182 0.00222949
f 432/731/625 433/732/625 434/733/625

vt 0.000593783 0.00276755
vn -0.211997 -0.670396 -0.711075
v 169.381 115.141 -194.418
vt -0.000590377 0.00222949
vt 0.000590344 0.00222949
f 433/734/626 435/735/626 434/736/626

vt 0.000593619 0.00276784
vn -0.211899 -0.670461 -0.711042
v 168.849 115.278 -194.389
vt -0.000594016 0.00276784
vt -0.000590539 0.00222978
f 433/737/627 436/738/627 435/739/627

vt 0.000594022 0.00276788
vn -0.141213 -0.352125 -0.925239
v 169.621 116.128 -194.83
vt -0.000590121 0.00222981
vt 0.000590591 0.00222981
f 436/740/628 437/741/628 435/742/628

vt 0.00059381 0.00276825
vn -0.141091 -0.352225 -0.925219
v 169.09 116.271 -194.803
vt -0.000593802 0.00276825
vt -0.000590332 0.00223019
f 436/743/629 438/744/629 437/745/629

vt 0.00059359 0.00276825
vn -0.0446796 0.018361 -0.998833
v 169.913 117.184 -194.823
vt -0.000590591 0.00223019
vt 0.000590121 0.00223019
f 438/746/630 439/747/630 437/748/630

vt 0.000593802 0.00276788
vn -0.0447971 0.0184671 -0.998825
v 169.384 117.333 -194.797
vt -0.00059381 0.00276788
vt -0.00059038 0.00222982
f 438/749/631 440/750/631 439/751/631

vt 0.000593852 0.00276784
vn 0.0627291 0.38515 -0.92072
v 170.213 118.149 -194.399
vt -0.000590344 0.00222978
vt 0.000590377 0.00222978
f 440/752/632 441/753/632 439/754/632

vn 0.0626393 0.385228 -0.920693
v 169.686 118.304 -194.37
f 440/731/633 442/732/633 441/733/633

vn 0.164892 0.692023 -0.702791
v 170.477 118.875 -193.622
f 442/734/634 443/735/634 441/736/634

vn 0.164984 0.691956 -0.702836
v 169.951 119.035 -193.589
f 442/737/635 444/738/635 443/739/635

vn 0.24646 0.892336 -0.378145
v 170.662 119.253 -192.61
f 444/740/636 445/741/636 443/742/636

vn 0.246583 0.89227 -0.37822
v 170.138 119.414 -192.571
f 444/743/637 446/744/637 445/745/637

vn 0.294778 0.955559 0.00351239
v 170.742 119.224 -191.517
f 446/746/638 447/747/638 445/748/638

vn 0.294648 0.955599 0.0035941
v 170.218 119.385 -191.472
f 446/749/639 448/750/639 447/751/639

vn 0.302262 0.872225 0.384526
v 170.704 118.793 -190.51
f 448/752/640 449/753/640 447/754/640

vn 0.302156 0.872236 0.384586
v 170.18 118.952 -190.459
f 448/731/641 450/732/641 449/733/641

vn 0.268053 0.654916 0.706564
v 170.554 118.026 -189.742
f 450/734/642 451/735/642 449/736/642

vn 0.268165 0.654923 0.706515
v 170.029 118.18 -189.686
f 450/737/643 452/738/643 451/739/643

vn 0.197508 0.336579 0.920709
v 170.315 117.039 -189.33
f 452/740/644 453/741/644 451/742/644

vn 0.197659 0.336604 0.920668
v 169.788 117.188 -189.272
f 452/743/645 454/744/645 453/745/645

vn 0.101248 -0.033982 0.994281
v 170.023 115.983 -189.337
f 454/746/646 455/747/646 453/748/646

vn 0.101093 -0.0340128 0.994295
v 169.494 116.125 -189.278
f 454/749/647 456/750/647 455/751/647

vt 0.000590539 0.00222978
vn -0.00647735 -0.400735 0.916171
vt 0.000594016 0.00276784
v 169.192 115.155 -189.705
vt -0.000593619 0.00276784
f 455/755/648 456/756/648 457/757/648

vt 0.000590377 0.00222949
vn -0.00656737 -0.40066 0.916203
vt -0.000593783 0.00276755
v 169.722 115.018 -189.761
vt -0.000590344 0.00222949
f 455/758/649 457/759/649 458/760/649

vn -0.108836 -0.707503 0.69828
v 169.459 114.291 -190.538
f 457/734/650 459/735/650 458/736/650

vn -0.108717 -0.707493 0.698308
v 168.927 114.424 -190.486
f 457/737/651 460/738/651 459/739/651

vn -0.190165 -0.907882 0.373615
v 169.273 113.914 -191.55
f 460/740/652 461/741/652 459/742/652

vn -0.190016 -0.907891 0.373668
v 168.741 114.044 -191.504
f 460/743/653 462/744/653 461/745/653

vn -0.23821 -0.97118 -0.00806432
v 169.193 113.943 -192.642
f 462/746/654 463/747/654 461/748/654

vn -0.238352 -0.971145 -0.00812412
f 462/749/655 432/750/655 463/751/655

vn -0.245995 -0.887763 -0.389054
f 432/752/656 434/753/656 463/754/656

g Mesh9 Object_3_1 skpE254_1 Model

v 160.905 116.658 -192.99
vt -0.000594089 0.0105311
vn -0.30384 -0.871745 -0.384373
v 160.866 116.224 -191.976
vt 0.000594122 0.0105311
v 160.337 116.388 -191.93
vt 0.000590412 0.0110747
f 464/761/657 465/762/657 466/763/657

vt -0.000594149 0.0105311
vn -0.296225 -0.955112 -0.00343799
v 160.417 116.359 -190.837
vt 0.0005903 0.0110747
vt -0.000590488 0.0110747
f 465/764/658 467/765/658 466/766/658

vt -0.000594001 0.0105308
vn -0.296322 -0.955082 -0.00347977
v 160.947 116.195 -190.877
vt 0.000594146 0.0105308
vt 0.000590447 0.0110744
f 465/767/659 468/768/659 467/769/659

vt -0.000593998 0.0105308
vn -0.248129 -0.891807 0.378301
v 160.603 116.737 -189.825
vt 0.000590488 0.0110744
vt -0.0005903 0.0110744
f 468/770/660 469/771/660 467/772/660

vt -0.000594146 0.0105311
vn -0.248027 -0.891819 0.37834
v 161.134 116.575 -189.858
vt 0.000594001 0.0105311
vt 0.000590341 0.0110747
f 468/773/661 470/774/661 469/775/661

vt -0.00059396 0.0105311
vn -0.166597 -0.691558 0.702847
v 160.866 117.463 -189.048
vt 0.000590579 0.0110747
vt -0.00059025 0.0110747
f 470/776/662 471/777/662 469/778/662

vt -0.000594122 0.0105315
vn -0.166481 -0.691552 0.702879
v 161.399 117.306 -189.076
vt 0.000594089 0.0105315
vt 0.000590417 0.0110751
f 470/779/663 472/780/663 471/781/663

vt -0.000594251 0.0105315
vn -0.0641987 -0.384667 0.92082
v 161.167 118.428 -188.624
vt 0.00059025 0.0110751
vt -0.000590579 0.0110751
f 472/782/664 473/783/664 471/784/664

vn -0.064317 -0.384685 0.920805
v 161.701 118.277 -188.65
f 472/761/665 474/762/665 473/763/665

vn 0.0432082 -0.0179992 0.998904
v 161.459 119.485 -188.617
f 474/764/666 475/765/666 473/766/666

vn 0.0431007 -0.0180209 0.998908
v 161.995 119.34 -188.643
f 474/767/667 476/768/667 475/769/667

vn 0.139526 0.352611 0.92531
v 161.698 120.472 -189.03
f 476/770/668 477/771/668 475/772/668

vn 0.139631 0.352631 0.925286
v 162.236 120.333 -189.058
f 476/773/669 478/774/669 477/775/669

vn 0.210279 0.670786 0.711216
v 161.848 121.239 -189.798
f 478/776/670 479/777/670 477/778/670

vn 0.210391 0.670798 0.711172
v 162.387 121.105 -189.831
f 478/779/671 480/780/671 479/781/671

vn 0.244497 0.888157 0.3891
v 161.886 121.67 -190.805
f 480/782/672 481/783/672 479/784/672

vn 0.24439 0.888161 0.389157
v 162.425 121.539 -190.844
f 480/761/673 482/762/673 481/763/673

vn 0.236744 0.971537 0.00822432
v 161.806 121.699 -191.898
f 482/764/674 483/765/674 481/766/674

vn 0.236653 0.971559 0.00828125
v 162.345 121.568 -191.944
f 482/767/675 484/768/675 483/769/675

vn 0.188459 0.908285 -0.373499
v 161.621 121.321 -192.91
f 484/770/676 485/771/676 483/772/676

vn 0.188545 0.908245 -0.373554
v 162.158 121.188 -192.962
f 484/773/677 486/774/677 485/775/677

vn 0.107146 0.707974 -0.698063
v 161.357 120.594 -193.687
f 486/776/678 487/777/678 485/778/678

vn 0.107237 0.707912 -0.698112
v 161.893 120.457 -193.744
f 486/779/679 488/780/679 487/781/679

vn 0.00495576 0.401026 -0.916053
v 161.057 119.629 -194.111
f 488/782/680 489/783/680 487/784/680

vn 0.00486714 0.401101 -0.916021
v 161.59 119.486 -194.171
f 488/761/681 490/762/681 489/763/681

vn -0.10269 0.0344246 -0.994118
v 160.765 118.573 -194.117
f 490/764/682 491/765/682 489/766/682

vn -0.10277 0.0344982 -0.994107
v 161.296 118.423 -194.177
f 490/767/683 492/768/683 491/769/683

vn -0.199196 -0.336134 -0.920508
v 160.525 117.586 -193.705
f 492/770/684 493/771/684 491/772/684

vn -0.199113 -0.336206 -0.9205
v 161.056 117.43 -193.763
f 492/773/685 494/774/685 493/775/685

vn -0.269729 -0.65437 -0.706432
v 160.375 116.819 -192.937
f 494/776/686 495/777/686 493/778/686

vn -0.269634 -0.654438 -0.706405
f 494/779/687 464/780/687 495/781/687

vn -0.303739 -0.871797 -0.384332
f 464/782/688 466/783/688 495/784/688

g Mesh10 Object_3_1 skpE254_1 Model

v 169.905 116.081 -194.693
vt 0.00055639 0.00192484
vn 0.153427 0.348933 0.924503
v 169.686 116.14 -194.679
vt 0.000557201 0.00214704
v 169.46 115.209 -194.29
vt -0.000557208 0.00214704
f 496/785/689 497/786/689 498/787/689

v 170.179 117.076 -194.686
vt 0.000554999 0.00192592
vn 0.0568498 -0.0222643 0.998134
vt -0.000558464 0.00214703
vt -0.000557651 0.00192483
f 499/788/690 497/789/690 496/790/690

vt 0.000556261 0.00193107
vn 0.054987 -0.0212818 0.99826
v 169.962 117.137 -194.673
vt 0.000557208 0.0021522
vt -0.000557201 0.0021522
f 499/791/691 500/792/691 497/793/691

v 170.463 117.986 -194.287
vt 0.00055749 0.00193057
vn -0.0525424 -0.387712 0.920282
vt -0.000556221 0.00215236
vt -0.000555353 0.00193124
f 501/794/692 500/795/692 499/796/692

vt 0.000556419 0.0019262
vn -0.0509714 -0.388524 0.920028
v 170.246 118.048 -194.273
vt 0.000557153 0.00214799
vt -0.000557293 0.00214799
f 501/797/693 502/798/693 500/799/693

v 170.712 118.67 -193.555
vt 0.000556838 0.00192542
vn -0.153092 -0.695391 0.702135
vt -0.000556812 0.00214762
vt -0.000555898 0.00192584
f 503/800/694 502/801/694 501/802/694

vt 0.000556497 0.00192403
vn -0.15259 -0.695625 0.702013
v 170.494 118.734 -193.539
vt 0.000557293 0.00214623
vt -0.000557153 0.00214623
f 503/803/695 504/804/695 502/805/695

v 170.887 119.026 -192.601
vt 0.000556194 0.00192404
vn -0.234068 -0.896042 0.377254
vt -0.000557404 0.00214624
vt -0.00055661 0.00192404
f 505/806/696 504/807/696 503/808/696

vn -0.234362 -0.895928 0.377342
v 170.669 119.09 -192.584
f 505/785/697 506/786/697 504/787/697

v 170.962 118.999 -191.571
vt 0.000556105 0.00192525
vn -0.282581 -0.959232 -0.00464659
vt -0.000557408 0.00214704
vt -0.000556597 0.00192484
f 507/809/698 506/810/698 505/811/698

vt 0.000556312 0.0019261
vn -0.282897 -0.959139 -0.00454682
v 170.745 119.063 -191.553
vt 0.000557208 0.00214788
vt -0.000557201 0.00214788
f 507/812/699 508/813/699 506/814/699

v 170.925 118.593 -190.622
vt 0.000555452 0.00192704
vn -0.290621 -0.875576 -0.385885
vt -0.00055819 0.00214815
vt -0.000557428 0.00192637
f 509/815/700 508/816/700 507/817/700

vt 0.000556347 0.0019307
vn -0.292031 -0.87529 -0.385467
v 170.709 118.656 -190.602
vt 0.000557153 0.00215182
vt -0.000557293 0.00215182
f 509/818/701 510/819/701 508/820/701

v 170.785 117.87 -189.898
vt 0.000557779 0.00192926
vn -0.257844 -0.658271 -0.707246
vt -0.000555869 0.00215146
vt -0.000554885 0.00193034
f 511/821/702 510/822/702 509/823/702

vn -0.255786 -0.658527 -0.707754
v 170.567 117.932 -189.877
f 511/803/703 512/804/703 510/805/703

v 170.559 116.94 -189.51
vn -0.185102 -0.340121 -0.921984
f 513/806/704 512/807/704 511/808/704

vn -0.185423 -0.340098 -0.921928
v 170.341 117.001 -189.488
f 513/785/705 514/786/705 512/787/705

v 170.283 115.945 -189.516
vn -0.0889444 0.0307359 -0.995562
f 515/809/706 514/810/706 513/811/706

vn -0.0892874 0.0307539 -0.995531
v 170.066 116.004 -189.494
f 515/812/707 516/813/707 514/814/707

v 170 115.036 -189.916
vn 0.018271 0.39786 -0.917264
f 517/815/708 516/816/708 515/817/708

vn 0.0167761 0.397956 -0.917251
v 169.782 115.093 -189.895
f 517/818/709 518/819/709 516/820/709

vt -0.000556167 0.00193033
vn 0.119205 0.704818 -0.699301
v 169.534 114.407 -190.628
vt 0.000557293 0.00215145
vt -0.000557153 0.00215145
f 517/824/710 519/825/710 518/826/710

vt -0.000554892 0.00192511
vn 0.121103 0.703987 -0.699811
v 169.753 114.35 -190.648
vt 0.000557773 0.00192403
vt 0.000558571 0.00214622
f 517/827/711 520/828/711 519/829/711

vt -0.000556414 0.00192404
vn 0.202674 0.904684 -0.374794
v 169.358 114.051 -191.583
vt 0.000557201 0.00214624
vt -0.000557208 0.00214624
f 520/830/712 521/831/712 519/832/712

vt -0.00055661 0.00192484
vn 0.202378 0.904788 -0.374702
v 169.578 113.994 -191.602
vt 0.000556194 0.00192484
vt 0.000557004 0.00214704
f 520/833/713 522/834/713 521/835/713

v 169.502 114.022 -192.631
vn 0.250585 0.968068 0.00722119
f 523/809/714 521/810/714 522/811/714

vn 0.250255 0.968153 0.00717351
v 169.283 114.078 -192.615
f 523/812/715 524/813/715 521/814/715

vt -0.000556533 0.00192637
vn 0.257779 0.884774 0.388234
v 169.319 114.485 -193.565
vt 0.000557153 0.00214816
vt -0.000557293 0.00214816
f 523/836/716 525/837/716 524/838/716

vt -0.000557431 0.00193004
vn 0.256354 0.885013 0.388632
v 169.537 114.428 -193.58
vt 0.000555449 0.0019307
vt 0.000556253 0.00215182
f 523/839/717 526/840/717 525/841/717

vn 0.222398 0.667721 0.710414
f 526/824/718 498/825/718 525/826/718

vn 0.224472 0.667511 0.709959
v 169.679 115.151 -194.304
f 526/827/719 527/828/719 498/829/719

vn 0.153719 0.348787 0.92451
f 496/806/720 498/807/720 527/808/720

g Mesh11 Object_3_1 skpE254_1 Model

v 167.541 114.929 -193.453
vt -0.000568354 0.00357428
vn -0.383148 -0.843912 -0.375513
v 167.685 114.874 -193.475
vt -0.000572204 0.00342176
v 167.649 114.456 -192.499
vt 0.000572562 0.00342176
f 528/842/721 529/843/721 530/844/721

v 167.686 115.668 -194.193
vt -0.000568538 0.00357428
vn -0.349258 -0.627952 -0.695482
vt 0.000572319 0.00342177
vt 0.000568468 0.00357428
f 531/845/722 529/846/722 528/847/722

vt -0.000568652 0.00357347
vn -0.349513 -0.627888 -0.695411
v 167.831 115.618 -194.22
vt -0.000572562 0.00342095
vt 0.000572204 0.00342095
f 531/848/723 532/849/723 529/850/723

v 167.916 116.619 -194.59
vt -0.000568493 0.00357313
vn -0.279406 -0.311574 -0.908215
vt 0.000572365 0.0034206
vt 0.000568551 0.00357313
f 533/851/724 532/852/724 531/853/724

vt -0.000568322 0.00357434
vn -0.279015 -0.311643 -0.908311
v 168.063 116.575 -194.62
vt -0.000572171 0.00342183
vt 0.000572537 0.00342183
f 533/854/725 534/855/725 532/856/725

v 168.198 117.636 -194.584
vt -0.000568551 0.00357435
vn -0.183198 0.0566457 -0.981443
vt 0.000572343 0.00342184
vt 0.000568493 0.00357435
f 535/857/726 534/858/726 533/859/726

vt -0.000568722 0.00357313
vn -0.183596 0.0566936 -0.981366
v 168.346 117.599 -194.614
vt -0.000572537 0.00342061
vt 0.000572171 0.00342061
f 535/860/727 536/861/727 534/862/727

v 168.487 118.565 -194.175
vt -0.000568468 0.00357346
vn -0.0766058 0.421113 -0.903767
vt 0.000572447 0.00342094
vt 0.000568538 0.00357346
f 537/863/728 536/864/728 535/865/728

vn -0.0763364 0.421089 -0.903801
v 168.638 118.534 -194.202
f 537/842/729 538/843/729 536/844/729

vn 0.0252797 0.725969 -0.687262
v 168.741 119.265 -193.427
f 538/846/730 537/847/730 539/845/730

vn 0.0250084 0.725992 -0.687248
v 168.893 119.238 -193.449
f 538/850/731 539/848/731 540/849/731

vn 0.105837 0.925112 -0.364645
v 168.919 119.628 -192.452
f 540/852/732 539/853/732 541/851/732

vn 0.106242 0.925068 -0.364638
v 169.073 119.605 -192.468
f 540/856/733 541/854/733 542/855/733

v 168.996 119.601 -191.4
vn 0.154132 0.98794 0.0147291
f 543/857/734 542/858/734 541/859/734

vn 0.15373 0.988004 0.0147006
v 169.15 119.577 -191.408
f 543/860/735 544/861/735 542/862/735

vn 0.161424 0.905126 0.393306
v 168.96 119.186 -190.43
f 544/864/736 543/865/736 545/863/736

vn 0.161688 0.905067 0.393334
v 169.114 119.159 -190.432
f 544/844/737 545/842/737 546/843/737

vn 0.127801 0.689106 0.713302
v 168.815 118.447 -189.691
f 546/846/738 545/847/738 547/845/738

vn 0.127541 0.689184 0.713273
v 168.968 118.415 -189.687
f 546/850/739 547/848/739 548/849/739

v 168.585 117.496 -189.294
vn 0.0572181 0.37293 0.926094
f 549/851/740 548/852/740 547/853/740

vn 0.0575985 0.372786 0.926128
v 168.736 117.458 -189.288
f 549/854/741 550/855/741 548/856/741

vn -0.0382161 0.00449638 0.999259
v 168.303 116.479 -189.3
f 550/858/742 549/859/742 551/857/742

vn -0.0385891 0.00466136 0.999244
v 168.453 116.434 -189.294
f 550/862/743 551/860/743 552/861/743

v 168.014 115.55 -189.708
vn -0.145368 -0.359816 0.921629
f 553/863/744 552/864/744 551/865/744

vn -0.145123 -0.359935 0.921622
v 168.161 115.499 -189.705
f 553/842/745 554/843/745 552/844/745

v 167.761 114.851 -190.457
vn -0.246737 -0.664815 0.705082
f 555/845/746 554/846/746 553/847/746

vn -0.246981 -0.664696 0.705109
v 167.906 114.794 -190.459
f 555/848/747 556/849/747 554/850/747

v 167.582 114.487 -191.431
vn -0.328024 -0.863757 0.382524
f 557/851/748 556/852/748 555/853/748

vn -0.327659 -0.863926 0.382455
v 167.726 114.428 -191.44
f 557/854/749 558/855/749 556/856/749

v 167.505 114.515 -192.483
vn -0.375547 -0.926798 0.00308764
f 559/857/750 558/858/750 557/859/750

vn -0.375915 -0.926649 0.00317821
f 559/860/751 530/861/751 558/862/751

vn -0.383398 -0.843829 -0.375444
f 528/863/752 530/864/752 559/865/752

g Mesh12 Object_3_1 skpE254_1 Model

v 164.748 115.578 -192.195
vt 0.00050609 0.0071473
vn 0.0226692 0.999439 0.0246556
v 163.546 115.604 -192.166
vt 0.000569188 0.00832135
v 163.623 115.577 -191.112
vt -0.00056918 0.00832135
f 560/866/753 561/867/753 562/868/753

v 164.78 115.947 -193.059
vt 0.000506112 0.0071473
vn 0.0300754 0.918582 0.394084
vt -0.000569178 0.00832135
vt -0.000506033 0.0071473
f 563/869/754 561/870/754 560/871/754

vt 0.000506041 0.00714729
vn 0.0300969 0.918571 0.394109
v 163.583 116.02 -193.137
vt 0.000569153 0.00832133
vt -0.000569258 0.00832133
f 563/872/755 564/873/755 561/874/755

v 164.909 116.605 -193.717
vt 0.000506033 0.00714728
vn -0.00298053 0.707771 0.706436
vt -0.000569232 0.00832133
vt -0.000506112 0.00714728
f 565/875/756 564/876/756 563/877/756

vt 0.000506103 0.00714729
vn -0.00299904 0.707792 0.706415
v 163.727 116.759 -193.877
vt 0.000569258 0.00832134
vt -0.000569153 0.00832134
f 565/878/757 566/879/757 564/880/757

v 165.114 117.451 -194.071
vt 0.000506113 0.0071473
vn -0.0715236 0.399162 0.914087
vt -0.000569131 0.00832136
vt -0.000506039 0.0071473
f 567/881/758 566/882/758 565/883/758

vt 0.000506062 0.0071473
vn -0.0715121 0.399142 0.914096
v 163.958 117.711 -194.274
vt 0.00056918 0.00832134
vt -0.000569188 0.00832134
f 567/884/759 568/885/759 566/886/759

v 165.364 118.356 -194.065
vt 0.000506039 0.00714729
vn -0.16504 0.0396424 0.98549
vt -0.000569237 0.00832134
vt -0.000506113 0.00714729
f 569/887/760 568/888/760 567/889/760

vn -0.16505 0.0396653 0.985487
v 164.24 118.729 -194.268
f 569/866/761 570/867/761 568/868/761

v 165.622 119.183 -193.701
vn -0.269336 -0.315943 0.909746
f 571/869/762 570/870/762 569/871/762

vn -0.269323 -0.315975 0.909739
v 164.53 119.66 -193.859
f 571/872/763 572/873/763 570/874/763

v 165.848 119.806 -193.035
vn -0.36851 -0.613575 0.698374
f 573/875/764 572/876/764 571/877/764

vn -0.368524 -0.613547 0.698391
v 164.784 120.36 -193.11
f 573/878/765 574/879/765 572/880/765

v 166.007 120.13 -192.168
vn -0.447512 -0.807826 0.383602
f 575/881/766 574/882/766 573/883/766

vn -0.447501 -0.80784 0.383584
v 164.963 120.724 -192.134
f 575/884/767 576/885/767 574/886/767

v 166.075 120.105 -191.231
vn -0.494248 -0.86922 0.0132718
f 577/887/768 576/888/768 575/889/768

vn -0.494261 -0.869212 0.0132923
v 165.04 120.696 -191.081
f 577/866/769 578/867/769 576/868/769

v 166.043 119.736 -190.368
vn -0.501654 -0.788359 -0.356137
f 579/869/770 578/870/770 577/871/770

vn -0.501633 -0.788359 -0.356166
v 165.003 120.281 -190.11
f 579/872/771 580/873/771 578/874/771

v 165.914 119.078 -189.709
vn -0.468553 -0.57756 -0.668493
f 581/875/772 580/876/772 579/877/772

vn -0.468577 -0.577569 -0.668468
v 164.858 119.541 -189.369
f 581/878/773 582/879/773 580/880/773

v 165.709 118.232 -189.356
vn -0.400069 -0.268934 -0.876138
f 583/881/774 582/882/774 581/883/774

vn -0.400051 -0.268923 -0.876151
v 164.628 118.59 -188.972
f 583/884/775 584/885/775 582/886/775

v 165.459 117.327 -189.362
vn -0.306522 0.090576 -0.947544
f 585/887/776 584/888/776 583/889/776

vn -0.306542 0.0905614 -0.947539
v 164.346 117.572 -188.978
f 585/866/777 586/867/777 584/868/777

vn -0.202242 0.446166 -0.871799
v 165.201 116.5 -189.725
f 586/870/778 585/871/778 587/869/778

vt 0.000506112 0.00702062
vn -0.0838282 0.422718 -0.902376
vt -0.000506033 0.00702062
v 165.878 117.222 -189.45
vt -0.000494449 0.00658902
f 587/890/779 585/891/779 588/892/779

vt 0.000506036 0.00702057
vn -0.190553 0.0586941 -0.979921
v 166.123 118.107 -189.444
vt -0.000494489 0.00658896
vt 0.000494365 0.00658896
f 585/893/780 589/894/780 588/895/780

vt 0.000506039 0.00702057
vn -0.190551 0.0586921 -0.979921
vt -0.000506113 0.00702057
vt -0.000494486 0.00658896
f 585/896/781 583/897/781 589/898/781

vt 0.000506116 0.00702057
vn -0.286301 -0.309347 -0.906827
v 166.324 118.934 -189.789
vt -0.000494365 0.00658896
vt 0.000494489 0.00658896
f 583/899/782 590/900/782 589/901/782

vt 0.000506113 0.00702057
vn -0.286303 -0.309345 -0.906827
vt -0.000506039 0.00702057
vt -0.000494368 0.00658896
f 583/902/783 581/903/783 590/904/783

vt 0.000505955 0.00702063
vn -0.356469 -0.62524 -0.694266
v 166.449 119.576 -190.433
vt -0.000494563 0.00658902
vt 0.000494374 0.00658902
f 581/905/784 591/906/784 590/907/784

vt 0.000506033 0.00702053
vn -0.356415 -0.625283 -0.694255
vt -0.000506112 0.00702053
vt -0.000494487 0.00658893
f 581/908/785 579/909/785 591/910/785

vt 0.000506189 0.00702053
vn -0.390279 -0.841102 -0.374472
v 166.481 119.937 -191.276
vt -0.000494374 0.00658892
vt 0.000494563 0.00658892
f 579/911/786 592/912/786 591/913/786

vn -0.390336 -0.841067 -0.374492
f 579/890/787 577/891/787 592/892/787

vn -0.38273 -0.923853 0.00366872
v 166.414 119.961 -192.191
f 577/893/788 593/894/788 592/895/788

vn -0.382727 -0.923854 0.00366981
f 577/896/789 575/897/789 593/898/789

vn -0.334868 -0.861013 0.38278
v 166.259 119.645 -193.039
f 575/899/790 594/900/790 593/901/790

vn -0.33487 -0.861012 0.382778
f 575/902/791 573/903/791 594/904/791

vn -0.254067 -0.662149 0.704988
v 166.038 119.036 -193.69
f 573/905/792 595/906/792 594/907/792

vn -0.254 -0.662151 0.70501
f 573/908/793 571/909/793 595/910/793

vn -0.152444 -0.357448 0.921408
v 165.786 118.228 -194.045
f 571/911/794 596/912/794 595/913/794

vn -0.152513 -0.357454 0.921394
f 571/890/795 569/891/795 596/892/795

vn -0.0457181 0.00655067 0.998933
v 165.542 117.344 -194.05
f 569/893/796 597/894/796 596/895/796

vn -0.0457151 0.00655119 0.998933
f 569/896/797 567/897/797 597/898/797

vn 0.0500348 0.374591 0.925839
v 165.341 116.517 -193.705
f 567/899/798 598/900/798 597/901/798

vn 0.0500318 0.37459 0.92584
f 567/902/799 565/903/799 598/904/799

vn 0.120127 0.690504 0.713284
v 165.216 115.874 -193.062
f 565/905/800 599/906/800 598/907/800

vn 0.120193 0.690514 0.713263
f 565/908/801 563/909/801 599/910/801

vn 0.154059 0.906333 0.39348
v 165.184 115.514 -192.218
f 563/911/802 600/912/802 599/913/802

vn 0.153995 0.906331 0.39351
f 563/890/803 560/891/803 600/892/803

vn 0.146458 0.989098 0.0153435
v 165.251 115.49 -191.303
f 560/893/804 601/894/804 600/895/804

vn 0.146461 0.989097 0.015342
v 164.816 115.553 -191.259
f 560/896/805 602/897/805 601/898/805

vn 0.0226867 0.999438 0.0246738
f 560/887/806 562/888/806 602/889/806

vn -0.0240619 0.938059 -0.345639
v 163.802 115.941 -190.136
f 602/884/807 562/885/807 603/886/807

v 163.185 115.646 -191.068
vt 0.000579869 0.0086033
vn 0.109567 0.924498 -0.365101
vt -0.000569188 0.00816706
vt 0.00056918 0.00816706
f 604/914/808 603/915/808 562/916/808

vt 0.00057999 0.00860313
vn 0.109656 0.924468 -0.365151
v 163.367 116.017 -190.074
vt -0.000579767 0.00860313
vt -0.000569069 0.0081669
f 604/917/809 605/918/809 603/919/809

vt 0.00057999 0.00663903
vn 0.579644 0.722852 -0.376161
v 163.166 116.159 -190.111
vt -0.000558807 0.00688206
vt -0.000579767 0.00663903
f 604/920/810 606/921/810 605/922/810

vt 0.000580012 0.00663921
vn 0.579619 0.722868 -0.37617
v 162.99 115.801 -191.069
vt 0.000559009 0.00688223
vt -0.000558785 0.00688223
f 604/923/811 607/924/811 606/925/811

v 163.106 115.674 -192.142
vt 0.000579767 0.0066392
vn 0.623944 0.781067 -0.0250674
vt -0.000558988 0.00688222
vt -0.00057999 0.0066392
f 608/926/812 607/927/812 604/928/812

vt 0.000579745 0.00663903
vn 0.623967 0.781048 -0.0250626
v 162.914 115.829 -192.104
vt 0.000558785 0.00688205
vt -0.000559009 0.00688205
f 608/929/813 609/930/813 607/931/813

v 163.143 116.097 -193.131
vt 0.000579992 0.0066393
vn 0.630943 0.704438 0.325083
vt -0.000558744 0.00688232
vt -0.000579772 0.0066393
f 610/932/814 609/933/814 608/934/814

vt 0.000579834 0.00663807
vn 0.631105 0.704293 0.325082
v 162.95 116.237 -193.057
vt 0.000558827 0.00688112
vt -0.000558896 0.00688112
f 610/935/815 611/936/815 609/937/815

v 163.239 116.882 -193.855
vt 0.000563831 0.00670449
vn 0.599132 0.502442 0.623372
vt -0.000568351 0.00688321
vt -0.000589717 0.0066402
f 612/938/816 611/939/816 610/940/816

vt 0.000573612 0.00680745
vn 0.585223 0.513668 0.627422
v 163.092 116.963 -193.784
vt 0.000558896 0.00698483
vt -0.000558827 0.00698483
f 612/941/817 613/942/817 611/943/817

v 163.472 117.841 -194.256
vt 0.000573496 0.00680707
vn 0.519829 0.218815 0.825771
vt -0.000558963 0.00698445
vt -0.000573606 0.00680707
f 614/944/818 613/945/818 612/946/818

vt 0.000573678 0.00680898
vn 0.519562 0.218996 0.825891
v 163.319 117.897 -194.175
vt 0.000559009 0.00698634
vt -0.000558785 0.00698634
f 614/947/819 615/948/819 613/949/819

v 163.813 118.858 -194.284
vt 0.000593129 0.00674251
vn 0.431605 -0.120466 0.893983
vt -0.000546098 0.0069837
vt -0.000560428 0.00680632
f 616/950/820 615/951/820 614/952/820

vn 0.446004 -0.128812 0.885713
v 163.595 118.897 -194.168
f 616/929/821 617/930/821 615/931/821

v 164.108 119.806 -193.867
vn 0.347115 -0.465843 0.813942
f 618/932/822 617/933/822 616/934/822

vn 0.347291 -0.465906 0.813831
v 163.88 119.811 -193.767
f 618/935/823 619/936/823 617/937/823

v 164.367 120.519 -193.104
vt 0.000579772 0.00663811
vn 0.253265 -0.748004 0.613471
vt -0.000558979 0.00688115
vt -0.000579992 0.00663811
f 620/953/824 619/954/824 618/955/824

vt 0.00057993 0.00663933
vn 0.253079 -0.747978 0.61358
v 164.129 120.498 -193.031
vt 0.000558896 0.00688235
vt -0.000558827 0.00688235
f 620/956/825 621/957/825 619/958/825

v 164.549 120.89 -192.11
vn 0.178259 -0.932142 0.315174
f 622/920/826 621/921/826 620/922/826

vn 0.178231 -0.932143 0.315187
v 164.305 120.856 -192.073
f 622/923/827 623/924/827 621/925/827

v 164.628 120.862 -191.037
vn 0.133908 -0.990343 -0.0359153
f 624/926/828 623/927/828 622/928/828

vn 0.133937 -0.990339 -0.0359243
v 164.381 120.829 -191.039
f 624/929/829 625/930/829 623/931/829

v 164.59 120.439 -190.047
vn 0.126879 -0.913705 -0.386064
f 626/932/830 625/933/830 624/934/830

vn 0.127091 -0.913663 -0.386092
v 164.345 120.421 -190.086
f 626/935/831 627/936/831 625/937/831

v 164.443 119.685 -189.293
vn 0.158444 -0.713838 -0.682152
f 628/953/832 627/954/832 626/955/832

vn 0.15823 -0.713876 -0.682161
v 164.203 119.694 -189.358
f 628/956/833 629/957/833 627/958/833

v 164.208 118.716 -188.888
vn 0.223224 -0.421324 -0.879009
f 630/920/834 629/921/834 628/922/834

vn 0.223195 -0.421327 -0.879015
v 163.976 118.76 -188.968
f 630/923/835 631/924/835 629/925/835

v 163.921 117.678 -188.894
vn 0.311871 -0.0804773 -0.94671
f 632/926/836 631/927/836 630/928/836

vn 0.3119 -0.0804781 -0.9467
v 163.699 117.76 -188.974
f 632/929/837 633/930/837 631/931/837

v 163.626 116.731 -189.311
vn 0.410707 0.256576 -0.874922
f 634/932/838 633/933/838 632/934/838

vn 0.410904 0.256535 -0.874841
v 163.415 116.847 -189.376
f 634/935/839 635/936/839 633/937/839

vn 0.504923 0.538636 -0.674481
f 605/953/840 635/954/840 634/955/840

vn 0.504736 0.538713 -0.674559
f 605/956/841 606/957/841 635/958/841

v 163.184 116.858 -189.283
vt -0.000577828 0.009171
vn -0.215172 0.748665 -0.627058
vt -0.000558827 0.00892807
vt 0.000558896 0.00892807
f 636/959/842 635/960/842 606/961/842

v 163.478 117.802 -188.868
vt -0.000577846 0.00917099
vn -0.310741 0.461917 -0.830706
vt 0.000558882 0.00892807
vt 0.000577885 0.00917099
f 637/962/843 635/963/843 636/964/843

vt -0.000577902 0.00917104
vn -0.310666 0.461925 -0.83073
vt -0.000558896 0.00892813
vt 0.000558827 0.00892813
f 637/965/844 633/966/844 635/967/844

vt 0.000577774 0.00917104
vn -0.411169 0.119286 -0.903721
vt -0.000559009 0.00892813
vt 0.000558785 0.00892813
f 637/968/845 631/969/845 633/970/845

vt 0.000595292 0.00918375
vn -0.391502 0.108007 -0.913817
v 163.816 118.817 -188.893
vt -0.00055487 0.00912371
vt -0.000542047 0.00894298
f 637/971/846 638/972/846 631/973/846

v 162.989 117.94 -188.839
vt 0.000651548 0.00925478
vn -0.0609686 -0.00431562 -0.99813
vt -0.00049634 0.00870001
vt 0.000654034 0.0087566
f 639/974/847 638/975/847 637/976/847

vt 0.000575744 0.0093818
vn -0.101374 0.0340789 -0.994265
v 163.273 118.97 -188.832
vt -0.00057566 0.0093818
vt -0.000572064 0.00882689
f 639/977/848 640/978/848 638/979/848

vt 0.000575577 0.0093818
vn -0.197792 -0.336527 -0.920667
v 164.048 119.773 -189.293
vt -0.000572269 0.00882689
vt 0.000571981 0.00882689
f 640/980/849 641/981/849 638/982/849

vt 0.00057566 0.00938167
vn -0.197746 -0.336568 -0.920662
v 163.507 119.932 -189.234
vt -0.000575744 0.00938167
vt -0.000572186 0.00882677
f 640/983/850 642/984/850 641/985/850

vt 0.000575831 0.00938163
vn -0.268382 -0.654843 -0.706507
v 164.194 120.516 -190.037
vt -0.000571997 0.00882672
vt 0.000572211 0.00882672
f 642/986/851 643/987/851 641/988/851

vt 0.000575676 0.00938186
vn -0.268471 -0.654777 -0.706535
v 163.653 120.68 -189.983
vt -0.000575752 0.00938186
vt -0.000572151 0.00882695
f 642/989/852 644/990/852 643/991/852

vt 0.000575596 0.00938187
vn -0.302576 -0.872116 -0.384528
v 164.231 120.934 -191.013
vt -0.000572211 0.00882696
vt 0.000571997 0.00882696
f 644/992/853 645/993/853 643/994/853

vt 0.000575752 0.00938163
vn -0.302482 -0.872166 -0.384487
v 163.69 121.101 -190.965
vt -0.000575676 0.00938163
vt -0.000572057 0.00882672
f 644/995/854 646/996/854 645/997/854

vt 0.000575828 0.00938167
vn -0.294869 -0.955531 -0.00353613
v 164.153 120.962 -192.072
vt -0.000571981 0.00882677
vt 0.000572269 0.00882677
f 646/998/855 647/999/855 645/1000/855

vn -0.294923 -0.955514 -0.00356079
v 163.612 121.129 -192.031
f 646/977/856 648/978/856 647/979/856

vn -0.246732 -0.892241 0.378193
v 163.973 120.596 -193.052
f 648/980/857 649/981/857 647/982/857

vn -0.246675 -0.892247 0.378216
v 163.431 120.76 -193.018
f 648/983/858 650/984/858 649/985/858

vn -0.165209 -0.691904 0.702834
v 163.718 119.892 -193.805
f 650/986/859 651/987/859 649/988/859

vn -0.165318 -0.69191 0.702801
v 163.175 120.052 -193.776
f 650/989/860 652/990/860 651/991/860

vn -0.0630559 -0.385087 0.920723
v 163.427 118.957 -194.216
f 652/992/861 653/993/861 651/994/861

vn -0.0629448 -0.385068 0.920739
v 162.881 119.111 -194.189
f 652/995/862 654/996/862 653/997/862

vn 0.0445814 -0.0183661 0.998837
v 163.144 117.933 -194.223
f 654/998/863 655/999/863 653/1000/863

vn 0.0445213 -0.0183796 0.998839
v 162.596 118.081 -194.196
f 654/977/864 656/978/864 655/979/864

vn 0.140939 0.352227 0.925242
v 162.912 116.977 -193.823
f 656/980/865 657/981/865 655/982/865

vn 0.140998 0.352239 0.925228
v 162.363 117.119 -193.794
f 656/983/866 658/984/866 657/985/866

vt 0.000507372 0.00938228
vn 0.208249 0.653838 0.727412
v 162.703 116.227 -193.09
vt -0.00064616 0.00888398
vt 0.000504178 0.00882737
f 658/1001/867 659/1002/867 657/1003/867

vt 0.000575676 0.00925418
vn 0.259155 0.657525 0.70746
v 162.217 116.37 -193.045
vt -0.000575752 0.00925418
vt -0.000577919 0.008756
f 658/1004/868 660/1005/868 659/1006/868

vt 0.000575718 0.00925418
vn 0.29327 0.874933 0.385337
v 162.666 115.805 -192.104
vt -0.000577846 0.008756
vt 0.000577885 0.008756
f 660/1007/869 661/1008/869 659/1009/869

vt 0.000575752 0.00925411
vn 0.293294 0.874931 0.385324
v 162.18 115.95 -192.063
vt -0.000575676 0.00925411
vt -0.000577812 0.00875593
f 660/1010/870 662/1011/870 661/1012/870

vt 0.000575605 0.00925418
vn 0.285644 0.958326 0.00436224
v 162.745 115.777 -191.034
vt -0.000577978 0.00875599
vt 0.000577806 0.00875599
f 662/1013/871 663/1014/871 661/1015/871

vt 0.000575744 0.00925389
vn 0.285737 0.958298 0.00430652
v 162.258 115.922 -190.997
vt -0.00057566 0.00925389
vt -0.000577839 0.00875571
f 662/1016/872 664/1017/872 663/1018/872

vt 0.0005758 0.00925389
vn 0.23752 0.894983 -0.37761
v 162.926 116.147 -190.044
vt -0.000577806 0.00875571
vt 0.000577978 0.00875571
f 664/1019/873 665/1020/873 663/1021/873

vt 0.00057566 0.00925418
vn 0.237432 0.895028 -0.377558
v 162.439 116.29 -190.01
vt -0.000575744 0.00925418
vt -0.000577946 0.00875599
f 664/1022/874 666/1023/874 665/1024/874

vt 0.00057571 0.00925411
vn 0.155999 0.694653 -0.702226
vt -0.000577885 0.00875593
vt 0.000577846 0.00875593
f 666/1025/875 636/1026/875 665/1027/875

vn 0.155978 0.694668 -0.702216
v 162.695 116.999 -189.252
f 666/1004/876 667/1005/876 636/1006/876

vn 0.0536793 0.387734 -0.920207
f 667/1007/877 637/1008/877 636/1009/877

vn 0.0536998 0.387717 -0.920213
f 667/1010/878 639/1011/878 637/1012/878

vt -0.000577885 0.00917104
vn -0.215094 0.748677 -0.62707
vt 0.000558841 0.00892813
vt 0.000577846 0.00917104
f 636/1028/879 606/1029/879 665/1030/879

vt 0.000577978 0.00917104
vn -0.139006 0.93587 -0.323766
vt -0.000577806 0.00917104
vt -0.000558816 0.00892812
f 663/1031/880 665/1032/880 606/1033/880

vt 0.00057801 0.00917107
vn -0.138965 0.93587 -0.323785
vt -0.000558785 0.00892816
vt 0.000559009 0.00892816
f 663/1034/881 606/1035/881 607/1036/881

vt 0.000577806 0.00917107
vn -0.0939104 0.99503 0.0331084
vt -0.000577978 0.00917107
vt -0.000558978 0.00892816
f 661/1037/882 663/1038/882 607/1039/882

vn -0.0939534 0.995025 0.0331218
f 661/968/883 607/969/883 609/970/883

vt 0.000577885 0.00917104
vn -0.0868164 0.917111 0.389064
vt -0.000577846 0.00917104
vt -0.000558841 0.00892813
f 659/1040/884 661/1041/884 609/1042/884

vt 0.000577828 0.009171
vn -0.0868939 0.917098 0.389076
vt -0.000558896 0.00892807
vt 0.000558827 0.00892807
f 659/1043/885 609/1044/885 611/1045/885

vt 0.000559217 0.00910978
vn -0.119044 0.711054 0.692987
vt -0.000590876 0.00917035
vt -0.000571446 0.00892746
f 657/1046/886 659/1047/886 611/1048/886

vt 0.000572146 0.00912266
vn -0.0949872 0.713523 0.694163
vt -0.000558827 0.00894193
vt 0.000558896 0.00894193
f 657/1049/887 611/1050/887 613/1051/887

vt 0.000571981 0.00912265
vn -0.161621 0.413429 0.896078
vt -0.000572269 0.00912265
vt -0.000559033 0.00894191
f 655/1052/888 657/1053/888 613/1054/888

vt 0.000572234 0.00912285
vn -0.161149 0.41344 0.896158
vt -0.000558785 0.00894215
vt 0.000559009 0.00894215
f 655/1055/889 613/1056/889 615/1057/889

vt 0.000572269 0.00912286
vn -0.252089 0.0639026 0.965592
vt -0.000571981 0.00912286
vt -0.000558762 0.00894216
f 653/1058/890 655/1059/890 615/1060/890

vt 0.000572016 0.00912266
vn -0.25255 0.0639447 0.965468
vt -0.000559009 0.00894193
vt 0.000558785 0.00894193
f 653/1061/891 615/1062/891 617/1063/891

vt 0.000571997 0.00912266
vn -0.353925 -0.281772 0.891819
vt -0.000572211 0.00912266
vt -0.000558959 0.00894192
f 651/1064/892 653/1065/892 617/1066/892

vt 0.000572062 0.00912271
vn -0.353812 -0.281799 0.891856
vt -0.000558896 0.00894198
vt 0.000558827 0.00894198
f 651/1067/893 617/1068/893 619/1069/893

vt 0.000572211 0.00912271
vn -0.450231 -0.57109 0.686402
vt -0.000571997 0.00912271
vt -0.000558764 0.00894199
f 649/1070/894 651/1071/894 619/1072/894

vn -0.45034 -0.571046 0.686368
f 649/1049/895 619/1050/895 621/1051/895

vn -0.527143 -0.759937 0.380284
f 647/1052/896 649/1053/896 621/1054/896

vn -0.526736 -0.760168 0.380386
f 647/1055/897 621/1056/897 623/1057/897

vn -0.572198 -0.819863 0.0203334
f 645/1058/898 647/1059/898 623/1060/898

vn -0.57259 -0.819591 0.0202859
f 645/1061/899 623/1062/899 625/1063/899

vn -0.579762 -0.740977 -0.338865
f 643/1064/900 645/1065/900 625/1066/900

vn -0.579665 -0.741051 -0.33887
f 643/1067/901 625/1068/901 627/1069/901

vn -0.547514 -0.536145 -0.642477
f 641/1070/902 643/1071/902 627/1072/902

vn -0.54761 -0.536074 -0.642455
f 641/1049/903 627/1050/903 629/1051/903

vn -0.480999 -0.235974 -0.844367
f 638/1052/904 641/1053/904 629/1054/904

vn -0.480617 -0.236221 -0.844516
f 638/1055/905 629/1056/905 631/1057/905

vt 0.000579772 0.00860336
vn 0.0285804 0.72538 -0.687756
vt -0.000579992 0.00860336
v 164.056 116.641 -189.387
vt -0.000569298 0.00816712
f 605/1073/906 634/1074/906 668/1075/906

vt 0.000579845 0.00860336
vn -0.0730989 0.420311 -0.904431
vt -0.000569258 0.00816713
vt 0.000569153 0.00816713
f 634/1076/907 586/1077/907 668/1078/907

vt 0.000579992 0.00860316
vn -0.0729975 0.42024 -0.904472
vt -0.000579772 0.00860316
vt -0.000569113 0.00816692
f 634/1079/908 632/1080/908 586/1081/908

vt 0.000579888 0.00860313
vn -0.179883 0.0557338 -0.982108
vt -0.00056918 0.00816689
vt 0.000569188 0.00816689
f 632/1082/909 584/1083/909 586/1084/909

vt 0.000579767 0.00860329
vn -0.179966 0.0557991 -0.982089
vt -0.00057999 0.00860329
vt -0.000569299 0.00816706
f 632/1085/910 630/1086/910 584/1087/910

vn -0.275844 -0.312728 -0.908907
f 630/914/911 582/915/911 584/916/911

vn -0.275761 -0.312795 -0.908909
f 630/917/912 628/918/912 582/919/912

vt 0.000579919 0.00860315
vn -0.346003 -0.62914 -0.696035
vt -0.000569153 0.00816692
vt 0.000569258 0.00816692
f 628/1088/913 580/1089/913 582/1090/913

vn -0.346108 -0.629065 -0.696051
f 628/1073/914 626/1074/914 580/1075/914

vn -0.380019 -0.84516 -0.375885
f 626/1076/915 578/1077/915 580/1078/915

vn -0.37991 -0.845224 -0.375853
f 626/1079/916 624/1080/916 578/1081/916

vn -0.372309 -0.928105 0.00281519
f 624/1082/917 576/1083/917 578/1084/917

vn -0.372403 -0.928067 0.00278178
f 624/1085/918 622/1086/918 576/1087/918

vn -0.324483 -0.86515 0.382395
f 622/914/919 574/915/919 576/916/919

vn -0.324385 -0.865172 0.382429
f 622/917/920 620/918/920 574/919/920

vn -0.243442 -0.66602 0.705091
f 620/1088/921 572/1089/921 574/1090/921

vn -0.243567 -0.666013 0.705055
f 620/1073/922 618/1074/922 572/1075/922

vn -0.141889 -0.360943 0.921731
f 618/1076/923 570/1077/923 572/1078/923

vn -0.141761 -0.360936 0.921753
f 618/1079/924 616/1080/924 570/1081/924

vn -0.0348436 0.00356158 0.999386
f 616/1082/925 568/1083/925 570/1084/925

vt 0.000666609 0.00845957
vn 0.0418635 0.0132759 0.999035
vt -0.00048725 0.00851871
vt -0.000483549 0.00802572
f 616/1091/926 614/1092/926 568/1093/926

vt 0.000573537 0.00851762
vn 0.130554 0.354985 0.925711
vt -0.000569188 0.00802464
vt 0.00056918 0.00802464
f 614/1094/927 566/1095/927 568/1096/927

vt 0.000573496 0.00851769
vn 0.130522 0.35498 0.925718
vt -0.000573606 0.00851769
vt -0.000569228 0.0080247
f 614/1097/928 612/1098/928 566/1099/928

vt 0.000573602 0.00851772
vn 0.201136 0.673116 0.711659
vt -0.000569153 0.00802473
vt 0.000569258 0.00802473
f 612/1100/929 564/1101/929 566/1102/929

vt 0.000475567 0.00865928
vn 0.127178 0.664359 0.736514
vt -0.000678296 0.00859983
vt -0.000665789 0.00816364
f 612/1103/930 610/1104/930 564/1105/930

vn 0.165031 0.904528 0.393184
f 610/1076/931 561/1077/931 564/1078/931

vn 0.165151 0.904528 0.393134
f 610/1079/932 608/1080/932 561/1081/932

vn 0.157582 0.9874 0.0144634
f 608/1082/933 562/1083/933 561/1084/933

vn 0.157488 0.987414 0.014512
f 608/1085/934 604/1086/934 562/1087/934

vn -0.202214 0.446187 -0.871795
f 586/874/935 587/872/935 668/873/935

vn -0.103024 0.743786 -0.660431
v 164.975 115.877 -190.391
f 668/876/936 587/877/936 669/875/936

vn 0.0177786 0.727382 -0.686002
v 165.627 116.414 -189.805
f 669/908/937 587/909/937 670/910/937

vn -0.0837757 0.422678 -0.9024
f 587/911/938 588/912/938 670/913/938

vn 0.0177243 0.727414 -0.68597
v 165.406 115.806 -190.456
f 669/905/939 670/906/939 671/907/939

vn 0.0985991 0.926257 -0.363766
f 602/902/940 669/903/940 671/904/940

vn -0.024081 0.938053 -0.345654
f 602/881/941 603/882/941 669/883/941

vn -0.103052 0.74377 -0.660444
f 668/880/942 669/878/942 603/879/942

vn 0.0286848 0.725324 -0.68781
f 605/1088/943 668/1089/943 603/1090/943

vn 0.0986016 0.926256 -0.363768
f 602/899/944 671/900/944 601/901/944

g Mesh13 Object_3_1 skpE254_1 Model

v 161.367 116.077 -190.91
vt -0.000594578 0.0102467
vn -0.198103 -0.905862 0.374392
v 161.893 115.943 -190.954
vt -0.000592121 0.00971444
v 162.079 116.322 -189.939
vt 0.000592181 0.00971444
f 672/1106/945 673/1107/945 674/1108/945

v 161.287 116.106 -192.011
vt -0.000594485 0.0102467
vn -0.246314 -0.969161 -0.0075119
vt 0.000592198 0.00971444
vt 0.000594655 0.0102467
f 675/1109/946 673/1110/946 672/1111/946

vt -0.000594562 0.0102466
vn -0.246362 -0.969149 -0.00748217
v 161.813 115.972 -192.05
vt -0.000592181 0.00971431
vt 0.000592121 0.00971431
f 675/1112/947 676/1113/947 673/1114/947

v 161.325 116.539 -193.025
vt -0.000594547 0.0102465
vn -0.254036 -0.885739 -0.388499
vt 0.000592174 0.0097142
vt 0.00059469 0.0102465
f 677/1115/948 676/1116/948 675/1117/948

vt -0.000594444 0.0102467
vn -0.253968 -0.885743 -0.388536
v 161.851 116.404 -193.06
vt -0.000591991 0.00971437
vt 0.000592278 0.00971437
f 677/1118/949 678/1119/949 676/1120/949

v 161.476 117.312 -193.799
vt -0.00059469 0.0102467
vn -0.219859 -0.668379 -0.710585
vt 0.000592094 0.00971437
vt 0.000594547 0.0102467
f 679/1121/950 678/1122/950 677/1123/950

vt -0.000594794 0.0102465
vn -0.219931 -0.668386 -0.710556
v 162.001 117.174 -193.831
vt -0.000592278 0.0097142
vt 0.000591991 0.0097142
f 679/1124/951 680/1125/951 678/1126/951

v 161.717 118.306 -194.214
vt -0.000594655 0.0102466
vn -0.149223 -0.350084 -0.924756
vt 0.000592104 0.00971431
vt 0.000594485 0.0102466
f 681/1127/952 680/1128/952 679/1129/952

vn -0.149167 -0.350075 -0.924769
v 162.241 118.164 -194.244
f 681/1106/953 682/1107/953 680/1108/953

v 162.011 119.37 -194.207
vn -0.0527111 0.0206773 -0.998396
f 683/1109/954 682/1110/954 681/1111/954

vn -0.0527681 0.0206663 -0.998393
v 162.534 119.223 -194.238
f 683/1112/955 684/1113/955 682/1114/955

v 162.314 120.342 -193.78
vn 0.0547541 0.387443 -0.920266
f 685/1115/956 684/1116/956 683/1117/956

vn 0.0548309 0.387455 -0.920257
v 162.836 120.191 -193.812
f 685/1118/957 686/1119/957 684/1120/957

v 162.579 121.074 -192.997
vn 0.157107 0.694318 -0.702311
f 687/1121/958 686/1122/958 685/1123/958

vn 0.157031 0.694315 -0.702331
v 163.1 120.92 -193.033
f 687/1124/959 688/1125/959 686/1126/959

v 162.766 121.454 -191.978
vn 0.238535 0.894688 -0.37767
f 689/1127/960 688/1128/960 687/1129/960

vn 0.23859 0.894682 -0.37765
v 163.286 121.298 -192.018
f 689/1106/961 690/1107/961 688/1108/961

v 162.847 121.425 -190.878
vn 0.2868 0.957981 0.00425405
f 691/1109/962 690/1110/962 689/1111/962

vn 0.286748 0.957997 0.00423239
v 163.366 121.27 -190.922
f 691/1112/963 692/1113/963 690/1114/963

v 162.808 120.991 -189.863
vn 0.294335 0.874611 0.385257
f 693/1115/964 692/1116/964 691/1117/964

vn 0.294401 0.874577 0.385283
v 163.328 120.837 -189.912
f 693/1118/965 694/1119/965 692/1120/965

v 162.657 120.218 -189.09
vn 0.260292 0.657214 0.707332
f 695/1121/966 694/1122/966 693/1123/966

vn 0.260229 0.657258 0.707314
v 163.178 120.068 -189.142
f 695/1124/967 696/1125/967 694/1126/967

v 162.416 119.224 -188.675
vn 0.189609 0.338932 0.921506
f 697/1127/968 696/1128/968 695/1129/968

vn 0.189653 0.338894 0.921511
v 162.938 119.078 -188.728
f 697/1106/969 698/1107/969 696/1108/969

v 162.122 118.16 -188.681
vn 0.0931973 -0.0318573 0.995138
f 699/1109/970 698/1110/970 697/1111/970

vn 0.0931542 -0.0318186 0.995143
v 162.645 118.019 -188.735
f 699/1112/971 700/1113/971 698/1114/971

v 161.819 117.189 -189.108
vn -0.0144558 -0.398571 0.917023
f 701/1115/972 700/1116/972 699/1117/972

vn -0.0143979 -0.39862 0.917003
v 162.343 117.051 -189.16
f 701/1118/973 702/1119/973 700/1120/973

v 161.554 116.457 -189.891
vn -0.116674 -0.705483 0.699057
f 703/1121/974 702/1122/974 701/1123/974

vn -0.116733 -0.705443 0.699088
f 703/1124/975 674/1125/975 702/1126/975

vn -0.198149 -0.90584 0.37442
f 672/1127/976 674/1128/976 703/1129/976

g Mesh14 Object_3_1 skpE254_1 Model

v 167.608 119.92 -192.335
vt -0.000554044 0.00453834
vn 0.0033198 0.936673 -0.350189
v 167.434 119.565 -193.285
vt 0.00055382 0.00453834
v 166.617 119.63 -193.119
vt 0.00051474 0.0053553
f 704/1130/977 705/1131/977 706/1132/977

vt -0.000554018 0.00453835
vn -0.0761836 0.741101 -0.667057
v 166.387 118.996 -193.797
vt 0.000514798 0.00535531
vt -0.000514937 0.00535531
f 705/1133/978 707/1134/978 706/1135/978

vt -0.000553808 0.00453803
vn -0.0762504 0.741159 -0.666985
v 167.187 118.884 -194.014
vt 0.000554102 0.00453803
vt 0.000514993 0.005355
f 705/1136/979 708/1137/979 707/1138/979

vt -0.000553893 0.00453801
vn -0.176106 0.441569 -0.879775
v 166.125 118.155 -194.167
vt 0.000514937 0.00535498
vt -0.000514798 0.00535498
f 708/1139/980 709/1140/980 707/1141/980

vt -0.000554102 0.00453833
vn -0.176044 0.441489 -0.879827
v 166.905 117.978 -194.412
vt 0.000553808 0.00453833
vt 0.000514742 0.00535529
f 708/1142/981 710/1143/981 709/1144/981

vt -0.000553828 0.00453834
vn -0.281007 0.0835874 -0.956059
v 165.87 117.234 -194.173
vt 0.000514948 0.0053553
vt -0.000514747 0.0053553
f 710/1145/982 711/1146/982 709/1147/982

vt -0.00055382 0.00453833
vn -0.281009 0.0835908 -0.956058
v 166.631 116.987 -194.418
vt 0.000554044 0.00453833
vt 0.000514955 0.00535529
f 710/1148/983 712/1149/983 711/1150/983

vt -0.000554037 0.00453833
vn -0.375172 -0.278349 -0.884176
v 165.662 116.373 -193.813
vt 0.000514747 0.00535529
vt -0.000514948 0.00535529
f 712/1151/984 713/1152/984 711/1153/984

vn -0.37517 -0.278353 -0.884176
v 166.406 116.061 -194.031
f 712/1130/985 714/1131/985 713/1132/985

vn -0.444137 -0.589023 -0.675125
v 165.531 115.704 -193.143
f 714/1133/986 715/1134/986 713/1135/986

vn -0.444205 -0.588936 -0.675156
v 166.265 115.341 -193.31
f 714/1136/987 716/1137/987 715/1138/987

vn -0.477511 -0.801156 -0.360739
v 165.498 115.328 -192.265
f 716/1139/988 717/1140/988 715/1141/988

vn -0.477436 -0.801224 -0.360686
v 166.23 114.937 -192.365
f 716/1142/989 718/1143/989 717/1144/989

vn -0.469987 -0.882603 0.0111264
v 165.567 115.303 -191.312
f 718/1145/990 719/1146/990 717/1147/990

vn -0.46999 -0.882602 0.0111239
v 166.305 114.91 -191.34
f 718/1148/991 720/1149/991 719/1150/991

vn -0.422924 -0.820803 0.383951
v 165.729 115.632 -190.43
f 720/1151/992 721/1152/992 719/1153/992

vn -0.422921 -0.820803 0.383953
v 166.479 115.264 -190.391
f 720/1130/993 722/1131/993 721/1132/993

v 166.726 115.946 -189.661
vt 0.000554102 0.00453833
vn -0.343437 -0.625279 0.700769
vt -0.000514742 0.00535529
vt -0.000553808 0.00453833
f 723/1154/994 721/1155/994 722/1156/994

vt 0.000553893 0.00453801
vn -0.343499 -0.625194 0.700815
v 165.959 116.266 -189.752
vt 0.000514798 0.00535498
vt -0.000514937 0.00535498
f 723/1157/995 724/1158/995 721/1159/995

vn -0.243664 -0.325652 0.913553
v 166.221 117.108 -189.382
f 723/1139/996 725/1140/996 724/1141/996

vn -0.243562 -0.325618 0.913592
v 167.008 116.852 -189.264
f 723/1142/997 726/1143/997 725/1144/997

vn -0.138594 0.0322825 0.989823
v 166.476 118.029 -189.376
f 726/1145/998 727/1146/998 725/1147/998

vn -0.138597 0.0322807 0.989823
v 167.282 117.843 -189.257
f 726/1148/999 728/1149/999 727/1150/999

vn -0.0444343 0.394221 0.917941
v 166.684 118.889 -189.736
f 728/1151/1000 729/1152/1000 727/1153/1000

vn -0.0444306 0.394222 0.91794
v 167.507 118.769 -189.644
f 728/1130/1001 730/1131/1001 729/1132/1001

vn 0.0245374 0.704893 0.708889
v 166.815 119.559 -190.406
f 730/1133/1002 731/1134/1002 729/1135/1002

vn 0.0244409 0.704851 0.708934
v 167.648 119.489 -190.365
f 730/1136/1003 732/1137/1003 731/1138/1003

vn 0.0577406 0.917073 0.394517
v 166.848 119.934 -191.284
f 732/1139/1004 733/1140/1004 731/1141/1004

vn 0.0578303 0.917096 0.39445
v 167.683 119.893 -191.31
f 732/1142/1005 734/1143/1005 733/1144/1005

vn 0.0503861 0.998473 0.022638
v 166.779 119.959 -192.237
f 734/1145/1006 735/1146/1006 733/1147/1006

vn 0.0503832 0.998473 0.0226409
f 734/1148/1007 704/1149/1007 735/1150/1007

vn 0.00331711 0.936674 -0.350186
f 704/1151/1008 706/1152/1008 735/1153/1008

g Mesh15 Object_3_1 skpE254_1 Model

v 168.771 115.272 -189.672
vt 0.000593253 0.00301304
vn -0.173242 -0.689477 0.703285
v 168.235 115.433 -189.647
vt 0.000588705 0.00356077
v 167.973 114.708 -190.422
vt -0.00058892 0.00356077
f 736/1160/1009 737/1161/1009 738/1162/1009

v 169.074 116.242 -189.246
vt 0.000593303 0.00301305
vn -0.0710052 -0.382728 0.921128
vt -0.000588864 0.00356077
vt -0.000593414 0.00301305
f 739/1163/1010 737/1164/1010 736/1165/1010

vt 0.000593464 0.00301335
vn -0.0709188 -0.382805 0.921103
v 168.535 116.395 -189.224
vt 0.00058892 0.00356107
vt -0.000588705 0.00356107
f 739/1166/1011 740/1167/1011 737/1168/1011

v 169.367 117.304 -189.24
vt 0.00059328 0.00301333
vn 0.0366023 -0.0161793 0.999199
vt -0.000588936 0.00356106
vt -0.000593467 0.00301333
f 741/1169/1012 740/1170/1012 739/1171/1012

vt 0.000593319 0.00301341
vn 0.0366239 -0.0161991 0.999198
v 168.827 117.449 -189.218
vt 0.000588786 0.00356113
vt -0.000588896 0.00356113
f 741/1172/1013 742/1173/1013 740/1174/1013

v 169.608 118.296 -189.654
vt 0.000593467 0.00301341
vn 0.13302 0.354323 0.925614
vt -0.000588746 0.00356113
vt -0.00059328 0.00301341
f 743/1175/1014 742/1176/1014 741/1177/1014

vt 0.000593427 0.00301333
vn 0.132997 0.354341 0.92561
v 169.065 118.433 -189.629
vt 0.000588896 0.00356106
vt -0.000588786 0.00356106
f 743/1178/1015 744/1179/1015 742/1180/1015

v 169.759 119.067 -190.426
vt 0.000593414 0.00301334
vn 0.203629 0.672481 0.711551
vt -0.00058876 0.00356107
vt -0.000593303 0.00301334
f 745/1181/1016 744/1182/1016 743/1183/1016

vn 0.203534 0.672544 0.711519
v 169.215 119.198 -190.395
f 745/1160/1017 746/1161/1017 744/1162/1017

v 169.797 119.5 -191.438
vn 0.237625 0.889806 0.38959
f 747/1163/1018 746/1164/1018 745/1165/1018

vn 0.237725 0.88976 0.389633
v 169.253 119.628 -191.399
f 747/1166/1019 748/1167/1019 746/1168/1019

v 169.716 119.529 -192.536
vn 0.230094 0.973129 0.00875844
f 749/1169/1020 748/1170/1020 747/1171/1020

vn 0.230121 0.973123 0.00876975
v 169.173 119.657 -192.489
f 749/1172/1021 750/1173/1021 748/1174/1021

v 169.53 119.149 -193.554
vn 0.181939 0.90986 -0.372897
f 751/1175/1022 750/1176/1022 749/1177/1022

vn 0.181912 0.909862 -0.372907
v 168.988 119.28 -193.498
f 751/1178/1023 752/1179/1023 750/1180/1023

v 169.265 118.419 -194.335
vn 0.100505 0.709605 -0.697395
f 753/1181/1024 752/1182/1024 751/1183/1024

vn 0.10039 0.709594 -0.697422
v 168.725 118.555 -194.273
f 753/1160/1025 754/1161/1025 752/1162/1025

v 168.963 117.449 -194.761
vn -0.00184541 0.402845 -0.915266
f 755/1163/1026 754/1164/1026 753/1165/1026

vn -0.00172914 0.402866 -0.915257
v 168.426 117.593 -194.696
f 755/1166/1027 756/1167/1027 754/1168/1027

v 168.669 116.387 -194.767
vn -0.109258 0.0362427 -0.993352
f 757/1169/1028 756/1170/1028 755/1171/1028

vn -0.10923 0.0362487 -0.993355
v 168.134 116.539 -194.703
f 757/1172/1029 758/1173/1029 756/1174/1029

v 168.429 115.395 -194.353
vn -0.205626 -0.334273 -0.919772
f 759/1175/1030 758/1176/1030 757/1177/1030

vn -0.205653 -0.334278 -0.919764
v 167.895 115.555 -194.292
f 759/1178/1031 760/1179/1031 758/1180/1031

v 168.278 114.624 -193.581
vn -0.276277 -0.652419 -0.705705
f 761/1181/1032 760/1182/1032 759/1183/1032

vn -0.276385 -0.652426 -0.705657
v 167.746 114.79 -193.526
f 761/1160/1033 762/1161/1033 760/1162/1033

v 168.24 114.191 -192.569
vn -0.310475 -0.869688 -0.383728
f 763/1163/1034 762/1164/1034 761/1165/1034

vn -0.310373 -0.869699 -0.383787
v 167.708 114.36 -192.521
f 763/1166/1035 764/1167/1035 762/1168/1035

v 168.32 114.162 -191.471
vn -0.30275 -0.953065 -0.00291198
f 765/1169/1036 764/1170/1036 763/1171/1036

vn -0.302726 -0.953073 -0.00292732
v 167.788 114.332 -191.431
f 765/1172/1037 766/1173/1037 764/1174/1037

v 168.507 114.542 -190.454
vn -0.254545 -0.889811 0.378739
f 767/1175/1038 766/1176/1038 765/1177/1038

vn -0.254568 -0.889798 0.378753
f 767/1178/1039 738/1179/1039 766/1180/1039

vn -0.173154 -0.689543 0.703241
f 736/1181/1040 738/1182/1040 767/1183/1040

g Mesh16 Object_3_1 skpE254_1 Model

v 161.084 118.468 -188.694
vt 0.000573869 0.0112178
vn -0.0447338 -0.390239 0.919626
v 160.935 118.509 -188.683
vt 0.000573471 0.0113697
v 160.643 117.572 -189.095
vt -0.000573654 0.0113697
f 768/1184/1041 769/1185/1041 770/1186/1041

v 161.368 119.494 -188.688
vt 0.000574006 0.0112175
vn 0.0627267 -0.0234517 0.997755
vt -0.000573527 0.0113694
vt -0.000573834 0.0112175
f 771/1187/1042 769/1188/1042 768/1189/1042

vt 0.000574004 0.0112175
vn 0.0627227 -0.02345 0.997755
v 161.219 119.535 -188.677
vt 0.00057365 0.0113694
vt -0.000573529 0.0113694
f 771/1190/1043 772/1191/1043 769/1192/1043

v 161.601 120.454 -189.088
vt 0.000573834 0.0112175
vn 0.159204 0.347399 0.924104
vt -0.000573651 0.0113694
vt -0.000574006 0.0112175
f 773/1193/1044 772/1194/1044 771/1195/1044

vt 0.000573836 0.0112175
vn 0.159208 0.347398 0.924104
v 161.451 120.494 -189.078
vt 0.000573529 0.0113694
vt -0.00057365 0.0113694
f 773/1196/1045 774/1197/1045 772/1198/1045

v 161.747 121.2 -189.835
vt 0.000573861 0.0112178
vn 0.229982 0.66571 0.709887
vt -0.000573604 0.0113697
vt -0.000574002 0.0112178
f 775/1199/1046 774/1200/1046 773/1201/1046

vt 0.000573994 0.0112187
vn 0.23028 0.665596 0.709897
v 161.597 121.24 -189.824
vt 0.000573654 0.0113705
vt -0.000573471 0.0113705
f 775/1202/1047 776/1203/1047 774/1204/1047

v 161.783 121.619 -190.814
vt 0.000574002 0.0112187
vn 0.264401 0.883034 0.38774
vt -0.000573521 0.0113705
vt -0.000573861 0.0112187
f 777/1205/1048 776/1206/1048 775/1207/1048

vn 0.264098 0.883134 0.387721
v 161.634 121.658 -190.802
f 777/1184/1049 778/1185/1049 776/1186/1049

v 161.706 121.647 -191.876
vn 0.256364 0.966557 0.00671512
f 779/1187/1050 778/1188/1050 777/1189/1050

vn 0.25636 0.966558 0.00671482
v 161.556 121.686 -191.864
f 779/1190/1051 780/1191/1051 778/1192/1051

v 161.525 121.279 -192.86
vn 0.208135 0.903237 -0.375289
f 781/1193/1052 780/1194/1052 779/1195/1052

vn 0.208139 0.903236 -0.375289
v 161.376 121.319 -192.847
f 781/1196/1053 782/1197/1053 780/1198/1053

v 161.269 120.573 -193.615
vn 0.126777 0.702811 -0.699989
f 783/1199/1054 782/1200/1054 781/1201/1054

vn 0.127093 0.702759 -0.699983
v 161.12 120.613 -193.602
f 783/1202/1055 784/1203/1055 782/1204/1055

v 160.977 119.635 -194.028
vn 0.0247824 0.395794 -0.918005
f 785/1205/1056 784/1206/1056 783/1207/1056

vn 0.0244658 0.395836 -0.917995
v 160.828 119.676 -194.014
f 785/1184/1057 786/1185/1057 784/1186/1057

v 160.693 118.608 -194.034
vn -0.0832018 0.0291058 -0.996108
f 787/1187/1058 786/1188/1058 785/1189/1058

vn -0.0832061 0.0291063 -0.996107
v 160.544 118.65 -194.02
f 787/1190/1059 788/1191/1059 786/1192/1059

v 160.46 117.649 -193.633
vn -0.179687 -0.341743 -0.922456
f 789/1193/1060 788/1194/1060 787/1195/1060

vn -0.179683 -0.341744 -0.922456
v 160.311 117.691 -193.62
f 789/1196/1061 790/1197/1061 788/1198/1061

v 160.314 116.903 -192.887
vn -0.25025 -0.660113 -0.708256
f 791/1199/1062 790/1200/1062 789/1201/1062

vn -0.24994 -0.660167 -0.708315
v 160.166 116.945 -192.874
f 791/1202/1063 792/1203/1063 790/1204/1063

v 160.278 116.484 -191.908
vn -0.284062 -0.877605 -0.386158
f 793/1205/1064 792/1206/1064 791/1207/1064

vn -0.284366 -0.877537 -0.38609
v 160.129 116.527 -191.895
f 793/1184/1065 794/1185/1065 792/1186/1065

v 160.355 116.456 -190.845
vn -0.276839 -0.960903 -0.00506753
f 795/1187/1066 794/1188/1066 793/1189/1066

vn -0.276843 -0.960902 -0.00506657
v 160.207 116.499 -190.834
f 795/1190/1067 796/1191/1067 794/1192/1067

v 160.536 116.823 -189.862
vn -0.228619 -0.897581 0.376938
f 797/1193/1068 796/1194/1068 795/1195/1068

vn -0.228614 -0.897582 0.376937
v 160.387 116.866 -189.85
f 797/1196/1069 798/1197/1069 796/1198/1069

v 160.792 117.53 -189.106
vn -0.147045 -0.697214 0.70162
f 799/1199/1070 798/1200/1070 797/1201/1070

vn -0.146753 -0.69733 0.701565
f 799/1202/1071 770/1203/1071 798/1204/1071

vn -0.0444427 -0.390365 0.919587
f 768/1205/1072 770/1206/1072 799/1207/1072

g Mesh17 Object_3_1 skpE254_1 Model

v 156.492 119.304 -191.671
vt -0.000244702 0.0154264
vn -0.34536 -0.85808 -0.380034
v 156.477 119.126 -191.253
vt 0.000244571 0.0154264
v 156.132 119.25 -191.219
vt 0.000238673 0.0157859
f 800/1208/1073 801/1209/1073 802/1210/1073

vt -0.000291146 0.0154284
vn -0.33422 -0.941743 0.0376389
v 156.185 119.248 -190.782
vt 0.000190327 0.0157709
vt -0.000284138 0.015788
f 801/1211/1074 803/1212/1074 802/1213/1074

vt -0.000244367 0.0153002
vn -0.382138 -0.924099 0.00342247
v 156.51 119.114 -190.8
vt 0.000244916 0.0153002
vt 0.000235686 0.0156443
f 801/1214/1075 804/1215/1075 803/1216/1075

vt -0.000390854 0.0155909
vn -0.205992 -0.938098 -0.27846
vt 9.2576e-05 0.0159504
v 156.118 119.383 -191.657
vt -0.000400669 0.0159654
f 800/1217/1076 802/1218/1076 805/1219/1076

v 156.555 119.622 -191.989
vt -0.000244571 0.0155933
vn -0.167516 -0.680901 -0.712961
vt 0.000244702 0.0155933
vt 0.000250847 0.0159679
f 806/1220/1077 800/1221/1077 805/1222/1077

vt -0.000244586 0.0155933
vn -0.167504 -0.680912 -0.712953
vt 0.000250833 0.0159679
v 156.181 119.709 -191.984
vt -0.000250702 0.0159679
f 806/1223/1078 805/1224/1078 807/1225/1078

v 156.678 120.023 -192.17
vt -0.00027445 0.0155681
vn -0.101639 -0.383807 -0.917803
vt 0.000216684 0.0155937
vt 0.000222151 0.0159682
f 808/1226/1079 806/1227/1079 807/1228/1079

vt -0.000246528 0.0155646
vn -0.121432 -0.357421 -0.926015
vt 0.000250695 0.0159641
v 156.283 120.128 -192.159
vt -0.000250886 0.0159641
f 808/1229/1080 807/1230/1080 809/1231/1080

v 156.8 120.464 -192.167
vt -0.000246572 0.0155646
vn -0.0250952 0.0128787 -0.999602
vt 0.00024625 0.0155646
vt 0.000250604 0.0159641
f 810/1232/1081 808/1233/1081 809/1234/1081

vt -0.000246295 0.0155646
vn -0.025279 0.0131616 -0.999594
vt 0.000250886 0.015964
v 156.407 120.577 -192.156
vt -0.000250695 0.015964
f 810/1235/1082 809/1236/1082 811/1237/1082

v 156.925 120.867 -191.99
vt -0.000246566 0.0155646
vn 0.0821815 0.379358 -0.921593
vt 0.000246363 0.0155646
vt 0.000250633 0.0159641
f 812/1238/1083 810/1239/1083 811/1240/1083

vt -0.000246497 0.0155646
vn 0.0821368 0.379424 -0.92157
vt 0.000250702 0.015964
v 156.535 120.987 -191.976
vt -0.000250833 0.015964
f 812/1241/1084 811/1242/1084 813/1243/1084

v 157.035 121.17 -191.666
vt -0.000246363 0.0155646
vn 0.18436 0.686131 -0.70373
vt 0.000246566 0.0155646
vt 0.000250902 0.015964
f 814/1244/1085 812/1245/1085 813/1246/1085

vt -0.000246431 0.0155646
vn 0.184406 0.686075 -0.703772
vt 0.000250833 0.0159641
v 156.647 121.295 -191.646
vt -0.000250702 0.0159641
f 814/1247/1086 813/1248/1086 815/1249/1086

v 157.113 121.328 -191.243
vt -0.00024625 0.0155646
vn 0.265733 0.886274 -0.379348
vt 0.000246572 0.0155646
vt 0.000250978 0.015964
f 816/1250/1087 814/1251/1087 815/1252/1087

vn 0.265935 0.886119 -0.379569
v 156.726 121.456 -191.216
f 816/1229/1088 815/1230/1088 817/1231/1088

v 157.146 121.316 -190.787
vn 0.314102 0.949388 0.00186848
f 818/1232/1089 816/1233/1089 817/1234/1089

vn 0.313879 0.949461 0.00211107
v 156.759 121.443 -190.752
f 818/1235/1090 817/1236/1090 819/1237/1090

v 157.13 121.136 -190.367
vn 0.321554 0.866173 0.382553
f 820/1238/1091 818/1239/1091 819/1240/1091

vn 0.321493 0.866171 0.382609
v 156.743 121.26 -190.324
f 820/1241/1092 819/1242/1092 821/1243/1092

v 157.067 120.815 -190.046
vn 0.2874 0.648914 0.704494
f 822/1244/1093 820/1245/1093 821/1246/1093

vn 0.287467 0.648934 0.704448
v 156.68 120.934 -189.998
f 822/1247/1094 821/1248/1094 823/1249/1094

v 156.968 120.404 -189.874
vn 0.216793 0.330877 0.918434
f 824/1250/1095 822/1251/1095 823/1252/1095

vn 0.217083 0.331008 0.918319
v 156.578 120.515 -189.823
f 824/1229/1096 823/1230/1096 825/1231/1096

v 156.846 119.963 -189.877
vn 0.12075 -0.0392932 0.991905
f 826/1232/1097 824/1233/1097 825/1234/1097

vn 0.120449 -0.0394422 0.991936
v 156.454 120.066 -189.825
f 826/1235/1098 825/1236/1098 827/1237/1098

vn 0.0131018 -0.40567 0.913926
v 156.72 119.56 -190.054
f 827/1240/1099 828/1238/1099 826/1239/1099

vt 0.000452874 0.0156361
vn -0.207154 -0.490867 0.846248
v 156.351 119.692 -190.067
vt -3.93758e-05 0.0156169
vt -4.12274e-05 0.0152335
f 827/1253/1100 829/1254/1100 828/1255/1100

v 156.61 119.257 -190.378
vt -0.000246363 0.0152443
vn -0.262407 -0.659047 0.70484
vt 0.000246566 0.0152443
vt 0.000235492 0.0156275
f 830/1256/1101 828/1257/1101 829/1258/1101

vt -0.00029153 0.0153636
vn -0.214389 -0.648661 0.730257
vt 0.000192038 0.015745
v 156.239 119.391 -190.368
vt -0.000282376 0.0157492
f 830/1259/1102 829/1260/1102 831/1261/1102

vt -0.000228554 0.0153873
vn -0.307022 -0.877032 0.369531
vt 0.000262571 0.0153617
vt 0.000254412 0.0157474
f 804/1262/1103 830/1263/1103 831/1264/1103

g Mesh18 Object_3_1 skpE254_1 Model

v 169.861 116.077 -194.768
vt 0.000573168 0.00196861
vn -0.0539591 0.0209835 -0.998323
v 169.712 116.118 -194.759
vt 0.000573827 0.00212056
v 169.996 117.145 -194.753
vt -0.000573937 0.00212056
f 832/1265/1104 833/1266/1104 834/1267/1104

vt -0.000573168 0.00196861
vn -0.150405 -0.349732 -0.924698
v 169.479 115.159 -194.359
vt 0.000573937 0.00212056
vt -0.000573827 0.00212056
f 832/1268/1105 835/1269/1105 833/1270/1105

vt -0.000573165 0.00196859
vn -0.150412 -0.349729 -0.924698
v 169.629 115.119 -194.368
vt 0.000573275 0.00196859
vt 0.00057394 0.00212054
f 832/1271/1106 836/1272/1106 835/1273/1106

v 169.333 114.413 -193.612
vt 0.00057387 0.00212058
vn -0.221064 -0.668058 -0.710513
vt -0.000573903 0.00212058
vt -0.000573251 0.00196863
f 837/1274/1107 835/1275/1107 836/1276/1107

vt 0.000574052 0.00211946
vn -0.221473 -0.667905 -0.71053
vt -0.000573069 0.00196752
v 169.483 114.374 -193.622
vt 0.000573407 0.00196744
f 837/1277/1108 836/1278/1108 838/1279/1108

v 169.446 113.956 -192.645
vt 0.000573069 0.00196752
vn -0.255597 -0.885368 -0.388321
vt -0.000574052 0.00211946
vt -0.000573407 0.00196744
f 839/1280/1109 837/1281/1109 838/1282/1109

vt 0.000573251 0.00196863
vn -0.255177 -0.885451 -0.388409
v 169.296 113.994 -192.633
vt 0.000573903 0.00212058
vt -0.00057387 0.00212058
f 839/1283/1110 840/1284/1110 837/1285/1110

vt -0.00057394 0.00212054
vn -0.247561 -0.968844 -0.0073739
vt -0.000573275 0.00196859
v 169.524 113.928 -191.584
vt 0.000573165 0.00196859
f 840/1286/1111 839/1287/1111 841/1288/1111

vn -0.247554 -0.968846 -0.00737552
v 169.374 113.966 -191.571
f 840/1267/1112 841/1265/1112 842/1266/1112

v 169.704 114.294 -190.601
vt 0.000573275 0.00196861
vn -0.199347 -0.905548 0.37449
vt -0.000573824 0.00212056
vt -0.000573165 0.00196861
f 843/1289/1113 842/1290/1113 841/1291/1113

vt 0.000573272 0.00196859
vn -0.199354 -0.905546 0.374491
v 169.554 114.333 -190.587
vt 0.000573937 0.00212054
vt -0.000573827 0.00212054
f 843/1292/1114 844/1293/1114 842/1294/1114

v 169.96 115 -189.846
vt 0.000573407 0.00196855
vn -0.117895 -0.705217 0.69912
vt -0.000573721 0.00212058
vt -0.000573069 0.00196864
f 845/1295/1115 844/1296/1115 843/1297/1115

vt 0.000573225 0.00196744
vn -0.118297 -0.705067 0.699205
v 169.81 115.039 -189.832
vt 0.00057387 0.00211947
vt -0.000573903 0.00211947
f 845/1298/1116 846/1299/1116 844/1300/1116

v 170.252 115.937 -189.435
vn -0.015986 -0.398093 0.917206
f 847/1280/1117 846/1281/1117 845/1282/1117

vn -0.0155874 -0.39826 0.91714
v 170.102 115.977 -189.42
f 847/1283/1118 848/1284/1118 846/1285/1118

vt -0.000573272 0.00196859
vn 0.091966 -0.0314789 0.995264
v 170.386 117.004 -189.413
vt 0.000573827 0.00212054
vt -0.000573937 0.00212054
f 847/1301/1119 849/1302/1119 848/1303/1119

vt -0.000573275 0.00196861
vn 0.0919732 -0.0314798 0.995264
v 170.535 116.962 -189.429
vt 0.000573165 0.00196861
vt 0.000573824 0.00212056
f 847/1304/1120 850/1305/1120 849/1306/1120

vn 0.188419 0.339234 0.921639
v 170.768 117.921 -189.829
f 849/1290/1121 850/1291/1121 851/1289/1121

vn 0.188412 0.339237 0.92164
v 170.619 117.963 -189.814
f 849/1294/1122 851/1292/1122 852/1293/1122

v 170.914 118.666 -190.574
vn 0.259088 0.657512 0.707497
f 853/1295/1123 852/1296/1123 851/1297/1123

vn 0.258683 0.657677 0.707492
v 170.765 118.709 -190.561
f 853/1298/1124 854/1299/1124 852/1300/1124

vt -0.000573225 0.00196744
vn 0.292795 0.875071 0.385386
v 170.802 119.128 -191.54
vt 0.000573903 0.00211947
vt -0.00057387 0.00211947
f 853/1307/1125 855/1308/1125 854/1309/1125

vt -0.000573407 0.00196855
vn 0.293211 0.874973 0.385291
v 170.95 119.084 -191.552
vt 0.000573069 0.00196864
vt 0.000573721 0.00212058
f 853/1310/1126 856/1311/1126 855/1312/1126

vn 0.285561 0.958351 0.00431613
v 170.873 119.112 -192.613
f 855/1286/1127 856/1287/1127 857/1288/1127

vn 0.285568 0.958349 0.00431663
v 170.724 119.156 -192.602
f 855/1267/1128 857/1265/1128 858/1266/1128

v 170.692 118.745 -193.596
vn 0.237361 0.895051 -0.377549
f 859/1289/1129 858/1290/1129 857/1291/1129

vn 0.237354 0.895053 -0.377549
v 170.544 118.789 -193.586
f 859/1292/1130 860/1293/1130 858/1294/1130

vn 0.155912 0.694673 -0.702226
v 170.288 118.083 -194.341
f 859/1276/1131 861/1274/1131 860/1275/1131

vt -0.000573074 0.00196755
vn 0.155522 0.694832 -0.702155
v 170.437 118.04 -194.35
vt 0.000573403 0.00196755
vt 0.000574048 0.00211949
f 859/1313/1132 862/1314/1132 861/1315/1132

vt -0.000574043 0.00211949
vn 0.0531976 0.38782 -0.920199
vt -0.000573398 0.00196755
v 170.145 117.103 -194.762
vt 0.000573078 0.00196746
f 861/1316/1133 862/1317/1133 863/1318/1133

vt -0.00057387 0.00212055
vn 0.0536088 0.387761 -0.9202
vt 0.000573251 0.00196852
vt 0.000573903 0.00212055
f 861/1319/1134 863/1320/1134 834/1321/1134

vt 0.000573161 0.00196856
vn -0.0539773 0.0209858 -0.998322
vt -0.000573945 0.00212051
vt -0.000573279 0.00196848
f 832/1322/1135 834/1323/1135 863/1324/1135

g Mesh19 Object_3_1 skpE254_1 Model

v 159.516 117.048 -192.873
vt -0.000592328 0.0120871
vn -0.254938 -0.885499 -0.388456
v 160.064 116.906 -192.911
vt -0.000589893 0.0115322
v 160.026 116.476 -191.904
vt 0.000590072 0.0115322
f 864/1325/1136 865/1326/1136 866/1327/1136

v 159.666 117.818 -193.644
vt -0.000592367 0.0120871
vn -0.220824 -0.668108 -0.710541
vt 0.000590041 0.0115322
vt 0.000592477 0.0120871
f 867/1328/1137 865/1329/1137 864/1330/1137

vt -0.000592516 0.0120868
vn -0.220924 -0.668119 -0.7105
v 160.214 117.673 -193.678
vt -0.000590072 0.011532
vt 0.000589893 0.011532
f 867/1331/1138 868/1332/1138 865/1333/1138

v 159.907 118.808 -194.058
vt -0.000592274 0.0120869
vn -0.150234 -0.349748 -0.924719
vt 0.000590207 0.011532
vt 0.000592614 0.0120869
f 869/1334/1139 868/1335/1139 867/1336/1139

vt -0.000592517 0.0120865
vn -0.150404 -0.349781 -0.924679
v 160.453 118.659 -194.09
vt -0.000590111 0.0115316
vt 0.000589965 0.0115316
f 869/1337/1140 870/1338/1140 868/1339/1140

v 160.2 119.868 -194.051
vt -0.000592614 0.0120865
vn -0.0539549 0.0209503 -0.998324
vt 0.000589868 0.0115316
vt 0.000592274 0.0120865
f 871/1340/1141 870/1341/1141 869/1342/1141

vt -0.000592371 0.0120869
vn -0.0537808 0.020987 -0.998332
v 160.745 119.715 -194.084
vt -0.000589965 0.011532
vt 0.000590111 0.011532
f 871/1343/1142 872/1344/1142 870/1345/1142

v 160.501 120.836 -193.626
vt -0.000592477 0.0120868
vn 0.053758 0.387701 -0.920216
vt 0.000589924 0.011532
vt 0.000592367 0.0120868
f 873/1346/1143 872/1347/1143 871/1348/1143

vn 0.0538645 0.387719 -0.920202
v 161.046 120.679 -193.66
f 873/1325/1144 874/1326/1144 872/1327/1144

v 160.765 121.565 -192.846
vn 0.156152 0.694616 -0.702229
f 875/1328/1145 874/1329/1145 873/1330/1145

vn 0.156047 0.69461 -0.702258
v 161.309 121.405 -192.883
f 875/1331/1146 876/1332/1146 874/1333/1146

v 160.952 121.944 -191.83
vn 0.23753 0.895013 -0.377533
f 877/1334/1147 876/1335/1147 875/1336/1147

vn 0.237364 0.89503 -0.377598
v 161.494 121.783 -191.872
f 877/1337/1148 878/1338/1148 876/1339/1148

v 161.032 121.915 -190.734
vn 0.285578 0.958346 0.00428477
f 879/1340/1149 878/1341/1149 877/1342/1149

vn 0.285735 0.958299 0.00435407
v 161.574 121.754 -190.78
f 879/1343/1150 880/1344/1150 878/1345/1150

v 160.994 121.483 -189.723
vn 0.293352 0.874913 0.38532
f 881/1346/1151 880/1347/1151 879/1348/1151

vn 0.293443 0.874866 0.385358
v 161.536 121.324 -189.774
f 881/1325/1152 882/1326/1152 880/1327/1152

v 160.843 120.713 -188.953
vn 0.259329 0.657475 0.707442
f 883/1328/1153 882/1329/1153 881/1330/1153

vn 0.259243 0.657537 0.707416
v 161.386 120.557 -189.006
f 883/1331/1154 884/1332/1154 882/1333/1154

v 160.603 119.723 -188.539
vn 0.188576 0.33916 0.921634
f 885/1334/1155 884/1335/1155 883/1336/1155

vn 0.188442 0.339277 0.921618
v 161.147 119.57 -188.594
f 885/1337/1156 886/1338/1156 884/1339/1156

v 160.31 118.663 -188.545
vn 0.0919936 -0.0314544 0.995263
f 887/1340/1157 886/1341/1157 885/1342/1157

vn 0.0921236 -0.0315751 0.995247
v 160.855 118.515 -188.601
f 887/1343/1158 888/1344/1158 886/1345/1158

v 160.008 117.695 -188.971
vn -0.0154387 -0.398283 0.917133
f 889/1346/1159 888/1347/1159 887/1348/1159

vn -0.0153595 -0.398352 0.917104
v 160.555 117.551 -189.024
f 889/1325/1160 890/1326/1160 888/1327/1160

v 159.744 116.966 -189.751
vn -0.117647 -0.705249 0.69913
f 891/1328/1161 890/1329/1161 889/1330/1161

vn -0.117728 -0.705192 0.699174
v 160.292 116.824 -189.801
f 891/1331/1162 892/1332/1162 890/1333/1162

v 159.558 116.587 -190.766
vn -0.199187 -0.905601 0.374448
f 893/1334/1163 892/1335/1163 891/1336/1163

vn -0.199326 -0.905534 0.374537
v 160.106 116.447 -190.812
f 893/1337/1164 894/1338/1164 892/1339/1164

v 159.478 116.616 -191.863
vn -0.24754 -0.96885 -0.00734566
f 895/1340/1165 894/1341/1165 893/1342/1165

vn -0.247393 -0.968887 -0.00743943
f 895/1343/1166 866/1344/1166 894/1345/1166

vn -0.255033 -0.885495 -0.388404
f 864/1346/1167 866/1347/1167 895/1348/1167

g Mesh20 Object_3_1 skpE254_1 Model

v 166.44 118.908 -189.79
vt -0.000496887 0.00599295
vn 0.14533 0.685691 0.713237
v 166.591 118.875 -189.789
vt -0.000500128 0.00584223
v 166.718 119.524 -190.439
vt 0.000499738 0.00584223
f 896/1349/1168 897/1350/1168 898/1351/1168

vt -0.000496724 0.00599406
vn 0.145702 0.685568 0.713279
vt 0.000499901 0.00584335
v 166.566 119.553 -190.436
vt 0.000496695 0.00599406
f 896/1352/1169 898/1353/1169 899/1354/1169

vt -0.000496533 0.00599406
vn 0.179657 0.901951 0.392694
vt -0.000499738 0.00584334
v 166.75 119.889 -191.292
vt 0.000500128 0.00584334
f 899/1355/1170 898/1356/1170 900/1357/1170

vt -0.000496695 0.00599295
vn 0.179276 0.902045 0.39265
vt 0.000499964 0.00584223
v 166.598 119.916 -191.283
vt 0.000496724 0.00599295
f 899/1358/1171 900/1359/1171 901/1360/1171

g Mesh21 Object_3_1 skpE254_1 Model

v 165.74 116.377 -189.805
vt 0.000496695 0.00599295
vn -0.229935 -0.670864 0.705033
v 165.519 115.765 -190.459
vt -0.000496724 0.00599295
v 165.663 115.712 -190.462
vt -0.000499964 0.00584223
f 902/1361/1172 903/1362/1172 904/1363/1172

vt 0.000496533 0.00599406
vn -0.229552 -0.67095 0.705076
vt -0.000500128 0.00584334
v 165.886 116.328 -189.804
vt 0.000499738 0.00584334
f 902/1364/1173 904/1365/1173 905/1366/1173

vt -0.000499901 0.00584335
vn -0.127738 -0.365468 0.922017
v 165.993 117.189 -189.448
vt 0.000496724 0.00599406
vt -0.000496695 0.00599406
f 905/1367/1174 906/1368/1174 902/1369/1174

vt -0.000499738 0.00584223
vn -0.128126 -0.365408 0.921988
v 166.141 117.145 -189.445
vt 0.000500128 0.00584223
vt 0.000496887 0.00599295
f 905/1370/1175 907/1371/1175 906/1372/1175

g Mesh22 Object_3_1 skpE254_1 Model

v 165.327 115.834 -193.077
vn -0.366241 -0.850427 -0.37768
v 165.47 115.782 -193.097
v 165.438 115.417 -192.245
f 908/1355/1176 909/1356/1176 910/1357/1176

v 165.453 116.48 -193.723
vn -0.332284 -0.634045 -0.698265
f 911/1352/1177 909/1353/1177 908/1354/1177

vn -0.332656 -0.633962 -0.698163
v 165.597 116.431 -193.748
f 911/1349/1178 912/1350/1178 909/1351/1178

vn -0.366605 -0.850316 -0.377576
v 165.295 115.472 -192.23
f 908/1358/1179 910/1359/1179 913/1360/1179

g Mesh23 Object_3_1 skpE254_1 Model

v 166.153 119.011 -193.708
vn -0.0588276 0.417049 -0.906978
v 166.302 118.979 -193.732
v 166.048 118.162 -194.091
f 914/1355/1180 915/1356/1180 916/1357/1180

v 166.375 119.622 -193.054
vn 0.0429851 0.722517 -0.690016
f 917/1352/1181 915/1353/1181 914/1354/1181

vn 0.0425921 0.72255 -0.690006
v 166.525 119.594 -193.074
f 917/1349/1182 918/1350/1182 915/1351/1182

vn -0.0592189 0.41708 -0.906939
v 165.9 118.199 -194.065
f 914/1358/1183 916/1359/1183 919/1360/1183

g Mesh24 Object_3_1 skpE254_1 Model

v 169.13 119.087 -190.479
vt -0.000555965 0.00344366
vn -0.144921 -0.685716 -0.713296
v 168.989 118.365 -189.755
vt 0.00055596 0.00344366
v 168.769 118.413 -189.757
vt 0.000551219 0.00366339
f 920/1373/1184 921/1374/1184 922/1375/1184

v 168.764 117.435 -189.367
vt 0.000556056 0.00344352
vn -0.0745469 -0.368931 -0.926463
vt -0.000551097 0.00366325
vt -0.000555781 0.00344352
f 923/1376/1185 922/1377/1185 921/1378/1185

vt 0.000555773 0.00344219
vn -0.0740772 -0.368946 -0.926494
v 168.546 117.491 -189.372
vt 0.000551038 0.00366192
vt -0.000551377 0.00366192
f 923/1379/1186 924/1380/1186 922/1381/1186

vt -0.000555773 0.00344219
vn 0.0218989 -3.75837e-05 -0.99976
v 168.273 116.505 -189.378
vt 0.000551377 0.00366192
vt -0.000551038 0.00366192
f 923/1382/1187 925/1383/1187 924/1384/1187

vt -0.000556056 0.00344352
vn 0.0214823 0.000182115 -0.999769
v 168.488 116.441 -189.373
vt 0.000555781 0.00344352
vt 0.000551097 0.00366325
f 923/1385/1188 926/1386/1188 925/1387/1188

vt -0.000551219 0.00366339
vn 0.128491 0.365215 -0.922013
vt -0.00055596 0.00344366
v 168.205 115.532 -189.773
vt 0.000555965 0.00344366
f 925/1388/1189 926/1389/1189 927/1390/1189

vt -0.000551198 0.00366348
vn 0.128457 0.365218 -0.922016
vt 0.000555986 0.00344376
v 167.992 115.604 -189.774
vt 0.000551275 0.00366348
f 925/1391/1190 927/1392/1190 928/1393/1190

vt -0.000551255 0.00366348
vn 0.230288 0.67075 -0.705026
vt -0.000555965 0.00344376
v 167.958 114.848 -190.505
vt 0.00055596 0.00344376
f 928/1394/1191 927/1395/1191 929/1396/1191

vt -0.000551275 0.00366339
vn 0.230322 0.670744 -0.705021
vt 0.00055594 0.00344366
v 167.747 114.926 -190.5
vt 0.000551198 0.00366339
f 928/1397/1192 929/1398/1192 930/1399/1192

vn 0.311434 0.870145 -0.381911
v 167.783 114.492 -191.457
f 930/1377/1193 929/1378/1193 931/1376/1193

vn 0.311882 0.870018 -0.381837
v 167.573 114.573 -191.444
f 930/1381/1194 931/1379/1194 932/1380/1194

vt -0.000551318 0.00366193
vn 0.35986 0.933005 -0.00173123
vt -0.000556056 0.0034422
v 167.707 114.519 -192.486
vt 0.000555781 0.0034422
f 932/1400/1195 931/1401/1195 933/1402/1195

vt -0.000551038 0.00366326
vn 0.359424 0.933173 -0.00179587
vt 0.000556063 0.00344353
v 167.499 114.6 -192.465
vt 0.000551377 0.00366326
f 932/1403/1196 933/1404/1196 934/1405/1196

vn 0.366981 0.85018 0.377516
v 167.743 114.925 -193.435
f 934/1388/1197 933/1389/1197 935/1390/1197

vn 0.36695 0.850195 0.377513
v 167.534 115.002 -193.405
f 934/1391/1198 935/1392/1198 936/1393/1198

vn 0.332992 0.633784 0.698165
v 167.884 115.648 -194.158
f 936/1394/1199 935/1395/1199 937/1396/1199

vn 0.333023 0.633768 0.698165
v 167.674 115.718 -194.122
f 936/1397/1200 937/1398/1200 938/1399/1200

vn 0.26274 0.316962 0.911319
v 168.11 116.577 -194.546
f 938/1377/1201 937/1378/1201 939/1376/1201

vn 0.263151 0.316735 0.91128
v 167.898 116.64 -194.507
f 938/1381/1202 939/1379/1202 940/1380/1202

vn 0.167146 -0.0522703 0.984546
v 168.385 117.572 -194.54
f 940/1400/1203 939/1401/1203 941/1402/1203

vn 0.166736 -0.0520529 0.984627
v 168.171 117.626 -194.501
f 940/1403/1204 941/1404/1204 942/1405/1204

vn 0.0596111 -0.417158 0.906877
v 168.668 118.48 -194.141
f 942/1388/1205 941/1389/1205 943/1390/1205

vn 0.0595809 -0.417144 0.906885
v 168.451 118.527 -194.105
f 942/1391/1206 943/1392/1206 944/1393/1206

vt -0.000555986 0.00344376
vn -0.0422521 -0.72268 0.68989
v 168.697 119.205 -193.379
vt 0.000551198 0.00366348
vt -0.000551275 0.00366348
f 943/1406/1207 945/1407/1207 944/1408/1207

vn -0.0422179 -0.722682 0.68989
v 168.916 119.164 -193.409
f 943/1373/1208 946/1374/1208 945/1375/1208

v 169.091 119.52 -192.456
vn -0.123241 -0.922113 0.366768
f 947/1376/1209 945/1377/1209 946/1378/1209

vn -0.122808 -0.922229 0.366622
v 168.87 119.558 -192.434
f 947/1379/1210 948/1380/1210 945/1381/1210

v 169.166 119.493 -191.427
vn -0.17079 -0.985215 -0.0134828
f 949/1402/1211 948/1400/1211 947/1401/1211

vn -0.171234 -0.98514 -0.0133474
v 168.945 119.531 -191.414
f 949/1404/1212 950/1405/1212 948/1403/1212

vt -0.00055594 0.00344366
vn -0.178879 -0.902126 -0.392645
v 168.91 119.129 -190.474
vt 0.000551275 0.00366339
vt -0.000551198 0.00366339
f 949/1409/1213 951/1410/1213 950/1411/1213

vt -0.00055596 0.00344376
vn -0.178912 -0.902117 -0.392651
vt 0.000555965 0.00344376
vt 0.000551255 0.00366348
f 949/1412/1214 920/1413/1214 951/1414/1214

vn -0.144953 -0.685704 -0.713301
f 920/1406/1215 922/1407/1215 951/1408/1215

g Mesh25 Object_3_1 skpE254_1 Model

v 170.49 114.858 -189.896
vt 0.000592613 0.00155818
vn -0.034956 0.404269 -0.913972
v 170.674 115.821 -189.476
vt -0.000550069 0.00166728
v 171.596 115.571 -189.623
vt -0.000524675 0.000721869
f 952/1415/1216 953/1416/1216 954/1417/1216

v 170.365 115.906 -189.447
vt -0.00056864 0.00183994
vn 0.0202687 0.395569 -0.918212
vt -0.000566932 0.00152524
vt 0.00057578 0.00141639
f 955/1418/1217 953/1419/1217 952/1420/1217

v 170.649 116.93 -189.44
vt -0.00057376 0.00184096
vn -0.0875476 0.030664 -0.995688
vt 0.000570843 0.00152725
vt 0.000571177 0.00184196
f 956/1421/1218 953/1422/1218 955/1423/1218

vt -0.000575035 0.0018258
vn 0.026115 0.396105 -0.917834
vt 0.000569398 0.00140229
v 170.081 114.968 -189.86
vt 0.000570687 0.00181814
f 955/1424/1219 952/1425/1219 957/1426/1219

vt -0.000568653 0.0014033
vn 0.1276 0.701842 -0.700811
v 169.819 114.265 -190.612
vt 0.000575674 0.0018259
vt -0.00056904 0.00181915
f 952/1427/1220 958/1428/1220 957/1429/1220

vt -0.000595477 0.00146234
vn 0.107721 0.713762 -0.692055
v 169.97 114.228 -190.626
vt 0.000547268 0.0017319
vt 0.000548759 0.00188514
f 952/1430/1221 959/1431/1221 958/1432/1221

vt 0.000517273 0.00183308
vn 0.0715502 0.729662 -0.680054
vt -0.00062531 0.00156296
v 171.435 114.642 -190.028
vt -0.000612601 0.000605452
f 959/1433/1222 952/1434/1222 960/1435/1222

vt 0.000590809 0.00156011
vn -0.0355147 0.405003 -0.913625
vt -0.000526439 0.00072375
vt 0.000571461 0.000602694
f 952/1436/1223 954/1437/1223 960/1438/1223

vt 0.000664609 0.00110012
vn -0.541434 0.4133 -0.732143
vt 0.00078278 0.0017749
vt -0.000311205 0.00192229
f 59/1439/1224 960/1440/1224 954/1441/1224

v 171.432 114.293 -190.989
vt -0.000373575 0.00134749
vn -0.330354 0.887445 -0.321415
vt -0.00145459 0.00153621
vt -0.00122617 0.000885174
f 961/1442/1225 960/1443/1225 59/1444/1225

vt -0.000299244 0.00155487
vn -0.450076 0.839762 -0.303696
v 170.821 114.061 -190.723
vt -0.000324181 0.00224408
vt -0.00137625 0.00176164
f 961/1445/1226 962/1446/1226 960/1447/1226

v 171.057 114.043 -191.816
vt 1.31758e-05 0.00169683
vn -0.390186 0.915297 -0.0999283
vt -0.00111187 0.00208716
vt -0.000952381 0.00141295
f 963/1448/1227 962/1449/1227 961/1450/1227

vt -4.76098e-05 0.00161593
vn -0.336274 0.937581 -0.0886663
v 170.313 113.79 -191.666
vt -7.69116e-05 0.00239785
vt -0.00117903 0.00199077
f 963/1451/1228 964/1452/1228 962/1453/1228

v 171.427 113.942 -192.717
vt 0.00129361 0.00105719
vn -0.355899 0.901368 -0.246723
vt 0.000485527 0.00237174
vt 0.000418489 0.00159174
f 965/1454/1229 964/1455/1229 963/1456/1229

vt 0.00141791 0.00105199
vn -0.390172 0.874907 -0.286887
v 170.817 113.66 -192.748
vt 0.00167987 0.00166621
vt 0.000663198 0.00239242
f 965/1457/1230 966/1458/1230 964/1459/1230

vt 0.00095969 0.001215
vn -0.420277 0.887363 0.189615
vt 5.95387e-05 0.00210546
vt 7.09407e-05 0.0014469
f 121/1460/1231 966/1461/1231 965/1462/1231

vn -0.3248 0.897658 0.297851
v 170.971 114.029 -193.693
f 121/1439/1232 967/1440/1232 966/1441/1232

v 171.357 114.909 -194.042
vn -0.353635 0.474598 0.806039
f 968/1442/1233 967/1443/1233 121/1444/1233

vn -0.461755 0.494368 0.736467
v 170.743 114.846 -194.384
f 968/1445/1234 969/1446/1234 967/1447/1234

v 171.56 115.749 -194.393
vt 0.000502753 0.00152889
vn -0.472479 0.434839 0.766602
vt -0.000569018 0.00221583
vt -0.000502524 0.00152889
f 970/1463/1235 969/1464/1235 968/1465/1235

vt 0.000502606 0.00152881
vn -0.47243 0.434795 0.766657
v 170.974 115.797 -194.782
vt 0.000569173 0.00221571
vt -0.000569195 0.00221571
f 970/1466/1236 971/1467/1236 969/1468/1236

vt 0.00141457 0.00100892
vn -0.463482 0.461434 0.756481
vt 0.000675519 0.0021978
vt 0.000590832 0.00151254
f 115/1469/1237 971/1470/1237 970/1471/1237

vt 0.00102583 0.000976112
vn -0.413264 0.318282 0.853176
v 171.615 116.684 -194.802
vt 0.00121769 0.00163681
vt 0.000146748 0.00208369
f 115/1472/1238 972/1473/1238 971/1474/1238

v 172.222 117.22 -194.086
vt 2.44135e-05 0.00125214
vn -0.607466 -0.296469 0.736947
vt -0.00102635 0.00170847
vt -0.000870316 0.00104004
f 973/1475/1239 972/1476/1239 115/1477/1239

vt 0.000192932 0.00143583
vn -0.67276 -0.192389 0.714409
v 171.776 117.615 -194.4
vt 0.000256822 0.00209191
vt -0.000835161 0.00193289
f 973/1478/1240 974/1479/1240 972/1480/1240

v 171.996 117.911 -193.443
vt -0.000497019 0.00163998
vn -0.746342 -0.567868 0.347131
vt -0.00159948 0.0017109
vt -0.00135128 0.00109198
f 975/1481/1241 974/1482/1241 973/1483/1241

vt -0.000505614 0.00157648
vn -0.718168 -0.600917 0.350903
v 171.446 118.465 -193.619
vt -0.000579107 0.00235606
vt -0.00160824 0.00164526
f 975/1484/1242 976/1485/1242 974/1486/1242

v 172.151 118.226 -192.599
vt 0.000492472 0.00157853
vn -0.717632 -0.598993 0.355261
vt -0.000563016 0.00235831
vt -0.000492282 0.00157853
f 977/1487/1243 976/1488/1243 975/1489/1243

vt 0.000492451 0.00157852
vn -0.717628 -0.599003 0.355256
v 171.623 118.825 -192.654
vt 0.000563156 0.0023583
vt -0.000563041 0.0023583
f 977/1490/1244 978/1491/1244 976/1492/1244

v 172.646 118.082 -191.776
vt 0.00128237 0.00105671
vn -0.723479 -0.606531 0.329694
vt 0.000471085 0.00236985
vt 0.000416151 0.00158902
f 979/1493/1245 978/1494/1245 977/1495/1245

vt 0.00141866 0.00105152
vn -0.734045 -0.564394 0.377674
v 172.278 118.635 -191.666
vt 0.00168078 0.00166569
vt 0.000665675 0.00239297
f 979/1496/1246 980/1497/1246 978/1498/1246

vn -0.836868 -0.540211 -0.0884552
f 105/1460/1247 980/1461/1247 979/1462/1247

vn -0.777321 -0.593315 -0.209166
v 172.361 118.2 -190.74
f 105/1439/1248 981/1440/1248 980/1441/1248

v 172.29 117.233 -190.417
vn -0.661489 -0.194278 -0.724354
f 982/1442/1249 981/1443/1249 105/1444/1249

vn -0.752829 -0.158969 -0.638732
v 171.854 117.586 -189.99
f 982/1445/1250 983/1446/1250 981/1447/1250

v 171.869 116.47 -190.059
vn -0.683688 0.0357178 -0.7289
f 984/1448/1251 983/1449/1251 982/1450/1251

vn -0.63915 0.0387608 -0.768105
v 171.294 116.732 -189.568
f 984/1451/1252 985/1452/1252 983/1453/1252

v 172.072 115.513 -190.096
vn -0.675438 -0.115444 -0.728324
f 986/1454/1253 985/1455/1253 984/1456/1253

vn -0.705971 -0.15064 -0.692035
f 986/1457/1254 954/1458/1254 985/1459/1254

vn -0.646874 0.323302 -0.690674
f 59/1460/1255 954/1461/1255 986/1462/1255

vt 0.00144927 -0.00171825
vn -0.986801 0.00804954 0.161735
vt 0.00203323 -0.00106739
v 171.985 115.655 -190.635
vt 0.00151594 -0.000777367
f 59/1499/1256 986/1500/1256 987/1501/1256

vt 0.00214782 -0.000864669
vn -0.987914 -0.0518495 0.146076
vt 0.00174091 5.12339e-05
vt 0.00160205 -0.000621431
f 986/1502/1257 156/1503/1257 987/1504/1257

vt 0.00236165 0.000251089
vn -0.97484 -0.203425 -0.0911342
vt 0.00205452 0.00116707
vt 0.0015059 0.00086094
f 986/1505/1258 984/1506/1258 156/1507/1258

vt -0.000678205 0.0021128
vn -0.939421 0.288934 -0.184406
v 172.177 116.942 -190.887
vt -0.0011576 0.00123541
vt -0.000514105 0.00154754
f 984/1508/1259 988/1509/1259 156/1510/1259

vt -0.00214757 0.000992911
vn -0.88669 0.457192 -0.0689683
vt -0.00237341 9.47281e-05
vt -0.00176523 7.70905e-05
f 984/1511/1260 982/1512/1260 988/1513/1260

vt -0.00237359 9.81542e-05
vn -0.85145 0.512411 -0.111663
v 172.463 117.321 -191.328
vt -0.00165919 -0.000542615
vt -0.00176529 8.45752e-05
f 982/1514/1261 989/1515/1261 988/1516/1261

vt -0.00227441 -0.000419596
vn -0.738983 0.669526 -0.0750968
vt -0.00189545 -0.00125287
vt -0.00139625 -0.000861972
f 982/1517/1262 105/1518/1262 989/1519/1262

vt 0.000394221 -0.00209156
vn -0.837453 0.465181 0.286843
v 172.415 117.578 -191.884
vt 0.000914999 -0.00127581
vt 0.000301144 -0.00149912
f 105/1520/1263 990/1521/1263 989/1522/1263

vn -0.883175 0.334685 0.328616
f 105/1499/1264 979/1500/1264 990/1501/1264

vt 0.00226169 -0.000585458
vn -0.824919 0.272333 0.495322
v 172.079 117.664 -192.49
vt 0.0017482 0.000277613
vt 0.00168779 -0.000403207
f 979/1523/1265 991/1524/1265 990/1525/1265

vt 0.00234383 -0.000306578
vn -0.821623 0.206261 0.531406
vt 0.00231184 0.000642501
vt 0.00171313 0.00048991
f 979/1526/1266 977/1527/1266 991/1528/1266

vt 0.000492391 0.00214852
vn -0.981067 0.148127 0.124766
v 171.96 117.422 -193.139
vt -0.000378321 0.00159362
vt 0.000378342 0.00159362
f 977/1529/1267 992/1530/1267 991/1531/1267

vt 0.000492472 0.0021485
vn -0.981067 0.148122 0.124773
vt -0.000492282 0.0021485
vt -0.000378262 0.00159363
f 977/1532/1268 975/1533/1268 992/1534/1268

vt -0.00229723 0.000683577
vn -0.974723 -0.0628281 -0.214402
v 172.097 116.931 -193.617
vt -0.0017576 -0.000163155
vt -0.00170272 0.000518119
f 975/1535/1269 993/1536/1269 992/1537/1269

vt -0.00235528 0.000431646
vn -0.957172 -0.0483394 -0.285456
vt -0.00228315 -0.000515614
vt -0.00170404 -0.000347745
f 975/1538/1270 973/1539/1270 993/1540/1270

vt -0.00168333 -0.00148583
vn -0.966988 0.224907 -0.119796
v 171.998 116.377 -193.86
vt -0.000713651 -0.00144214
vt -0.00125351 -0.00109559
f 973/1541/1271 994/1542/1271 993/1543/1271

vt -0.00171734 -0.00139388
vn -0.950169 0.185509 -0.25053
vt -0.000997683 -0.001921
vt -0.000746907 -0.00136759
f 973/1544/1272 115/1545/1272 994/1546/1272

vt 0.00155776 -0.00158485
vn -0.818563 0.548053 -0.172025
v 171.635 115.84 -193.84
vt 0.00155061 -0.000601399
vt 0.00114501 -0.00111825
f 115/1547/1273 995/1548/1273 994/1549/1273

vt 0.00224135 -0.000779393
vn -0.753793 0.65708 -0.00651616
vt 0.00237368 0.000114082
vt 0.00176524 0.00010403
f 115/1550/1274 970/1551/1274 995/1552/1274

vt 0.000502583 0.00210786
vn -0.959623 0.268184 0.0848571
v 171.479 115.198 -193.572
vt -0.000384043 0.00156606
vt 0.000384002 0.00156606
f 970/1553/1275 996/1554/1275 995/1555/1275

vt 0.000502753 0.00210783
vn -0.959623 0.268185 0.0848577
vt -0.000502524 0.00210783
vt -0.000383917 0.00156609
f 970/1556/1276 968/1557/1276 996/1558/1276

vn -0.96611 -0.0105038 0.257918
v 171.594 114.707 -193.163
f 968/1514/1277 997/1515/1277 996/1516/1277

vn -0.956407 -0.201356 0.211521
f 968/1517/1278 121/1518/1278 997/1519/1278

vn -0.989394 0.0392905 -0.13984
v 171.505 114.488 -192.597
f 121/1520/1279 998/1521/1279 997/1522/1279

vn -0.967773 0.176442 -0.179674
f 121/1499/1280 965/1500/1280 998/1501/1280

vn -0.952837 0.18732 -0.238775
f 965/1502/1281 132/1503/1281 998/1504/1281

vn -0.833244 0.3954 -0.386476
f 965/1505/1282 963/1506/1282 132/1507/1282

vn -0.856344 0.506027 0.103014
v 171.539 114.752 -191.299
f 963/1508/1283 999/1509/1283 132/1510/1283

vn -0.876758 0.391779 0.278934
f 963/1511/1284 961/1512/1284 999/1513/1284

vn -0.83952 0.42411 0.339612
v 171.886 115.099 -190.874
f 961/1514/1285 1000/1515/1285 999/1516/1285

vn -0.775989 0.363403 0.515537
f 961/1517/1286 59/1518/1286 1000/1519/1286

vn -0.953573 0.0413321 0.298311
f 59/1520/1287 987/1521/1287 1000/1522/1287

vt -5.73694e-06 -0.00135098
vn -0.863804 -0.0615177 0.500058
vt 0.000639195 -0.00121818
v 171.684 115.86 -191.13
vt 0.000434132 -0.000646676
f 1000/1559/1288 987/1560/1288 1001/1561/1288

vt 0.000495781 -0.00126706
vn -0.85754 -0.018349 0.51409
v 171.676 116.315 -191.127
vt 0.000746299 -0.000437719
vt 0.000337128 -0.00068351
f 987/1562/1289 1002/1563/1289 1001/1564/1289

vt 0.000615921 -0.00124385
vn -0.870919 -0.0429112 0.489549
vt 0.00120376 -0.000815311
vt 0.000809981 -0.000402134
f 987/1565/1290 156/1566/1290 1002/1567/1290

vt -0.000843364 -0.00111063
vn -0.775018 0.494739 0.393167
v 171.844 116.718 -191.302
vt -0.000109683 -0.000774862
vt -0.000585595 -0.000616944
f 156/1568/1291 1003/1569/1291 1002/1570/1291

vt -0.000786804 -0.00116069
vn -0.794554 0.471012 0.383185
vt -9.33879e-05 -0.00136668
vt -6.59334e-05 -0.000802781
f 156/1571/1292 988/1572/1292 1003/1573/1292

vt -0.00100113 -0.00105051
vn -0.724891 0.648739 0.231667
v 171.993 116.99 -191.598
vt -0.000272941 -0.00076588
vt -0.00067953 -0.000567413
f 988/1574/1293 1004/1575/1293 1003/1576/1293

vt -0.00112163 -0.000880825
vn -0.642065 0.735543 0.216167
vt -0.0005496 -0.00124557
vt -0.000372357 -0.00064556
f 988/1577/1294 989/1578/1294 1004/1579/1294

vt -0.000126043 -0.00132783
vn -0.66306 0.670646 0.332545
v 171.975 117.16 -191.977
vt 0.000357458 -0.000647506
vt -8.56155e-05 -0.000707716
f 989/1580/1295 1005/1581/1295 1004/1582/1295

vn -0.681812 0.640011 0.354286
f 989/1559/1296 990/1560/1296 1005/1561/1296

vt 0.000505069 -0.00126431
vn -0.687367 0.654767 0.314337
v 171.818 117.196 -192.394
vt 0.00074245 -0.000437723
vt 0.000343411 -0.000681439
f 990/1583/1297 1006/1584/1297 1005/1585/1297

vt 0.00118512 -0.000978881
vn -0.724376 0.502478 0.472011
vt 0.00157542 -0.000394926
vt 0.0010654 -0.000131612
f 990/1586/1298 991/1587/1298 1006/1588/1298

vt -0.000378233 -0.00139721
vn -0.874494 0.484609 -0.020342
v 171.738 117.034 -192.827
vt 0.000253204 -0.000876875
vt -0.000253063 -0.000876875
f 991/1589/1299 1007/1590/1299 1006/1591/1299

vt -0.000378342 -0.00139717
vn -0.874489 0.484617 -0.0203636
vt 0.000378321 -0.00139717
vt 0.00025313 -0.000876875
f 991/1592/1300 992/1593/1300 1007/1594/1300

vt -0.00140601 -0.000710839
vn -0.909959 0.265535 -0.318536
v 171.76 116.723 -193.147
vt -0.000623431 -0.000693581
vt -0.000951381 -0.000374199
f 992/1595/1301 1008/1596/1301 1007/1597/1301

vt -0.00141454 -0.000547402
vn -0.835473 0.246283 -0.491254
vt -0.000931667 -0.00107133
vt -0.000631846 -0.000535291
f 992/1598/1302 993/1599/1302 1008/1600/1302

vt -0.000540798 -0.00125333
vn -0.82436 0.369876 -0.428512
v 171.678 116.35 -193.312
vt 7.49457e-05 -0.000736388
vt -0.00036754 -0.000673104
f 993/1601/1303 1009/1602/1303 1008/1603/1303

vt -0.000624913 -0.00120367
vn -0.816734 0.347528 -0.46062
vt 2.09691e-05 -0.00133217
vt 1.45091e-05 -0.00071098
f 993/1604/1304 994/1605/1304 1009/1606/1304

vt 0.000242739 -0.00131574
vn -0.795854 0.410138 -0.445424
v 171.477 115.972 -193.301
vt 0.000587177 -0.000529849
vt 0.000164646 -0.000698582
f 994/1607/1305 1010/1608/1305 1009/1609/1305

vt 0.000681565 -0.00125663
vn -0.780163 0.51523 -0.354801
vt 0.00122558 -0.000858097
vt 0.00083106 -0.000421791
f 994/1610/1306 995/1611/1306 1010/1612/1306

vt -0.000383953 -0.00132587
vn -0.947528 0.103496 -0.302455
v 171.373 115.542 -193.122
vt 0.000257141 -0.000773288
vt -0.00025707 -0.000773288
f 995/1613/1307 1011/1614/1307 1010/1615/1307

vt -0.000384002 -0.00132585
vn -0.947528 0.10348 -0.302462
vt 0.000384043 -0.00132585
vt 0.000257108 -0.000773283
f 995/1616/1308 996/1617/1308 1011/1618/1308

vn -0.979463 -0.178093 -0.0945212
v 171.404 115.221 -192.841
f 996/1574/1309 1012/1575/1309 1011/1576/1309

vn -0.951268 -0.295555 -0.0879548
f 996/1577/1310 997/1578/1310 1012/1579/1310

vn -0.953249 -0.224313 -0.202484
v 171.358 115.068 -192.456
f 997/1580/1311 1013/1581/1311 1012/1582/1311

vn -0.956741 -0.187536 -0.222435
f 997/1559/1312 998/1560/1312 1013/1561/1312

vn -0.963393 -0.199775 -0.178782
v 171.269 115.1 -192.011
f 998/1562/1313 1014/1563/1313 1013/1564/1313

vn -0.963049 -0.173977 -0.205594
f 998/1565/1314 132/1566/1314 1014/1567/1314

vn -0.937281 -0.0773379 0.339888
v 171.412 115.238 -191.584
f 132/1568/1315 1015/1569/1315 1014/1570/1315

vn -0.947717 -0.0631271 0.312807
f 132/1571/1316 999/1572/1316 1015/1573/1316

vn -0.863489 0.0687402 0.499661
v 171.602 115.486 -191.291
f 999/1574/1317 1016/1575/1317 1015/1576/1317

vn -0.797153 0.0619023 0.600596
f 999/1577/1318 1000/1578/1318 1016/1579/1318

vn -0.844544 -0.0451454 0.53358
f 1000/1580/1319 1001/1581/1319 1016/1582/1319

v 171.32 115.88 -191.721
vt -4.22336e-05 -8.88135e-05
vn -0.85175 -0.0388124 0.522508
vt -8.06767e-05 -0.000721231
vt 0.000362164 -0.000659628
f 1017/1619/1320 1016/1620/1320 1001/1621/1320

vt -0.000398008 -0.000102908
vn -0.884565 0.156219 0.439478
vt -0.000806067 -0.000557603
vt -0.000429426 -0.000799915
f 161/1622/1321 1015/1623/1321 1016/1624/1321

vt -0.000396016 -0.00019637
vn -0.952434 0.104223 0.28637
vt -0.000823037 -0.000604477
vt -0.000401083 -0.000859147
f 175/1625/1322 1014/1626/1322 1015/1627/1322

v 171.21 115.664 -192.311
vt 0.00017732 -8.61042e-05
vn -0.963954 -0.196755 -0.17911
vt 0.000340988 -0.000684939
vt 0.000749379 -0.000438081
f 1018/1628/1323 1013/1629/1323 1014/1630/1323

v 171.219 115.795 -192.479
vt -3.55629e-05 -5.43784e-05
vn -0.962989 -0.190817 -0.190373
vt -7.27076e-05 -0.000741477
vt 0.000369742 -0.000677602
f 1019/1631/1324 1012/1632/1324 1013/1633/1324

vn -0.99403 -0.108325 -0.0130421
f 172/1622/1325 1011/1623/1325 1012/1624/1325

v 171.294 116.112 -192.745
vt -0.000578645 0.000147722
vn -0.988644 -0.149171 0.0182081
vt -0.000888279 -0.000462783
vt -0.000436886 -4.31879e-05
f 1020/1634/1326 1011/1635/1326 172/1636/1326

vt -0.000124143 -0.000167394
vn -0.939113 0.0891857 -0.331833
vt -0.00025707 -0.000743525
vt 0.000257141 -0.000743525
f 1020/1637/1327 1010/1638/1327 1011/1639/1327

v 171.359 116.32 -192.75
vt 9.1889e-05 -8.10914e-05
vn -0.801489 0.413533 -0.431978
vt 0.00017818 -0.000709579
vt 0.000598917 -0.000537191
f 1021/1640/1328 1009/1641/1328 1010/1642/1328

v 171.415 116.51 -192.664
vt -0.00019128 -7.97574e-05
vn -0.825801 0.369214 -0.426303
vt -0.000368485 -0.000675277
vt 7.39511e-05 -0.000738844
f 1022/1643/1329 1008/1644/1329 1009/1645/1329

v 171.46 116.654 -192.502
vt -0.000435018 -9.41796e-06
vn -0.871561 0.321436 -0.370215
vt -0.000844003 -0.000428585
vt -0.000474155 -0.000707719
f 1023/1646/1330 1007/1647/1330 1008/1648/1330

v 171.498 116.731 -192.294
vt -0.000121311 -0.000251117
vn -0.827855 0.558108 -0.0563232
vt -0.000253063 -0.000798096
vt 0.000253204 -0.000798096
f 1024/1649/1331 1006/1650/1331 1007/1651/1331

v 171.523 116.73 -192.074
vt 0.000180533 -8.47073e-05
vn -0.689334 0.652435 0.314877
vt 0.000347315 -0.000682834
vt 0.000745571 -0.000438064
f 1025/1652/1332 1005/1653/1332 1006/1654/1332

v 171.52 116.646 -191.876
vn -0.673936 0.661505 0.328971
f 1026/1619/1333 1004/1620/1333 1005/1621/1333

v 171.481 116.492 -191.726
vt -0.000336246 -4.49262e-05
vn -0.706321 0.661298 0.252575
vt -0.000649908 -0.000560114
vt -0.000237712 -0.000748811
f 1027/1655/1334 1003/1656/1334 1004/1657/1334

v 171.428 116.288 -191.643
vt -0.000314808 -0.000148322
vn -0.797136 0.487735 0.355934
vt -0.00062552 -0.000633107
vt -0.000156146 -0.000806399
f 1028/1658/1335 1002/1659/1335 1003/1660/1335

v 171.376 116.071 -191.639
vn -0.859124 -0.0183586 0.511437
f 1029/1628/1336 1001/1629/1336 1002/1630/1336

vt 0.000688487 0.00167474
vn -0.154644 0.00664155 -0.987948
vt -0.000436795 0.00131968
vt 0.00068139 0.000729066
f 953/1661/1337 985/1662/1337 954/1663/1337

vt 0.000644439 0.00178304
vn -0.192435 0.0331301 -0.98075
v 170.737 116.905 -189.452
vt -0.00049852 0.00200836
vt -0.000480262 0.00142647
f 953/1664/1338 1030/1665/1338 985/1666/1338

vt 0.000459455 0.00201594
vn -0.275664 -0.274935 -0.921097
vt -0.000677626 0.00109554
vt 0.00045236 0.00143384
f 1030/1667/1339 983/1668/1339 985/1669/1339

vt 0.000557858 0.00192151
vn -0.24733 -0.31707 -0.915584
v 171.031 117.844 -189.857
vt -0.00058597 0.00185812
vt -0.000582735 0.00100469
f 1030/1670/1340 1031/1671/1340 983/1672/1340

v 170.881 117.888 -189.84
vt -0.000577967 0.00188738
vn -0.200976 -0.333888 -0.920938
vt -0.000577289 0.00173412
vt 0.000566551 0.00179733
f 1032/1673/1341 1031/1674/1341 1030/1675/1341

v 171.033 118.629 -190.586
vt -0.000569468 0.00187803
vn -0.271162 -0.654646 -0.705628
vt 0.000573705 0.00173153
vt 0.000575246 0.00188478
f 1033/1676/1342 1031/1677/1342 1032/1678/1342

vt -0.000578758 0.00181913
vn -0.248859 -0.658769 -0.709995
v 171.441 118.513 -190.622
vt -0.000578356 0.00140327
vt 0.000564426 0.0016727
f 1033/1679/1343 1034/1680/1343 1031/1681/1343

v 171.062 119.05 -191.562
vn -0.282901 -0.877652 -0.386902
f 1035/1424/1344 1034/1425/1344 1033/1426/1344

vn -0.288195 -0.877023 -0.384415
v 171.37 118.96 -191.588
f 1035/1418/1345 1036/1419/1345 1034/1420/1345

v 170.986 119.078 -192.622
vn -0.281291 -0.959609 -0.00505428
f 1037/1421/1346 1036/1422/1346 1035/1423/1346

vn -0.341282 -0.862434 -0.373812
f 1034/1415/1347 1036/1416/1347 980/1417/1347

vt 0.000686864 0.00167478
vn -0.333848 -0.941786 0.0398121
vt -0.0004372 0.00132064
vt 0.000679811 0.000729102
f 1036/1682/1348 978/1683/1348 980/1684/1348

vt 0.00064384 0.00178075
vn -0.375262 -0.926494 0.0280676
v 171.073 119.049 -192.628
vt -0.000499124 0.00200605
vt -0.00047966 0.00142514
f 1036/1685/1349 1038/1686/1349 978/1687/1349

vt 0.000571888 0.002012
vn -0.332142 -0.862103 0.3827
vt -0.000563041 0.00143088
vt 0.000563156 0.00143088
f 1038/1688/1350 976/1689/1350 978/1690/1350

vt 0.000571804 0.00201212
vn -0.332195 -0.862094 0.382675
v 170.893 118.683 -193.608
vt -0.00057186 0.00201212
vt -0.000563122 0.001431
f 1038/1691/1351 1039/1692/1351 976/1693/1351

vt 0.000379999 0.00201086
vn -0.264961 -0.705845 0.656947
vt -0.000751702 0.000835797
vt 0.000363624 0.00142987
f 1039/1694/1352 974/1695/1352 976/1696/1352

vt 0.000526047 0.00190074
vn -0.211604 -0.68877 0.693412
v 170.858 117.918 -194.378
vt -0.000617114 0.00167637
vt -0.000611926 0.000730679
f 1039/1697/1353 1040/1698/1353 974/1699/1353

v 170.55 118.007 -194.357
vt -0.000580834 0.00184177
vn -0.152246 -0.697923 0.699803
vt -0.000580518 0.00152707
vt 0.000562784 0.00175085
f 1041/1700/1354 1040/1701/1354 1039/1702/1354

v 170.265 117.068 -194.768
vt -0.000570855 0.00183198
vn -0.0482517 -0.388644 0.920124
vt 0.000573102 0.00152495
vt 0.000574846 0.00183965
f 1042/1703/1355 1040/1704/1355 1041/1705/1355

vt -0.000575311 0.00181841
vn -0.0436466 -0.391421 0.919176
v 170.674 116.955 -194.797
vt -0.000573988 0.00140256
vt 0.000568653 0.0015114
f 1042/1706/1356 1043/1707/1356 1040/1708/1356

v 169.975 116.046 -194.775
vt -0.000575638 0.00182623
vn 0.0635165 -0.0246869 0.997675
vt 0.000568815 0.00140363
vt 0.000569197 0.00181948
f 1044/1709/1357 1043/1710/1357 1042/1711/1357

vt -0.000549426 0.00188394
vn 0.0444265 -0.00997836 0.998963
v 170.127 116.006 -194.782
vt -0.000547871 0.00173069
vt 0.000594939 0.00146114
f 1044/1712/1358 1045/1713/1358 1043/1714/1358

v 169.743 115.089 -194.375
vt -0.000572702 0.00188668
vn 0.137612 0.353147 0.925392
vt 0.000572038 0.00173343
vt 0.000572617 0.00188668
f 1046/1715/1359 1045/1716/1359 1044/1717/1359

vt -0.000572577 0.00188743
vn 0.137337 0.35326 0.925389
v 169.895 115.05 -194.383
vt -0.000571909 0.00173418
vt 0.000572162 0.00173418
f 1046/1718/1360 1047/1719/1360 1045/1720/1360

v 169.605 114.344 -193.63
vn 0.209087 0.671787 0.710623
f 1048/1676/1361 1047/1677/1361 1046/1678/1361

vn 0.230733 0.663774 0.711453
v 170.014 114.234 -193.661
f 1048/1679/1362 1049/1680/1362 1047/1681/1362

v 169.56 113.927 -192.653
vn 0.265519 0.882452 0.388301
f 1050/1424/1363 1049/1425/1363 1048/1426/1363

vn 0.260343 0.884714 0.386656
v 169.871 113.847 -192.677
f 1050/1418/1364 1051/1419/1364 1049/1420/1364

v 169.639 113.899 -191.593
vn 0.251931 0.967717 0.0074168
f 1052/1421/1365 1051/1422/1365 1050/1423/1365

vn 0.206351 0.899694 0.384669
f 1049/1415/1366 1051/1416/1366 966/1417/1366

vn 0.191601 0.981046 -0.0289361
f 1051/1661/1367 964/1662/1367 966/1663/1367

vn 0.149545 0.988703 -0.0101134
v 169.728 113.879 -191.602
f 1051/1664/1368 1053/1665/1368 964/1666/1368

vn 0.107158 0.938565 -0.328043
f 1053/1667/1369 962/1668/1369 964/1669/1369

vn 0.138941 0.920995 -0.363954
f 1053/1670/1370 959/1671/1370 962/1672/1370

vn 0.186561 0.909439 -0.371638
f 958/1673/1371 959/1674/1371 1053/1675/1371

vt 0.000496114 0.00184852
vn 0.0673671 0.735681 -0.67397
vt -0.000633013 0.000620327
vt 0.000470886 0.000995398
f 959/1721/1372 960/1722/1372 962/1723/1372

vn 0.205587 0.899605 0.385285
f 1049/1436/1373 966/1437/1373 967/1438/1373

vn 0.167431 0.667208 0.72581
f 1047/1433/1374 1049/1434/1374 967/1435/1374

vn 0.160431 0.6633 0.730955
f 1047/1721/1375 967/1722/1375 969/1723/1375

vt 0.000572162 0.00185837
vn 0.0893428 0.365389 0.926558
vt -0.000571909 0.00185837
vt -0.000569056 0.00100495
f 1045/1724/1376 1047/1725/1376 969/1726/1376

vt 0.00057202 0.00185852
vn 0.0892737 0.365358 0.926576
vt -0.000569195 0.00100509
vt 0.000569173 0.00100509
f 1045/1727/1377 969/1728/1377 971/1729/1377

vt 0.000629606 0.00157781
vn 0.00288263 0.0140018 0.999898
vt -0.000513006 0.00184805
vt -0.000487317 0.000994936
f 1043/1730/1378 1045/1731/1378 971/1732/1378

vt 0.000639639 0.00156253
vn 0.00967772 0.0157613 0.999829
vt -0.000477454 0.000979927
vt 0.000626496 0.000605032
f 1043/1733/1379 971/1734/1379 972/1735/1379

vt 0.000549951 0.00166915
vn -0.104723 -0.379746 0.919144
vt -0.000592658 0.00156004
vt -0.000573319 0.000602631
f 1040/1736/1380 1043/1737/1380 972/1738/1380

vt 0.000552042 0.00166739
vn -0.103862 -0.379313 0.919421
vt -0.000571288 0.000600925
vt 0.000526589 0.000721974
f 1040/1739/1381 972/1740/1381 974/1741/1381

vn -0.341976 -0.861942 -0.374311
f 1034/1436/1382 980/1437/1382 981/1438/1382

vn -0.306373 -0.62884 -0.71463
f 1031/1433/1383 1034/1434/1383 981/1435/1383

vn -0.311075 -0.621701 -0.718833
f 1031/1721/1384 981/1722/1384 983/1723/1384

g Mesh26 Object_3_1 skpE254_1 Model

v 156.707 119.026 -191.28
vt 0.000252377 0.0111951
vn 0.810776 0.583695 -0.0440635
v 156.741 119.014 -190.813
vt -0.000252031 0.0111951
v 157.393 118.114 -190.746
vt -0.000400526 0.0101149
f 1054/1742/1385 1055/1743/1385 1056/1744/1385

v 156.165 119.346 -191.199
vt 0.000217033 0.0151024
vn 0.50736 0.861611 -0.0145574
vt -0.000252031 0.014483
vt 0.000252377 0.014483
f 1057/1745/1386 1055/1746/1386 1054/1747/1386

vt 0.000216856 0.0151029
vn 0.507279 0.861662 -0.0143924
v 156.195 119.335 -190.797
vt -0.000216945 0.0151029
vt -0.000252237 0.0144835
f 1057/1748/1387 1058/1749/1387 1055/1750/1387

vt 0.000216768 0.0151029
vn 0.460738 0.800558 -0.383181
v 156.82 119.175 -190.381
vt -0.000252377 0.0144835
vt 0.000252031 0.0144835
f 1058/1751/1388 1059/1752/1388 1055/1753/1388

vt 0.000216945 0.0151023
vn 0.460806 0.80045 -0.383324
v 156.263 119.474 -190.426
vt -0.000216856 0.0151023
vt -0.000252171 0.0144829
f 1058/1754/1389 1060/1755/1389 1059/1756/1389

vt 0.000217015 0.0151023
vn 0.38212 0.606871 -0.696915
v 156.933 119.485 -190.049
vt -0.000252011 0.0144829
vt 0.000252315 0.0144829
f 1060/1757/1390 1061/1758/1390 1059/1759/1390

vt 0.000216817 0.0151029
vn 0.382055 0.607041 -0.696804
v 156.36 119.741 -190.14
vt -0.000216949 0.0151029
vt -0.000252241 0.0144835
f 1060/1760/1391 1062/1761/1391 1061/1762/1391

vt 0.000216751 0.0151029
vn 0.283289 0.310689 -0.907315
v 157.061 119.897 -189.868
vt -0.000252315 0.0144835
vt 0.000252011 0.0144835
f 1062/1763/1392 1063/1764/1392 1061/1765/1392

vt 0.000216949 0.0151023
vn 0.283352 0.310491 -0.907363
v 156.47 120.096 -189.984
vt -0.000216817 0.0151023
vt -0.000252085 0.0144829
f 1062/1766/1393 1064/1767/1393 1063/1768/1393

vn 0.179433 -0.0437704 -0.982796
v 157.186 120.349 -189.865
f 1064/1745/1394 1065/1746/1394 1063/1747/1394

vn 0.179373 -0.0435904 -0.982815
v 156.578 120.484 -189.982
f 1064/1748/1395 1066/1749/1395 1065/1750/1395

vn 0.086235 -0.401611 -0.911741
v 157.288 120.77 -190.041
f 1066/1751/1396 1067/1752/1396 1065/1753/1396

vn 0.0863058 -0.401771 -0.911664
v 156.665 120.846 -190.133
f 1066/1754/1397 1068/1755/1397 1067/1756/1397

vn 0.0180576 -0.70923 -0.704746
v 157.352 121.098 -190.369
f 1068/1757/1398 1069/1758/1398 1067/1759/1398

vn 0.0179622 -0.709097 -0.704882
v 156.721 121.128 -190.416
f 1068/1760/1399 1070/1761/1399 1069/1762/1399

vn -0.0149778 -0.919045 -0.393867
v 157.369 121.282 -190.799
f 1070/1763/1400 1071/1764/1400 1069/1765/1400

vn -0.0148634 -0.919118 -0.393703
v 156.735 121.286 -190.786
f 1070/1766/1401 1072/1767/1401 1071/1768/1401

vn -0.00750608 -0.999642 -0.0256648
v 157.334 121.294 -191.266
f 1072/1745/1402 1073/1746/1402 1071/1747/1402

vn -0.00762542 -0.999638 -0.0258137
v 156.705 121.297 -191.187
f 1072/1748/1403 1074/1749/1403 1073/1750/1403

vn 0.0389306 -0.938538 0.342974
v 157.255 121.133 -191.698
f 1074/1751/1404 1075/1752/1404 1073/1753/1404

vn 0.0390638 -0.938486 0.343101
v 156.637 121.158 -191.559
f 1074/1754/1405 1076/1755/1405 1075/1756/1405

vn 0.117757 -0.744909 0.656691
v 157.143 120.823 -192.03
f 1076/1757/1406 1077/1758/1406 1075/1759/1406

vn 0.117599 -0.745017 0.656598
v 156.54 120.891 -191.844
f 1076/1760/1407 1078/1761/1407 1077/1762/1407

vn 0.216381 -0.448669 0.867107
v 157.014 120.41 -192.211
f 1078/1763/1408 1079/1764/1408 1077/1765/1408

vn 0.216542 -0.448533 0.867137
v 156.43 120.537 -192
f 1078/1766/1409 1080/1767/1409 1079/1768/1409

vn 0.320421 -0.0942609 0.942574
v 156.889 119.959 -192.214
f 1080/1745/1410 1081/1746/1410 1079/1747/1410

vn 0.320281 -0.0943856 0.942609
v 156.322 120.149 -192.002
f 1080/1748/1411 1082/1749/1411 1081/1750/1411

vn 0.413434 0.263631 0.871534
v 156.787 119.538 -192.038
f 1082/1751/1412 1083/1752/1412 1081/1753/1412

vn 0.413564 0.263735 0.871441
v 156.235 119.786 -191.851
f 1082/1754/1413 1084/1755/1413 1083/1756/1413

vn 0.48182 0.571192 0.664522
v 156.723 119.21 -191.71
f 1084/1757/1414 1085/1758/1414 1083/1759/1414

vn 0.481691 0.571121 0.664676
v 156.179 119.504 -191.569
f 1084/1760/1415 1086/1761/1415 1085/1762/1415

vn 0.514648 0.781065 0.35366
f 1086/1763/1416 1054/1764/1416 1085/1765/1416

vn 0.514757 0.781075 0.353477
f 1086/1766/1417 1057/1767/1417 1054/1768/1417

vt 0.000252011 0.0111962
vn 0.816665 0.518793 0.252809
vt -0.000252315 0.0111962
v 157.338 118.133 -191.488
vt -0.000401048 0.010116
f 1085/1769/1418 1054/1770/1418 1087/1771/1418

vt 0.000252194 0.0111958
vn 0.810749 0.583742 -0.0439474
vt -0.000400817 0.0101156
vt 0.00040066 0.0101156
f 1054/1772/1419 1056/1773/1419 1087/1774/1419

vt 0.00040066 0.0116045
vn 0.712274 0.701095 -0.0336464
vt -0.000400817 0.0116045
v 158.437 117.054 -190.702
vt -0.000559882 0.010156
f 1087/1775/1420 1056/1776/1420 1088/1777/1420

vt 0.000400803 0.0116045
vn 0.670538 0.646294 -0.364257
v 158.614 117.412 -189.743
vt -0.000559715 0.010156
vt 0.000559862 0.010156
f 1056/1778/1421 1089/1779/1421 1088/1780/1421

vt 0.000400817 0.0116044
vn 0.670539 0.646289 -0.364262
v 157.519 118.37 -190.059
vt -0.00040066 0.0116044
vt -0.000559695 0.010156
f 1056/1781/1422 1090/1782/1422 1089/1783/1422

vt 0.000252214 0.0111953
vn 0.773232 0.534406 -0.341354
vt -0.00040066 0.0101151
vt 0.000400817 0.0101151
f 1055/1784/1423 1090/1785/1423 1056/1786/1423

vt 0.000252031 0.0111959
vn 0.773213 0.534493 -0.34126
vt -0.000252377 0.0111959
vt -0.000400951 0.0101158
f 1055/1787/1424 1059/1788/1424 1090/1789/1424

vt 0.000252188 0.011196
vn 0.70976 0.378435 -0.594161
v 157.697 118.863 -189.532
vt -0.00040068 0.0101159
vt 0.000400847 0.0101159
f 1059/1790/1425 1091/1791/1425 1090/1792/1425

vt 0.000252315 0.0111956
vn 0.709769 0.378356 -0.5942
vt -0.000252011 0.0111956
vt -0.000400479 0.0101154
f 1059/1793/1426 1061/1794/1426 1091/1795/1426

vt 0.000252137 0.0111957
vn 0.630142 0.139467 -0.763852
v 157.901 119.518 -189.244
vt -0.000400847 0.0101155
vt 0.00040068 0.0101155
f 1061/1796/1427 1092/1797/1427 1091/1798/1427

vn 0.630133 0.139555 -0.763844
f 1061/1769/1428 1063/1770/1428 1092/1771/1428

vn 0.546382 -0.146104 -0.824694
v 158.1 120.235 -189.239
f 1063/1772/1429 1093/1773/1429 1092/1774/1429

vn 0.546401 -0.146226 -0.82466
f 1063/1742/1430 1065/1743/1430 1093/1744/1430

vn 0.471306 -0.434833 -0.767327
v 158.262 120.905 -189.519
f 1065/1784/1431 1094/1785/1431 1093/1786/1431

vn 0.471278 -0.434732 -0.767402
f 1065/1787/1432 1067/1788/1432 1094/1789/1432

vn 0.416222 -0.682684 -0.600585
v 158.364 121.426 -190.041
f 1067/1790/1433 1095/1791/1433 1094/1792/1433

vn 0.41625 -0.682729 -0.600514
f 1067/1793/1434 1069/1794/1434 1095/1795/1434

vn 0.389694 -0.851926 -0.3498
v 158.39 121.718 -190.724
f 1069/1796/1435 1096/1797/1435 1095/1798/1435

vn 0.389657 -0.851911 -0.34988
f 1069/1769/1436 1071/1770/1436 1096/1771/1436

vn 0.395625 -0.916874 -0.0531269
v 158.336 121.738 -191.466
f 1071/1772/1437 1097/1773/1437 1096/1774/1437

vn 0.39569 -0.916853 -0.0530183
f 1071/1742/1438 1073/1743/1438 1097/1744/1438

vn 0.433213 -0.867558 0.244273
v 158.21 121.481 -192.153
f 1073/1784/1439 1098/1785/1439 1097/1786/1439

vn 0.433139 -0.867619 0.244188
f 1073/1787/1440 1075/1788/1440 1098/1789/1440

vn 0.496576 -0.711557 0.49709
v 158.031 120.988 -192.68
f 1075/1790/1441 1099/1791/1441 1098/1792/1441

vn 0.496631 -0.711495 0.497124
f 1075/1793/1442 1077/1794/1442 1099/1795/1442

vn 0.576243 -0.472602 0.666776
v 157.827 120.333 -192.968
f 1077/1796/1443 1100/1797/1443 1099/1798/1443

vn 0.576189 -0.472673 0.666773
f 1077/1769/1444 1079/1770/1444 1100/1771/1444

vn 0.659992 -0.187028 0.72762
v 157.628 119.616 -192.973
f 1079/1772/1445 1101/1773/1445 1100/1774/1445

vn 0.660065 -0.186932 0.727578
f 1079/1742/1446 1081/1743/1446 1101/1744/1446

vn 0.735139 0.101681 0.670247
v 157.466 118.946 -192.693
f 1081/1784/1447 1102/1785/1447 1101/1786/1447

vn 0.735075 0.101606 0.670329
f 1081/1787/1448 1083/1788/1448 1102/1789/1448

vn 0.790114 0.349562 0.503513
v 157.364 118.426 -192.171
f 1083/1790/1449 1103/1791/1449 1102/1792/1449

vn 0.79015 0.34959 0.503437
f 1083/1793/1450 1085/1794/1450 1103/1795/1450

vn 0.816692 0.518791 0.252725
f 1085/1796/1451 1087/1797/1451 1103/1798/1451

vt 0.00040068 0.0116045
vn 0.718877 0.628898 0.296147
vt -0.000400847 0.0116045
v 158.362 117.082 -191.738
vt -0.000559897 0.010156
f 1103/1799/1452 1087/1800/1452 1104/1801/1452

vt 0.000400674 0.0116045
vn 0.712276 0.701092 -0.0336527
vt -0.000559862 0.010156
vt 0.000559715 0.010156
f 1087/1802/1453 1088/1803/1453 1104/1804/1453

v 159.072 116.819 -191.81
vt 0.000573536 0.0122073
vn 0.346864 0.937915 -0.000666464
vt 0.000559715 0.0129515
vt -0.000559862 0.0129515
f 1105/1805/1454 1104/1806/1454 1088/1807/1454

v 159.109 117.237 -192.789
vt 0.00057341 0.0122073
vn 0.354483 0.854776 0.379079
vt -0.000559955 0.0129514
vt -0.000573697 0.0122073
f 1106/1808/1455 1104/1809/1455 1105/1810/1455

vt 0.000573518 0.0122074
vn 0.354436 0.854808 0.37905
v 158.398 117.49 -192.693
vt 0.000559746 0.0129516
vt -0.00055985 0.0129516
f 1106/1811/1456 1107/1812/1456 1104/1813/1456

v 159.317 117.981 -193.516
vt 0.000481912 0.0121537
vn 0.315731 0.617097 0.720767
vt -0.000643968 0.012955
vt -0.000659812 0.0122108
f 1108/1814/1457 1107/1815/1457 1106/1816/1457

vt 0.000567851 0.0122847
vn 0.283808 0.65012 0.704838
v 158.54 118.218 -193.422
vt 0.00055985 0.013084
vt -0.000559746 0.013084
f 1108/1817/1458 1109/1818/1458 1107/1819/1458

v 159.487 118.941 -193.935
vt 0.000654002 0.0123404
vn 0.219461 0.357034 0.907945
vt -0.000480849 0.0130827
vt -0.000487732 0.0122834
f 1110/1820/1459 1109/1821/1459 1108/1822/1459

vt 0.000573643 0.0122073
vn 0.250052 0.320932 0.913497
v 158.767 119.153 -193.813
vt 0.000559862 0.0129515
vt -0.000559715 0.0129515
f 1110/1823/1460 1111/1824/1460 1109/1825/1460

v 159.771 119.968 -193.929
vt 0.000573529 0.0122073
vn 0.153912 -0.0486096 0.986888
vt -0.000559869 0.0129515
vt -0.00057365 0.0122073
f 1112/1826/1461 1111/1827/1461 1110/1828/1461

vn 0.153909 -0.0486065 0.986889
v 159.044 120.155 -193.806
f 1112/1805/1462 1113/1806/1462 1111/1807/1462

v 160.063 120.905 -193.517
vn 0.0467198 -0.41415 0.909009
f 1114/1808/1463 1113/1809/1463 1112/1810/1463

vn 0.0466805 -0.414105 0.909031
v 159.329 121.07 -193.404
f 1114/1811/1464 1115/1812/1464 1113/1813/1464

v 160.319 121.611 -192.762
vt 0.000573697 0.0122074
vn -0.0552516 -0.719943 0.691831
vt -0.00055964 0.0129516
vt -0.00057341 0.0122074
f 1116/1829/1465 1115/1830/1465 1114/1831/1465

vt 0.000573589 0.0122073
vn -0.0552106 -0.719978 0.691797
v 159.578 121.759 -192.667
vt 0.00055985 0.0129514
vt -0.000559746 0.0129514
f 1116/1832/1466 1117/1833/1466 1115/1834/1466

v 160.499 121.978 -191.779
vt 0.00057365 0.0122073
vn -0.136408 -0.919664 0.368255
vt -0.000559708 0.0129515
vt -0.000573529 0.0122073
f 1118/1835/1467 1117/1836/1467 1116/1837/1467

vn -0.136405 -0.919665 0.368253
v 159.755 122.117 -191.708
f 1118/1823/1468 1119/1824/1468 1117/1825/1468

v 160.626 121.909 -190.727
vt 0.000481702 0.0121536
vn -0.187054 -0.981442 -0.0422077
vt -0.000644168 0.0129548
vt -0.000660023 0.0122107
f 1120/1838/1469 1119/1839/1469 1118/1840/1469

vt 0.000567726 0.0122848
vn -0.222409 -0.974908 -0.00941734
v 159.83 122.09 -190.672
vt 0.000559715 0.013084
vt -0.000559862 0.013084
f 1120/1841/1470 1121/1842/1470 1119/1843/1470

v 160.589 121.494 -189.759
vt 0.000567749 0.0122847
vn -0.230028 -0.891579 -0.390096
vt -0.000559852 0.013084
vt -0.000567853 0.0122847
f 1122/1844/1471 1121/1845/1471 1120/1846/1471

vt 0.000567751 0.0122847
vn -0.230029 -0.891579 -0.390095
v 159.794 121.681 -189.717
vt 0.000559746 0.013084
vt -0.00055985 0.013084
f 1122/1847/1472 1123/1848/1472 1121/1849/1472

v 160.445 120.756 -189.02
vt 0.000567853 0.0122847
vn -0.195948 -0.674383 -0.711907
vt -0.000559743 0.013084
vt -0.000567749 0.0122847
f 1124/1850/1473 1123/1851/1473 1122/1852/1473

vn -0.195947 -0.674383 -0.711908
v 159.652 120.953 -188.989
f 1124/1817/1474 1125/1818/1474 1123/1819/1474

v 160.215 119.807 -188.624
vt 0.000567844 0.0122848
vn -0.125347 -0.356351 -0.925906
vt -0.000559738 0.013084
vt -0.000567749 0.0122848
f 1126/1853/1475 1125/1854/1475 1124/1855/1475

vt 0.000567867 0.0122848
vn -0.125359 -0.356356 -0.925903
v 159.425 120.018 -188.598
vt 0.000559862 0.013084
vt -0.000559715 0.013084
f 1126/1856/1476 1127/1857/1476 1125/1858/1476

v 159.933 118.791 -188.63
vt 0.000567749 0.0122848
vn -0.0289764 0.0141143 -0.99948
vt -0.000559839 0.013084
vt -0.000567844 0.0122848
f 1128/1859/1477 1127/1860/1477 1126/1861/1477

vn -0.0289643 0.0141193 -0.999481
v 159.148 119.016 -188.604
f 1128/1841/1478 1129/1842/1478 1127/1843/1478

vt -0.000567851 0.0122847
vn 0.0785076 0.380553 -0.921421
v 158.863 118.101 -189.006
f 1128/1862/1479 1130/1848/1479 1129/1849/1479

vt -0.000481912 0.0121537
vn 0.106925 0.342928 -0.933256
v 159.586 117.864 -189.01
vt 0.000659812 0.0122108
vt 0.000643968 0.012955
f 1128/1863/1480 1131/1864/1480 1130/1865/1480

vt 0.000588082 0.0126047
vn -0.302634 0.45662 -0.836607
vt -0.000553418 0.012544
v 160.097 118.76 -188.706
vt -0.000540205 0.0123653
f 1131/1866/1481 1128/1867/1481 1132/1868/1481

vt -0.000567844 0.0125439
vn -0.401889 0.116718 -0.908219
vt 0.000554133 0.0123652
vt 0.000567749 0.0125439
f 1126/1869/1482 1132/1870/1482 1128/1871/1482

vt -0.000567968 0.0125443
vn -0.401675 0.116701 -0.908316
v 160.371 119.751 -188.7
vt -0.000554388 0.0123656
vt 0.000554011 0.0123656
f 1126/1872/1483 1133/1873/1483 1132/1874/1483

vt -0.000567749 0.0125443
vn -0.492183 -0.231178 -0.839233
vt 0.000554267 0.0123656
vt 0.000567844 0.0125443
f 1124/1875/1484 1133/1876/1484 1126/1877/1484

vt -0.000567625 0.0125439
vn -0.492388 -0.231129 -0.839126
v 160.596 120.678 -189.087
vt -0.000554011 0.0123652
vt 0.000554388 0.0123652
f 1124/1878/1485 1134/1879/1485 1133/1880/1485

vt -0.000567749 0.0125437
vn -0.558707 -0.529653 -0.638211
vt 0.000554295 0.0123651
vt 0.000567853 0.0125437
f 1122/1881/1486 1134/1882/1486 1124/1883/1486

vt -0.000567906 0.0125443
vn -0.558459 -0.529758 -0.638341
v 160.737 121.398 -189.808
vt -0.000554327 0.0123656
vt 0.000554141 0.0123656
f 1122/1884/1487 1135/1885/1487 1134/1886/1487

vt -0.000567853 0.0125443
vn -0.59047 -0.733726 -0.336142
vt 0.000554174 0.0123656
vt 0.000567749 0.0125443
f 1120/1887/1488 1135/1888/1488 1122/1889/1488

vt -0.000567696 0.0125438
vn -0.590709 -0.733583 -0.336034
v 160.772 121.802 -190.753
vt -0.000554141 0.0123651
vt 0.000554327 0.0123651
f 1120/1890/1489 1136/1891/1489 1135/1892/1489

vt -0.000588296 0.0126048
vn -0.584113 -0.811503 0.0165801
vt 0.000539937 0.0123654
vt 0.000553205 0.0125441
f 1118/1893/1490 1136/1894/1490 1120/1895/1490

vt -0.000573745 0.0125655
vn -0.599903 -0.799748 0.0227949
v 160.697 121.829 -191.779
vt -0.000554388 0.0123243
vt 0.000554011 0.0123243
f 1118/1896/1491 1137/1897/1491 1136/1898/1491

vt -0.000573529 0.0125655
vn -0.555022 -0.740819 0.378336
vt 0.000554296 0.0123243
vt 0.00057365 0.0125655
f 1116/1899/1492 1137/1900/1492 1118/1901/1492

vt -0.000573433 0.0125652
vn -0.555123 -0.740733 0.378356
v 160.523 121.475 -192.729
vt -0.000554011 0.012324
vt 0.000554388 0.012324
f 1116/1902/1493 1138/1903/1493 1137/1904/1493

vt -0.00057341 0.012565
vn -0.479381 -0.55419 0.68049
vt 0.000554397 0.0123238
vt 0.000573697 0.012565
f 1114/1905/1494 1138/1906/1494 1116/1907/1494

vt -0.000573674 0.0125658
vn -0.479096 -0.554429 0.680496
v 160.276 120.793 -193.459
vt -0.000554327 0.0123246
vt 0.000554141 0.0123246
f 1114/1908/1495 1139/1909/1495 1138/1910/1495

vt -0.000573697 0.0125658
vn -0.383887 -0.268753 0.883404
vt 0.000554072 0.0123246
vt 0.00057341 0.0125658
f 1112/1911/1496 1139/1912/1496 1114/1913/1496

vt -0.000573432 0.012565
vn -0.384183 -0.268536 0.883341
v 159.994 119.887 -193.857
vt -0.000554141 0.0123238
vt 0.000554327 0.0123238
f 1112/1914/1497 1140/1915/1497 1139/1916/1497

vt -0.00057365 0.0125652
vn -0.284004 0.0727218 0.956061
vt 0.000554103 0.012324
vt 0.000573529 0.0125652
f 1110/1917/1498 1140/1918/1498 1112/1919/1498

vn -0.283892 0.0726587 0.956099
v 159.719 118.895 -193.863
f 1110/1896/1499 1141/1897/1499 1140/1898/1499

vt -0.000556772 0.0125042
vn -0.193068 0.420997 0.886277
vt 0.000564973 0.0123241
vt 0.0005847 0.0125653
f 1108/1920/1500 1141/1921/1500 1110/1922/1500

vn -0.17452 0.415292 0.892791
v 159.495 117.969 -193.476
f 1108/1878/1501 1142/1879/1501 1141/1880/1501

vt -0.000588082 0.0126047
vn -0.109264 0.710522 0.695141
vt 0.000540205 0.0123653
vt 0.000553418 0.012544
f 1106/1923/1502 1142/1924/1502 1108/1925/1502

vn -0.128191 0.714041 0.688268
v 159.354 117.249 -192.755
f 1106/1908/1503 1143/1909/1503 1142/1910/1503

vn -0.0964404 0.916407 0.388456
f 1105/1911/1504 1143/1912/1504 1106/1913/1504

vn -0.0967977 0.916413 0.388353
v 159.318 116.844 -191.81
f 1105/1914/1505 1144/1915/1505 1143/1916/1505

v 159.15 116.791 -190.749
vn -0.103806 0.994023 0.0337989
f 1145/1917/1506 1144/1918/1506 1105/1919/1506

vn -0.103674 0.994036 0.0338205
v 159.393 116.817 -190.784
f 1145/1896/1507 1146/1897/1507 1144/1898/1507

v 159.33 117.158 -189.765
vn -0.148559 0.935108 -0.321721
f 1147/1899/1508 1146/1900/1508 1145/1901/1508

vn -0.148691 0.935086 -0.321722
v 159.568 117.172 -189.834
f 1147/1902/1509 1148/1903/1509 1146/1904/1509

vn -0.224585 0.748586 -0.623843
f 1131/1905/1510 1148/1906/1510 1147/1907/1510

vn -0.224223 0.748646 -0.623902
v 159.815 117.854 -189.104
f 1131/1908/1511 1149/1909/1511 1148/1910/1511

vt 0.000573674 0.0125658
vn -0.319461 0.462897 -0.826844
vt -0.000554141 0.0123246
vt 0.000554327 0.0123246
f 1131/1926/1512 1132/1927/1512 1149/1928/1512

v 160.318 118.679 -188.631
vt -0.000573939 0.0101568
vn 0.393497 0.264381 -0.88049
vt 0.000554327 0.0103981
vt -0.000554141 0.0103981
f 1150/1929/1513 1149/1930/1513 1132/1931/1513

vt -0.000587782 0.0102881
vn 0.377967 0.275761 -0.883797
v 159.972 117.772 -189.063
vt 0.000554569 0.0103498
vt 0.000540951 0.0105276
f 1150/1932/1514 1151/1933/1514 1149/1934/1514

vt -0.000642727 0.0119111
vn 0.0795418 0.403023 -0.911727
v 160.528 117.605 -189.088
vt 0.000504246 0.0114001
vt 0.000499881 0.0119688
f 1150/1935/1515 1152/1936/1515 1151/1937/1515

vt -0.000574024 0.0120472
vn 0.0263014 0.395352 -0.918153
v 160.82 118.541 -188.676
vt -0.000573119 0.0115366
vt 0.000573159 0.0115366
f 1150/1938/1516 1153/1939/1516 1152/1940/1516

vt 0.000574261 0.0120471
vn -0.0812472 0.0284954 -0.996287
v 161.104 119.567 -188.67
vt -0.000572999 0.0115365
vt 0.000573237 0.0115365
f 1150/1941/1517 1154/1942/1517 1153/1943/1517

vt 0.000642648 0.0119117
vn -0.0409714 -0.00725303 -0.999134
v 160.543 119.717 -188.648
vt -0.000500056 0.0119693
vt -0.000504403 0.0114007
f 1150/1944/1518 1155/1945/1518 1154/1946/1518

vt -0.000558191 0.0102222
vn 0.292626 -0.0785117 -0.952998
vt 0.000584226 0.0101601
vt 0.000563912 0.0104013
f 1155/1947/1519 1150/1948/1519 1132/1949/1519

vt -0.000568348 0.0103521
vn 0.276126 -0.0704953 -0.958533
vt 0.000554011 0.0105299
vt -0.000554388 0.0105299
f 1155/1950/1520 1132/1951/1520 1133/1952/1520

v 160.773 120.667 -189.045
vt -0.000568221 0.010352
vn 0.186045 -0.416759 -0.889775
vt 0.000568162 0.010352
vt 0.000554206 0.0105298
f 1156/1953/1521 1155/1954/1521 1133/1955/1521

vt 0.000568162 0.0119701
vn -0.131157 -0.354826 -0.925687
vt -0.000568221 0.0119701
v 161.336 120.525 -189.07
vt -0.000573136 0.0114015
f 1155/1956/1522 1156/1957/1522 1157/1958/1522

vt 0.000568142 0.0119702
vn -0.201798 -0.672936 -0.711642
v 161.482 121.27 -189.816
vt -0.000573159 0.0114016
vt 0.000573119 0.0114016
f 1156/1959/1523 1158/1960/1523 1157/1961/1523

vt 0.000568349 0.0119698
vn -0.20168 -0.673019 -0.711598
v 160.917 121.405 -189.784
vt -0.00056799 0.0119698
vt -0.00057295 0.0114011
f 1156/1962/1524 1159/1963/1524 1158/1964/1524

vt -0.00056799 0.0103491
vn 0.120484 -0.714051 -0.689648
vt 0.000568349 0.0103491
vt 0.000554426 0.0105269
f 1159/1965/1525 1156/1966/1525 1134/1967/1525

vt -0.000568034 0.0103497
vn 0.186366 -0.416857 -0.889662
vt 0.000554388 0.0105275
vt -0.000554011 0.0105275
f 1156/1968/1526 1133/1969/1526 1134/1970/1526

vt -0.000568282 0.0103528
vn 0.11996 -0.713979 -0.689815
vt 0.000554141 0.0105306
vt -0.000554327 0.0105306
f 1159/1971/1527 1134/1972/1527 1135/1973/1527

v 160.954 121.82 -190.753
vt -0.000568349 0.0103527
vn 0.0881067 -0.917 -0.389035
vt 0.00056799 0.0103527
vt 0.000554043 0.0105305
f 1160/1974/1528 1159/1975/1528 1135/1976/1528

vt 0.00056799 0.0119702
vn -0.235891 -0.890187 -0.389772
vt -0.000568349 0.0119702
v 161.519 121.688 -190.793
vt -0.000573328 0.0114016
f 1159/1977/1529 1160/1978/1529 1161/1979/1529

vt 0.000568321 0.0119701
vn -0.228245 -0.973563 -0.00888948
v 161.441 121.716 -191.854
vt -0.000572999 0.0114015
vt 0.000573237 0.0114015
f 1160/1980/1530 1162/1981/1530 1161/1982/1530

vt 0.000568221 0.0119703
vn -0.22831 -0.973548 -0.0089197
v 160.877 121.848 -191.805
vt -0.000568162 0.0119703
vt -0.000573101 0.0114017
f 1160/1983/1531 1163/1984/1531 1162/1985/1531

vt -0.000568162 0.0103497
vn 0.0956684 -0.99486 -0.0331952
vt 0.000568221 0.0103497
vt 0.000554193 0.0105275
f 1163/1986/1532 1160/1987/1532 1136/1988/1532

vt -0.000568058 0.010349
vn 0.0886472 -0.917 -0.388911
vt 0.000554327 0.0105268
vt -0.000554141 0.0105268
f 1160/1989/1533 1135/1990/1533 1136/1991/1533

vn 0.0953173 -0.994892 -0.0332315
f 1163/1950/1534 1136/1951/1534 1137/1952/1534

v 160.698 121.484 -192.779
vn 0.140346 -0.935781 0.323446
f 1164/1953/1535 1163/1954/1535 1137/1955/1535

vn -0.180066 -0.910298 0.372738
v 161.261 121.349 -192.837
f 1163/1956/1536 1164/1957/1536 1165/1958/1536

vn -0.0986803 -0.710051 0.697201
v 161.005 120.644 -193.591
f 1164/1959/1537 1166/1960/1537 1165/1961/1537

vn -0.0985353 -0.710034 0.697239
v 160.445 120.785 -193.527
f 1164/1962/1538 1167/1963/1538 1166/1964/1538

vn 0.216844 -0.748632 0.626521
f 1167/1965/1539 1164/1966/1539 1138/1967/1539

vn 0.140697 -0.935734 0.32343
f 1164/1968/1540 1137/1969/1540 1138/1970/1540

vn 0.216304 -0.748697 0.626631
f 1167/1971/1541 1138/1972/1541 1139/1973/1541

v 160.156 119.856 -193.935
vn 0.311833 -0.462101 0.830194
f 1168/1974/1542 1167/1975/1542 1139/1976/1542

vn 0.00353864 -0.403359 0.915035
v 160.713 119.707 -194.003
f 1167/1977/1543 1168/1978/1543 1169/1979/1543

vn 0.111086 -0.0367306 0.993132
v 160.43 118.682 -194.009
f 1168/1980/1544 1170/1981/1544 1169/1982/1544

vn 0.111015 -0.0367476 0.993139
v 159.874 118.84 -193.941
f 1168/1983/1545 1171/1984/1545 1170/1985/1545

vn 0.412684 -0.119651 0.902982
f 1171/1986/1546 1168/1987/1546 1140/1988/1546

vn 0.312356 -0.462076 0.830012
f 1168/1989/1547 1139/1990/1547 1140/1991/1547

vn 0.412363 -0.119626 0.903131
f 1171/1950/1548 1140/1951/1548 1141/1952/1548

v 159.644 117.89 -193.544
vn 0.502452 0.226635 0.834373
f 1172/1953/1549 1171/1954/1549 1141/1955/1549

vn 0.207471 0.333753 0.919546
v 160.197 117.724 -193.609
f 1171/1956/1550 1172/1957/1550 1173/1958/1550

vn 0.278074 0.651873 0.705504
v 160.052 116.979 -192.863
f 1172/1959/1551 1174/1960/1551 1173/1961/1551

vn 0.27821 0.651886 0.705439
v 159.5 117.151 -192.805
f 1172/1962/1552 1175/1963/1552 1174/1964/1552

vn 0.568809 0.523707 0.634182
f 1175/1965/1553 1172/1966/1553 1142/1967/1553

vn 0.502758 0.22656 0.834209
f 1172/1968/1554 1141/1969/1554 1142/1970/1554

vn 0.568352 0.523906 0.634428
f 1175/1971/1555 1142/1972/1555 1143/1973/1555

v 159.512 116.695 -191.846
vn 0.60031 0.725017 0.337606
f 1176/1932/1556 1175/1933/1556 1143/1934/1556

vt 0.000492134 0.0121045
vn 0.264961 0.871876 0.411859
vt -0.000650477 0.0120469
v 160.015 116.56 -191.886
vt -0.000649443 0.0115363
f 1175/1992/1557 1176/1993/1557 1177/1994/1557

vn 0.258339 0.966033 0.00648841
v 160.093 116.533 -190.825
f 1176/1941/1558 1178/1942/1558 1177/1943/1558

vn 0.302857 0.952806 -0.0209226
v 159.54 116.709 -190.784
f 1176/1944/1559 1179/1945/1559 1178/1946/1559

vn 0.607956 0.793516 -0.0268527
f 1179/1947/1560 1176/1948/1560 1144/1949/1560

vn 0.615552 0.715944 0.329424
f 1176/1929/1561 1143/1930/1561 1144/1931/1561

vn 0.593172 0.80477 -0.0221698
f 1179/1950/1562 1144/1951/1562 1146/1952/1562

v 159.719 117.073 -189.81
vn 0.548151 0.745657 -0.378848
f 1180/1953/1563 1179/1954/1563 1146/1955/1563

vn 0.256379 0.889225 -0.378878
v 160.273 116.899 -189.842
f 1179/1956/1564 1180/1957/1564 1181/1958/1564

vn 0.174956 0.688988 -0.703339
f 1180/1959/1565 1152/1960/1565 1181/1961/1565

vn 0.175065 0.688901 -0.703397
f 1180/1962/1566 1151/1963/1566 1152/1964/1566

vn 0.472448 0.558288 -0.681987
f 1148/1967/1567 1151/1965/1567 1180/1966/1567

vn 0.472008 0.558624 -0.682018
f 1148/1972/1568 1149/1973/1568 1151/1971/1568

vn 0.548427 0.745437 -0.378883
f 1180/1968/1569 1146/1969/1569 1148/1970/1569

vt 0.000568061 0.0119703
vn 0.256324 0.889256 -0.378842
vt -0.000573237 0.0114017
vt 0.000572999 0.0114017
f 1179/1995/1570 1181/1996/1570 1178/1997/1570

vt 0.000568198 0.0119698
vn 0.312294 0.869113 0.383556
vt -0.000573119 0.0114012
vt 0.000573159 0.0114012
f 1175/1998/1571 1177/1999/1571 1174/2000/1571

vn 0.207402 0.333739 0.919567
f 1171/1995/1572 1173/1996/1572 1170/1997/1572

vn 0.00368558 -0.403328 0.915048
f 1167/1998/1573 1169/1999/1573 1166/2000/1573

vn -0.180134 -0.910296 0.372711
f 1163/1995/1574 1165/1996/1574 1162/1997/1574

vn -0.235765 -0.890246 -0.389714
f 1159/1998/1575 1161/1999/1575 1158/2000/1575

vn -0.131212 -0.354778 -0.925697
f 1155/1995/1576 1157/1996/1576 1154/1997/1576

vn 0.217592 0.675114 -0.704894
f 1147/1829/1577 1130/1830/1577 1131/1831/1577

vn 0.21765 0.675122 -0.704868
f 1147/1832/1578 1089/1833/1578 1130/1834/1578

vn 0.298809 0.874817 -0.381323
f 1145/1835/1579 1089/1836/1579 1147/1837/1579

vn 0.298813 0.874817 -0.381321
f 1145/1823/1580 1088/1824/1580 1089/1825/1580

vn 0.346867 0.937914 -0.000664354
f 1105/1826/1581 1088/1827/1581 1145/1828/1581

vt 0.000400813 0.0116045
vn 0.600036 0.472858 -0.645262
vt -0.000559746 0.010156
vt 0.00055985 0.010156
f 1090/2001/1582 1130/2002/1582 1089/2003/1582

vt 0.000400847 0.0116044
vn 0.600039 0.472843 -0.645269
vt -0.00040068 0.0116044
vt -0.000559699 0.0101559
f 1090/2004/1583 1091/2005/1583 1130/2006/1583

vt 0.000400714 0.0116044
vn 0.511504 0.20721 -0.833923
vt -0.00055985 0.0101559
vt 0.000559746 0.0101559
f 1091/2007/1584 1129/2008/1584 1130/2009/1584

vn 0.511501 0.207226 -0.833921
f 1091/1799/1585 1092/1800/1585 1129/1801/1585

vn 0.418396 -0.110234 -0.901551
f 1092/1802/1586 1127/1803/1586 1129/1804/1586

vn 0.418394 -0.110228 -0.901552
f 1092/1775/1587 1093/1776/1587 1127/1777/1587

vn 0.334894 -0.431184 -0.83781
f 1093/1778/1588 1125/1779/1588 1127/1780/1588

vn 0.334896 -0.43119 -0.837807
f 1093/1781/1589 1094/1782/1589 1125/1783/1589

vn 0.273735 -0.706693 -0.652422
f 1094/2001/1590 1123/2002/1590 1125/2003/1590

vn 0.273741 -0.706702 -0.65241
f 1094/2004/1591 1095/2005/1591 1123/2006/1591

vn 0.244216 -0.894851 -0.37363
f 1095/2007/1592 1121/2008/1592 1123/2009/1592

vn 0.244209 -0.894847 -0.373645
f 1095/1799/1593 1096/1800/1593 1121/1801/1593

vn 0.250812 -0.967043 -0.0438449
f 1096/1802/1594 1119/1803/1594 1121/1804/1594

vn 0.250808 -0.967043 -0.0438507
f 1096/1775/1595 1097/1776/1595 1119/1777/1595

vn 0.292544 -0.912243 0.28676
f 1097/1778/1596 1117/1779/1596 1119/1780/1596

vn 0.292549 -0.91224 0.286765
f 1097/1781/1597 1098/1782/1597 1117/1783/1597

vn 0.363052 -0.738808 0.567764
f 1098/2001/1598 1115/2002/1598 1117/2003/1598

vn 0.363063 -0.738797 0.56777
f 1098/2004/1599 1099/2005/1599 1115/2006/1599

vn 0.451596 -0.473163 0.756424
f 1099/2007/1600 1113/2008/1600 1115/2009/1600

vn 0.451585 -0.473176 0.756423
f 1099/1799/1601 1100/1800/1601 1113/1801/1601

vn 0.544692 -0.155716 0.824053
f 1100/1802/1602 1111/1803/1602 1113/1804/1602

vn 0.544687 -0.155721 0.824055
f 1100/1775/1603 1101/1776/1603 1111/1777/1603

vn 0.628189 0.165236 0.760313
f 1101/1778/1604 1109/1779/1604 1111/1780/1604

vn 0.628193 0.16524 0.760309
f 1101/1781/1605 1102/1782/1605 1109/1783/1605

vn 0.689353 0.440742 0.574924
f 1102/2001/1606 1107/2002/1606 1109/2003/1606

vn 0.689361 0.440748 0.574911
f 1102/2004/1607 1103/2005/1607 1107/2006/1607

vn 0.718884 0.628898 0.296132
f 1103/2007/1608 1104/2008/1608 1107/2009/1608

g Mesh27 Object_3_1 skpE254_1 Model

v 162.907 117.979 -188.909
vt 0.000559541 0.00936686
vn -0.0646015 0.0238701 -0.997626
v 162.689 118.039 -188.893
vt 0.000559105 0.0095892
v 162.965 119.039 -188.887
vt -0.000558664 0.0095892
f 1182/2010/1609 1183/2011/1609 1184/2012/1609

v 162.404 117.126 -189.294
vt 0.000558827 0.00958916
vn 0.0430165 0.390761 -0.919487
vt -0.000558896 0.00958916
vt -0.000559312 0.00936682
f 1185/2013/1610 1183/2014/1610 1182/2015/1610

vt 0.000558875 0.00958896
vn 0.0430861 0.390725 -0.919498
vt -0.000559265 0.00936662
v 162.622 117.065 -189.31
vt 0.000559305 0.00936662
f 1185/2016/1611 1182/2017/1611 1186/2018/1611

v 162.373 116.376 -190.047
vt 0.000559265 0.00936662
vn 0.145397 0.697696 -0.701484
vt -0.000558875 0.00958896
vt -0.000559305 0.00936662
f 1187/2019/1612 1185/2020/1612 1186/2021/1612

vt 0.000559312 0.00936682
vn 0.145319 0.697706 -0.701491
v 162.155 116.438 -190.03
vt 0.000558896 0.00958916
vt -0.000558827 0.00958916
f 1187/2022/1613 1188/2023/1613 1185/2024/1613

v 162.197 116.018 -191.005
vt 0.000559161 0.00936686
vn 0.226783 0.898134 -0.376729
vt -0.000559039 0.0095892
vt -0.000559474 0.00936686
f 1189/2025/1614 1188/2026/1614 1187/2027/1614

vt 0.000559094 0.00936658
vn 0.226891 0.898113 -0.376715
v 161.979 116.081 -190.988
vt 0.000558664 0.00958892
vt -0.000559105 0.00958892
f 1189/2028/1615 1190/2029/1615 1188/2030/1615

v 162.121 116.046 -192.041
vt 0.000559474 0.00936658
vn 0.275095 0.961403 0.00513602
vt -0.00055873 0.00958892
vt -0.000559161 0.00936658
f 1191/2031/1616 1190/2032/1616 1189/2033/1616

vn 0.274989 0.961434 0.00512078
v 161.903 116.108 -192.023
f 1191/2010/1617 1192/2011/1617 1190/2012/1617

v 162.157 116.454 -192.995
vt 0.000559305 0.00936682
vn 0.28264 0.878019 0.38626
vt -0.000558848 0.00958916
vt -0.000559265 0.00936682
f 1193/2034/1618 1192/2035/1618 1191/2036/1618

vt 0.000559257 0.00936662
vn 0.282714 0.877992 0.386269
v 161.939 116.516 -192.976
vt 0.000558827 0.00958896
vt -0.000558896 0.00958896
f 1193/2037/1619 1194/2038/1619 1192/2039/1619

v 162.299 117.181 -193.722
vn 0.248596 0.660567 0.708415
f 1195/2019/1620 1194/2020/1620 1193/2021/1620

vn 0.248524 0.6606 0.70841
v 162.081 117.242 -193.703
f 1195/2022/1621 1196/2023/1621 1194/2024/1621

v 162.526 118.116 -194.113
vn 0.177823 0.342196 0.922649
f 1197/2025/1622 1196/2026/1622 1195/2027/1622

vn 0.177921 0.342146 0.922649
v 162.308 118.176 -194.093
f 1197/2028/1623 1198/2029/1623 1196/2030/1623

v 162.803 119.116 -194.107
vn 0.0814783 -0.0285551 0.996266
f 1199/2031/1624 1198/2032/1624 1197/2033/1624

vn 0.0813809 -0.0285036 0.996275
v 162.585 119.176 -194.087
f 1199/2010/1625 1200/2011/1625 1198/2012/1625

v 163.088 120.03 -193.705
vn -0.0262031 -0.395388 0.918141
f 1201/2034/1626 1200/2035/1626 1199/2036/1626

vn -0.0261334 -0.395423 0.918127
v 162.869 120.09 -193.686
f 1201/2037/1627 1202/2038/1627 1200/2039/1627

v 163.337 120.719 -192.969
vn -0.12844 -0.702378 0.70012
f 1203/2019/1628 1202/2020/1628 1201/2021/1628

vn -0.12851 -0.702347 0.700138
v 163.118 120.777 -192.95
f 1203/2022/1629 1204/2023/1629 1202/2024/1629

v 163.513 121.076 -192.01
vn -0.210003 -0.902768 0.375379
f 1205/2025/1630 1204/2026/1630 1203/2027/1630

vn -0.209903 -0.902804 0.375348
v 163.294 121.135 -191.992
f 1205/2028/1631 1206/2029/1631 1204/2030/1631

v 163.589 121.049 -190.975
vn -0.258108 -0.966094 -0.00650293
f 1207/2031/1632 1206/2032/1632 1205/2033/1632

vn -0.25821 -0.966067 -0.00647098
v 163.37 121.108 -190.957
f 1207/2010/1633 1208/2011/1633 1206/2012/1633

v 163.553 120.641 -190.021
vn -0.265832 -0.882661 -0.387612
f 1209/2034/1634 1208/2035/1634 1207/2036/1634

vn -0.265756 -0.882674 -0.387633
v 163.334 120.7 -190.004
f 1209/2037/1635 1210/2038/1635 1208/2039/1635

v 163.411 119.914 -189.293
vn -0.231639 -0.665249 -0.709779
f 1211/2019/1636 1210/2020/1636 1209/2021/1636

vn -0.231715 -0.665241 -0.709762
v 163.192 119.974 -189.277
f 1211/2022/1637 1212/2023/1637 1210/2024/1637

v 163.184 118.979 -188.903
vn -0.161043 -0.346829 -0.923999
f 1213/2025/1638 1212/2026/1638 1211/2027/1638

vn -0.160934 -0.346837 -0.924016
f 1213/2028/1639 1184/2029/1639 1212/2030/1639

vn -0.0644913 0.0238642 -0.997633
f 1182/2031/1640 1184/2032/1640 1213/2033/1640

g Mesh28 Object_3_1 skpE254_1 Model

v 168.828 115.323 -189.771
vt 0.000569387 0.00378336
vn -0.302381 0.460897 -0.83435
v 169.118 116.254 -189.362
vt -0.000569311 0.00378336
v 169.281 116.222 -189.438
vt -0.000555629 0.00360458
f 1214/2040/1641 1215/2041/1641 1216/2042/1641

vt -0.000569311 0.0031267
vn 0.013567 0.398778 -0.916947
vt 0.000569387 0.0031267
v 168.276 115.468 -189.716
vt 0.000572074 0.003687
f 1215/2043/1642 1214/2044/1642 1217/2045/1642

v 168.514 114.616 -190.501
vt 0.000643444 0.00318363
vn 0.110034 0.689804 -0.715586
vt -0.000503622 0.0036875
vt -0.000501256 0.0031272
f 1218/2046/1643 1217/2047/1643 1214/2048/1643

vt 0.000575035 0.0030549
vn 0.16286 0.692627 -0.70267
v 168.021 114.764 -190.469
vt 0.00057203 0.00355883
vt -0.000571998 0.00355883
f 1218/2049/1644 1219/2050/1644 1217/2051/1644

vt -0.000575202 0.00305487
vn 0.244325 0.892983 -0.378004
v 167.841 114.398 -191.449
vt 0.000571815 0.0035588
vt -0.000572231 0.0035588
f 1218/2052/1645 1220/2053/1645 1219/2054/1645

vt -0.000643609 0.00318359
vn 0.2012 0.91402 -0.352257
v 168.395 114.258 -191.496
vt 0.000501078 0.00312716
vt 0.000503441 0.00368746
f 1218/2055/1646 1221/2056/1646 1220/2057/1646

vt 0.000558967 0.0038093
vn -0.148087 0.936261 -0.318568
vt -0.000585459 0.00386993
v 168.751 114.63 -190.569
vt -0.000565782 0.00362921
f 1221/2058/1647 1218/2059/1647 1222/2060/1647

vt -0.000559144 0.00380931
vn -0.225264 0.74642 -0.62619
vt 0.00056562 0.00362922
vt 0.000585296 0.00386994
f 1214/2061/1648 1222/2062/1648 1218/2063/1648

vt -0.000569408 0.00378331
vn -0.206429 0.748678 -0.629975
v 168.998 115.314 -189.837
vt -0.000555758 0.00360453
vt 0.000555609 0.00360453
f 1214/2064/1649 1223/2065/1649 1222/2066/1649

vt 0.000569408 0.00378331
vn -0.302348 0.460887 -0.834368
vt -0.000555609 0.00360453
vt 0.000555758 0.00360453
f 1214/2067/1650 1216/2068/1650 1223/2069/1650

v 169.502 116.141 -189.364
vt -0.000575336 0.00149977
vn 0.392419 0.264878 -0.880822
vt 0.000555758 0.00174041
vt -0.000555609 0.00174041
f 1224/2070/1651 1223/2071/1651 1216/2072/1651

vt -0.000575551 0.0015008
vn 0.392179 0.265054 -0.880876
v 169.209 115.201 -189.777
vt 0.000575301 0.0015008
vt 0.00055555 0.00174141
f 1224/2073/1652 1225/2074/1652 1223/2075/1652

vt 0.000575301 0.00272647
vn 0.0174225 0.39781 -0.917302
vt -0.000575551 0.00272647
v 169.988 116.009 -189.412
vt -0.00057365 0.00223239
f 1225/2076/1653 1224/2077/1653 1226/2078/1653

v 170.271 117.035 -189.406
vt -0.000573317 0.00223232
vn -0.0901501 0.030931 -0.995448
vt 0.000573708 0.00223232
vt 0.00057568 0.0027264
f 1227/2079/1654 1226/2080/1654 1224/2081/1654

vt -0.000505018 0.00210064
vn -0.0484639 -0.00508877 -0.998812
vt 0.000643888 0.00259489
v 169.728 117.182 -189.38
vt -0.000501627 0.00265184
f 1227/2082/1655 1224/2083/1655 1228/2084/1655

vt 0.000588371 0.00156243
vn 0.274968 -0.0745445 -0.958559
v 169.556 117.216 -189.432
vt -0.00054325 0.00180136
vt -0.000556894 0.00162339
f 1224/2085/1656 1229/2086/1656 1228/2087/1656

vt 0.000575319 0.00149996
vn 0.292654 -0.0750972 -0.953265
vt 0.000555513 0.00174059
vt -0.000555865 0.00174059
f 1224/2088/1657 1216/2089/1657 1229/2090/1657

vt 0.000569127 0.00378346
vn -0.403261 0.117138 -0.907557
vt -0.000555865 0.00360467
vt 0.000555513 0.00360467
f 1215/2091/1658 1229/2092/1658 1216/2093/1658

vt 0.000559177 0.00380868
vn -0.418499 0.124661 -0.899621
v 169.348 117.292 -189.325
vt -0.000585213 0.0038693
vt -0.000565569 0.00362863
f 1215/2094/1659 1230/2095/1659 1229/2096/1659

vt -0.000643273 0.00318368
vn -0.0877674 0.0548922 -0.994627
vt 0.000501377 0.00312725
v 168.568 116.403 -189.305
vt 0.000503795 0.00368755
f 1230/2097/1660 1215/2098/1660 1231/2099/1660

vt -0.000569387 0.00312682
vn 0.0135271 0.398814 -0.916932
vt 0.000571998 0.00368712
vt -0.00057203 0.00368712
f 1215/2100/1661 1217/2101/1661 1231/2102/1661

vt -0.000574803 0.00305483
vn -0.046955 0.0189987 -0.998716
vt 0.000572231 0.00355877
v 168.851 117.426 -189.299
vt -0.000571815 0.00355877
f 1230/2103/1662 1231/2104/1662 1232/2105/1662

v 169.581 118.253 -189.726
vt -0.000575185 0.00305483
vn -0.143363 -0.351569 -0.925119
vt 0.00057482 0.00305483
vt 0.000571832 0.00355877
f 1233/2106/1663 1230/2107/1663 1232/2108/1663

vt 0.00057482 0.00387093
vn -0.509755 -0.223328 -0.830828
vt -0.000575185 0.00387093
v 169.782 118.145 -189.82
vt -0.000555853 0.00363019
f 1230/2109/1664 1233/2110/1664 1234/2111/1664

vt 0.000574937 0.00387095
vn -0.575529 -0.51959 -0.6315
v 169.923 118.867 -190.543
vt -0.000555758 0.00363021
vt 0.000555609 0.00363021
f 1233/2112/1665 1235/2113/1665 1234/2114/1665

vt 0.0005752 0.00387046
vn -0.57525 -0.519826 -0.631561
v 169.727 119 -190.474
vt -0.000574805 0.00387046
vt -0.000555504 0.00362976
f 1233/2115/1666 1236/2116/1666 1235/2117/1666

vt -0.000574805 0.0030549
vn -0.21406 -0.669913 -0.710911
vt 0.0005752 0.0030549
v 169.083 118.383 -189.698
vt 0.000572195 0.00355884
f 1236/2118/1667 1233/2119/1667 1237/2120/1667

vn -0.143373 -0.351561 -0.925121
f 1233/2052/1668 1232/2053/1668 1237/2054/1668

vt -0.000574971 0.00305522
vn -0.214166 -0.669844 -0.710944
vt 0.00057203 0.00355915
v 169.228 119.126 -190.442
vt -0.000571998 0.00355915
f 1236/2121/1669 1237/2122/1669 1238/2123/1669

v 169.764 119.42 -191.455
vt -0.0005752 0.00305522
vn -0.24827 -0.887174 -0.388952
vt 0.000574805 0.00305522
vt 0.000571833 0.00355915
f 1239/2124/1670 1236/2125/1670 1238/2126/1670

vt 0.000574805 0.00387092
vn -0.607273 -0.721907 -0.331769
vt -0.0005752 0.00387092
v 169.959 119.273 -191.491
vt -0.000555863 0.00363018
f 1236/2127/1671 1239/2128/1671 1240/2129/1671

vt 0.000574833 0.00387096
vn -0.600188 -0.799534 0.0228188
v 169.883 119.3 -192.52
vt -0.000555865 0.00363022
vt 0.000555513 0.00363022
f 1239/2130/1672 1241/2131/1672 1240/2132/1672

vt 0.000575185 0.00387031
vn -0.599794 -0.799827 0.0228959
v 169.686 119.448 -192.519
vt -0.00057482 0.00387031
vt -0.000555525 0.00362962
f 1239/2133/1673 1242/2134/1673 1241/2135/1673

vt -0.00057482 0.00305487
vn -0.240513 -0.970614 -0.00789535
vt 0.000575185 0.00305487
v 169.265 119.543 -191.418
vt 0.000572215 0.0035588
f 1242/2136/1674 1239/2137/1674 1243/2138/1674

vt -0.000575035 0.0030549
vn -0.248158 -0.887225 -0.388908
vt 0.000571998 0.00355883
vt -0.00057203 0.00355883
f 1239/2139/1675 1238/2140/1675 1243/2141/1675

vn -0.240501 -0.970617 -0.00789046
v 169.187 119.571 -192.477
f 1242/2103/1676 1243/2104/1676 1244/2105/1676

v 169.505 119.08 -193.505
vn -0.192313 -0.907343 0.373824
f 1245/2106/1677 1242/2107/1677 1244/2108/1677

vn -0.555318 -0.740646 0.37824
v 169.708 118.944 -193.472
f 1242/2109/1678 1245/2110/1678 1246/2111/1678

vn -0.479511 -0.554171 0.680414
v 169.461 118.261 -194.204
f 1245/2112/1679 1247/2113/1679 1246/2114/1679

vn -0.479187 -0.554297 0.68054
v 169.249 118.373 -194.262
f 1245/2115/1680 1248/2116/1680 1247/2117/1680

vn -0.11087 -0.706941 0.698528
v 169.007 119.205 -193.457
f 1248/2118/1681 1245/2119/1681 1249/2120/1681

vn -0.192325 -0.907342 0.37382
f 1245/2052/1682 1244/2053/1682 1249/2054/1682

vn -0.110998 -0.70695 0.698499
v 168.752 118.501 -194.21
f 1248/2121/1683 1249/2122/1683 1250/2123/1683

v 168.956 117.433 -194.675
vn -0.0087397 -0.400142 0.916412
f 1251/2124/1684 1248/2125/1684 1250/2126/1684

vn -0.384316 -0.268574 0.883272
v 169.178 117.352 -194.603
f 1248/2127/1685 1251/2128/1685 1252/2129/1685

vn -0.284222 0.0727478 0.955995
v 168.903 116.358 -194.609
f 1251/2130/1686 1253/2131/1686 1252/2132/1686

vn -0.283747 0.0727331 0.956137
v 168.671 116.404 -194.681
f 1251/2133/1687 1254/2134/1687 1253/2135/1687

vn 0.0989645 -0.0333669 0.994531
v 168.461 117.567 -194.621
f 1254/2136/1688 1251/2137/1688 1255/2138/1688

vn -0.00861041 -0.400122 0.916422
f 1251/2139/1689 1250/2140/1689 1255/2141/1689

vn 0.0989777 -0.0333644 0.99453
v 168.178 116.543 -194.627
f 1254/2103/1690 1255/2104/1690 1256/2105/1690

v 168.438 115.443 -194.28
vn 0.195385 0.337204 0.920933
f 1257/2106/1691 1254/2107/1691 1256/2108/1691

vn -0.194446 0.417788 0.887493
v 168.678 115.429 -194.221
f 1254/2109/1692 1257/2110/1692 1258/2111/1692

vn -0.128677 0.714052 0.688166
v 168.536 114.707 -193.498
f 1257/2112/1693 1259/2113/1693 1258/2114/1693

vn -0.128311 0.714109 0.688175
v 168.292 114.696 -193.531
f 1257/2115/1694 1260/2116/1694 1259/2117/1694

vn 0.266035 0.655561 0.706729
v 167.946 115.587 -194.228
f 1260/2118/1695 1257/2119/1695 1261/2120/1695

vn 0.195373 0.337202 0.920937
f 1257/2052/1696 1256/2053/1696 1261/2054/1696

vn 0.265915 0.655554 0.70678
v 167.801 114.843 -193.484
f 1260/2121/1697 1261/2122/1697 1262/2123/1697

v 168.318 114.286 -192.55
vt -0.000493809 0.00299958
vn 0.300694 0.882994 0.360424
vt 0.000650902 0.00305602
vt 0.000647536 0.00355995
f 1263/2142/1698 1260/2143/1698 1262/2144/1698

vt -0.000559244 0.00380883
vn -0.0962101 0.917722 0.385395
vt 0.000565557 0.00362877
vt 0.000585207 0.00386945
f 1263/2145/1699 1259/2146/1699 1260/2147/1699

vt -0.000569291 0.00378336
vn -0.0777516 0.917685 0.389628
v 168.501 114.302 -192.55
vt -0.000555609 0.00360458
vt 0.000555758 0.00360458
f 1263/2148/1700 1264/2149/1700 1259/2150/1700

vn -0.0849656 0.995854 0.032502
v 168.576 114.274 -191.521
f 1263/2091/1701 1265/2092/1701 1264/2093/1701

vt 0.000569443 0.00378263
vn -0.0843842 0.995908 0.0323568
vt -0.000569179 0.00378263
vt -0.000555556 0.00360388
f 1263/2151/1702 1221/2152/1702 1265/2153/1702

vt -0.000569179 0.00312674
vn 0.245501 0.969367 0.00750851
vt 0.000569443 0.00312674
v 167.764 114.426 -192.508
vt 0.000572183 0.00368704
f 1221/2154/1703 1263/2155/1703 1266/2156/1703

vn 0.253105 0.885979 0.388561
f 1263/2100/1704 1262/2101/1704 1266/2102/1704

vt -0.000569131 0.00312666
vn 0.245531 0.96936 0.0074892
vt 0.000572231 0.00368696
vt -0.000571815 0.00368696
f 1221/2157/1705 1266/2158/1705 1220/2159/1705

vt 0.000569496 0.0037826
vn -0.129592 0.936526 -0.325767
vt -0.000555513 0.00360385
vt 0.000555865 0.00360385
f 1221/2160/1706 1222/2161/1706 1265/2162/1706

vt -0.000555513 0.00180318
vn 0.547862 0.745829 -0.378928
v 168.723 114.166 -191.522
vt 0.000569826 0.00162522
vt 0.000555865 0.00180318
f 1222/2163/1707 1267/2164/1707 1265/2165/1707

vt -0.000564983 0.00174205
vn 0.563088 0.736499 -0.374835
v 168.953 114.493 -190.535
vt -0.000585126 0.00150144
vt 0.000560111 0.00156283
f 1222/2166/1708 1268/2167/1708 1267/2168/1708

vt 0.000575336 0.00149977
vn 0.487281 0.549501 -0.678679
vt 0.000555609 0.00174041
vt -0.000555758 0.00174041
f 1268/2169/1709 1222/2170/1709 1223/2171/1709

vt 0.000575551 0.0015008
vn 0.487018 0.549605 -0.678784
vt -0.00055555 0.00174141
vt -0.000575301 0.0015008
f 1268/2172/1710 1223/2173/1710 1225/2174/1710

v 169.696 115.072 -189.824
vt -0.000573367 0.00223233
vn 0.11972 0.704662 -0.69937
vt 0.000575551 0.0027264
vt -0.000575301 0.0027264
f 1269/2175/1711 1268/2176/1711 1225/2177/1711

vt -0.000573402 0.00223239
vn 0.119699 0.704676 -0.69936
v 169.44 114.366 -190.579
vt 0.000573615 0.00223239
vt 0.000575516 0.00272647
f 1269/2178/1712 1270/2179/1712 1268/2180/1712

vt -0.000649505 0.0022318
vn 0.205688 0.91383 -0.350154
vt 0.000493784 0.00278281
vt -0.000651732 0.00272588
f 1270/2181/1713 1267/2182/1713 1268/2183/1713

vt -0.000573708 0.00210138
vn 0.248926 0.891574 -0.378326
v 169.26 113.999 -191.562
vt 0.000573317 0.00210138
vt 0.000569468 0.00265258
f 1270/2184/1714 1271/2185/1714 1267/2186/1714

vt -0.00057336 0.00210139
vn 0.297109 0.954838 0.00334924
v 168.646 114.194 -192.576
vt 0.000569774 0.00265258
vt -0.000569511 0.00265258
f 1271/2187/1715 1272/2188/1715 1267/2189/1715

vt -0.000573317 0.00210131
vn 0.297134 0.95483 0.00333227
v 169.182 114.027 -192.624
vt 0.000573708 0.00210131
vt 0.000569817 0.00265251
f 1271/2190/1716 1273/2191/1716 1272/2192/1716

vt -0.000573545 0.00210125
vn 0.304789 0.871447 0.384296
v 168.682 114.61 -193.548
vt 0.000569621 0.00265244
vt -0.000569726 0.00265244
f 1273/2193/1717 1274/2194/1717 1272/2195/1717

vt -0.000573615 0.00210137
vn 0.304744 0.871451 0.384322
v 169.219 114.446 -193.602
vt 0.000573402 0.00210137
vt 0.000569552 0.00265256
f 1273/2196/1718 1275/2197/1718 1274/2198/1718

vt -0.000573471 0.00210137
vn 0.270645 0.654145 0.70629
v 168.827 115.35 -194.289
vt 0.000569726 0.00265257
vt -0.000569621 0.00265257
f 1275/2199/1719 1276/2200/1719 1274/2201/1719

vt -0.000573402 0.00210125
vn 0.270691 0.654149 0.706269
v 169.364 115.191 -194.348
vt 0.000573615 0.00210125
vt 0.000569795 0.00265244
f 1275/2202/1720 1277/2203/1720 1276/2204/1720

vt -0.000573666 0.00210131
vn 0.200012 0.335882 0.920423
v 169.058 116.302 -194.687
vt 0.000569511 0.00265251
vt -0.000569774 0.00265251
f 1277/2205/1721 1278/2206/1721 1276/2207/1721

vn 0.199982 0.335876 0.920432
v 169.597 116.15 -194.748
f 1277/2184/1722 1279/2185/1722 1278/2186/1722

vn 0.11 -0.0119041 0.99386
v 169.395 117.312 -194.712
f 1279/2082/1723 1280/2083/1723 1278/2084/1723

vn 0.0558112 -0.0214485 0.998211
v 169.881 117.176 -194.742
f 1279/2079/1724 1281/2080/1724 1280/2081/1724

vn -0.0518108 -0.388314 0.92007
v 169.688 118.252 -194.299
f 1281/2078/1725 1282/2076/1725 1280/2077/1725

vt -0.000573615 0.00223233
vn -0.0517831 -0.38831 0.920073
v 170.173 118.113 -194.33
vt 0.000573402 0.00223233
vt 0.000575336 0.0027264
f 1281/2208/1726 1283/2209/1726 1282/2210/1726

vn -0.15406 -0.695179 0.702134
v 169.945 118.961 -193.541
f 1283/2175/1727 1284/2176/1727 1282/2177/1727

vn -0.154087 -0.69518 0.702127
v 170.429 118.819 -193.575
f 1283/2178/1728 1285/2179/1728 1284/2180/1728

vn -0.239831 -0.904401 0.352902
v 170.063 119.318 -192.545
f 1285/2181/1729 1286/2182/1729 1284/2183/1729

vn -0.187661 -0.908493 0.373396
v 170.609 119.186 -192.592
f 1285/2184/1730 1287/2185/1730 1286/2186/1730

vn -0.233907 -0.972139 0.0152762
v 170.204 119.301 -191.49
f 1287/2082/1731 1288/2083/1731 1286/2084/1731

vn -0.283737 -0.958892 -0.00441983
v 170.687 119.158 -191.531
f 1287/2079/1732 1289/2080/1732 1288/2081/1732

vn -0.291395 -0.875466 -0.38555
v 170.167 118.881 -190.508
f 1289/2078/1733 1290/2076/1733 1288/2077/1733

vn -0.291371 -0.875478 -0.385541
v 170.65 118.739 -190.553
f 1289/2208/1734 1291/2209/1734 1290/2210/1734

vt -0.000649279 0.00223181
vn -0.253472 -0.639441 -0.725856
v 169.959 118.134 -189.778
vt 0.000494031 0.00278281
vt -0.000651469 0.00272589
f 1291/2211/1735 1292/2212/1735 1290/2213/1735

vn -0.209327 -0.671094 -0.711207
v 170.504 117.994 -189.806
f 1291/2202/1736 1293/2203/1736 1292/2204/1736

vn -0.138693 -0.352815 -0.925357
f 1293/2205/1737 1228/2206/1737 1292/2207/1737

vn -0.138716 -0.352794 -0.925362
f 1293/2184/1738 1227/2185/1738 1228/2186/1738

vt 0.000569511 0.0016232
vn 0.186292 -0.416755 -0.889725
vt -0.00055582 0.00180119
vt -0.000569774 0.0016232
f 1228/2214/1739 1234/2215/1739 1292/2216/1739

vn 0.185705 -0.416774 -0.889839
f 1228/2164/1740 1229/2165/1740 1234/2163/1740

vt 0.000575172 0.00387028
vn -0.509378 -0.22361 -0.830983
vt -0.000555513 0.00362958
vt 0.000555865 0.00362958
f 1230/2217/1741 1234/2218/1741 1229/2219/1741

vt 0.000569616 0.00162336
vn 0.120255 -0.713991 -0.689751
vt 0.000555609 0.00180135
vt -0.000555758 0.00180135
f 1292/2220/1742 1234/2221/1742 1235/2222/1742

vt 0.000560317 0.00156363
vn 0.137634 -0.711949 -0.688611
vt -0.000564824 0.00174283
vt -0.000584904 0.00150225
f 1292/2223/1743 1235/2224/1743 1290/2225/1743

vt 0.000575516 0.00150083
vn 0.105804 -0.915686 -0.387717
vt 0.000555758 0.00174144
vt -0.000555609 0.00174144
f 1290/2226/1744 1235/2227/1744 1240/2228/1744

vt 0.000575068 0.00387044
vn -0.606989 -0.722145 -0.331768
vt -0.000555609 0.00362973
vt 0.000555758 0.00362973
f 1236/2229/1745 1240/2230/1745 1235/2231/1745

vt 0.000575301 0.0014998
vn 0.106099 -0.915634 -0.387758
vt -0.000555817 0.00174044
vt -0.000575551 0.0014998
f 1290/2232/1746 1240/2233/1746 1288/2234/1746

vn 0.113118 -0.992983 -0.0344864
f 1288/2088/1747 1240/2089/1747 1241/2090/1747

vn 0.0955883 -0.994998 -0.0290299
f 1288/2085/1748 1241/2086/1748 1286/2087/1748

vn 0.140025 -0.935784 0.323575
f 1286/2164/1749 1241/2165/1749 1246/2163/1749

vn -0.554906 -0.740886 0.378376
f 1242/2217/1750 1246/2218/1750 1241/2219/1750

vn 0.157074 -0.935367 0.316885
f 1286/2168/1751 1246/2166/1751 1284/2167/1751

vn 0.233401 -0.748513 0.620687
f 1284/2169/1752 1246/2170/1752 1247/2171/1752

vn 0.23314 -0.748472 0.620835
f 1284/2172/1753 1247/2173/1753 1282/2174/1753

vn 0.327993 -0.46386 0.822955
f 1282/2226/1754 1247/2227/1754 1252/2228/1754

vn -0.383975 -0.268641 0.8834
f 1248/2229/1755 1252/2230/1755 1247/2231/1755

vn 0.32824 -0.46395 0.822806
f 1282/2232/1756 1252/2233/1756 1280/2234/1756

vn 0.42793 -0.123887 0.895281
f 1280/2088/1757 1252/2089/1757 1253/2090/1757

vn 0.413451 -0.115558 0.903164
f 1280/2085/1758 1253/2086/1758 1278/2087/1758

vn 0.502182 0.226819 0.834486
f 1278/2164/1759 1253/2165/1759 1258/2163/1759

vn -0.193959 0.417832 0.887579
f 1254/2217/1760 1258/2218/1760 1253/2219/1760

vn 0.502652 0.226508 0.834287
f 1278/2214/1761 1258/2215/1761 1276/2216/1761

vn 0.568599 0.523768 0.63432
f 1259/2222/1762 1276/2220/1762 1258/2221/1762

vt -0.000555652 0.00180204
vn 0.568438 0.523893 0.634362
vt -0.000569621 0.00162406
vt 0.000569726 0.00162406
f 1259/2235/1763 1274/2236/1763 1276/2237/1763

vt 0.00056973 0.00162408
vn 0.600291 0.726907 0.333553
vt 0.000555758 0.00180205
vt -0.000555609 0.00180205
f 1274/2238/1764 1259/2239/1764 1264/2240/1764

vt 0.000569621 0.00162337
vn 0.600453 0.726778 0.333542
vt -0.000555716 0.00180136
vt -0.000569726 0.00162337
f 1274/2241/1765 1264/2242/1765 1272/2243/1765

vt 0.000569459 0.00162315
vn 0.593381 0.804616 -0.0221865
vt 0.000555513 0.00180115
vt -0.000555865 0.00180115
f 1272/2244/1766 1264/2245/1766 1265/2246/1766

vt 0.000569774 0.00162518
vn 0.592901 0.804968 -0.0222451
vt -0.000555558 0.00180313
vt -0.000569511 0.00162518
f 1272/2247/1767 1265/2248/1767 1267/2249/1767

vn 0.0174436 0.397793 -0.917309
f 1225/2210/1768 1226/2208/1768 1269/2209/1768

g Mesh29 Object_3_1 skpE254_1 Model

v 168.036 119.785 -192.367
vt -0.00055059 0.00450545
vn -0.170651 -0.985239 -0.0134686
v 168.808 119.652 -192.442
vt -0.000567182 0.00373688
v 168.884 119.625 -191.393
vt 0.000567087 0.00373688
f 1294/2250/1769 1295/2251/1769 1296/2252/1769

v 167.793 119.422 -193.286
vt -0.000467699 0.00457375
vn -0.118493 -0.912335 0.391923
vt 0.00064554 0.00374007
vt 0.000626656 0.0045086
f 1297/2253/1770 1295/2254/1770 1294/2255/1770

vt -0.000543155 0.0044752
vn -0.0908105 -0.927441 0.362777
v 168.629 119.29 -193.414
vt -0.000567087 0.00363835
vt 0.000567182 0.00363835
f 1297/2256/1771 1298/2257/1771 1295/2258/1771

v 167.551 118.753 -194.001
vt -0.000543064 0.00447527
vn -0.010058 -0.728738 0.684719
vt 0.000567245 0.00363842
vt 0.000543205 0.00447527
f 1299/2259/1772 1298/2260/1772 1297/2261/1772

vt -0.000543059 0.00447528
vn -0.0100598 -0.728736 0.684721
v 168.376 118.592 -194.161
vt -0.000567037 0.00363843
vt 0.00056725 0.00363843
f 1299/2262/1773 1300/2263/1773 1298/2264/1773

v 167.274 117.866 -194.391
vt -0.000543205 0.00447528
vn 0.0913601 -0.424439 0.900836
vt 0.000567043 0.00363843
vt 0.000543064 0.00447528
f 1301/2265/1774 1300/2266/1774 1299/2267/1774

vt -0.00054321 0.00447527
vn 0.0913619 -0.424441 0.900834
v 168.088 117.665 -194.568
vt -0.00056725 0.00363842
vt 0.000567037 0.00363842
f 1301/2268/1775 1302/2269/1775 1300/2270/1775

v 167.065 116.87 -194.437
vt -0.000620522 0.00440638
vn 0.191907 -0.0851061 0.977716
vt 0.000494684 0.00363485
vt 0.000473814 0.00447178
f 1303/2271/1776 1302/2272/1776 1301/2273/1776

vn 0.167285 -0.0522827 0.984521
v 167.807 116.65 -194.575
f 1303/2250/1777 1304/2251/1777 1302/2252/1777

v 166.785 115.986 -194.018
vn 0.268682 0.341498 0.90066
f 1305/2253/1778 1304/2254/1778 1303/2255/1778

vn 0.293701 0.306907 0.905289
v 167.577 115.702 -194.179
f 1305/2256/1779 1306/2257/1779 1304/2258/1779

v 166.647 115.28 -193.311
vn 0.363751 0.622556 0.6929
f 1307/2259/1780 1306/2260/1780 1305/2261/1780

vn 0.363749 0.622558 0.692899
v 167.433 114.965 -193.441
f 1307/2262/1781 1308/2263/1781 1306/2264/1781

v 166.612 114.884 -192.385
vn 0.39757 0.838095 0.373543
f 1309/2265/1782 1308/2266/1782 1307/2267/1782

vn 0.397572 0.838094 0.373544
v 167.396 114.551 -192.473
f 1309/2268/1783 1310/2269/1783 1308/2270/1783

v 166.686 114.857 -191.379
vt -0.000543198 0.0044752
vn 0.39003 0.920792 -0.00428488
vt 0.000567083 0.00363835
vt 0.000543151 0.0044752
f 1311/2274/1784 1310/2275/1784 1309/2276/1784

vt -0.000543194 0.00447521
vn 0.390028 0.920793 -0.00428608
v 167.473 114.523 -191.424
vt -0.000567182 0.00363835
vt 0.000567087 0.00363835
f 1311/2277/1785 1312/2278/1785 1310/2279/1785

v 166.914 115.158 -190.434
vt -0.000620349 0.00440638
vn 0.346962 0.866137 -0.359756
vt 0.000494892 0.00363486
vt 0.000473961 0.00447178
f 1313/2280/1786 1312/2281/1786 1311/2282/1786

vt -0.000550526 0.00450531
vn 0.312044 0.869926 -0.381914
v 167.652 114.886 -190.451
vt -0.000567087 0.00373673
vt 0.000567182 0.00373673
f 1313/2283/1787 1314/2284/1787 1312/2285/1787

v 167.099 115.873 -189.733
vt -0.000467731 0.00457366
vn 0.22378 0.652262 -0.724208
vt 0.000645475 0.00373998
vt 0.00062655 0.00450851
f 1315/2286/1788 1314/2287/1788 1313/2288/1788

vn 0.26142 0.659325 -0.704947
v 167.904 115.584 -189.705
f 1315/2262/1789 1316/2263/1789 1314/2264/1789

v 167.44 116.736 -189.314
vt -0.000620426 0.00440646
vn 0.167443 0.376781 -0.911043
vt 0.000494758 0.00363494
vt 0.000473837 0.00447186
f 1317/2289/1790 1316/2290/1790 1315/2291/1790

vt -0.000550614 0.00450536
vn 0.129148 0.365047 -0.921988
v 168.193 116.511 -189.297
vt -0.00056725 0.00373679
vt 0.000567037 0.00373679
f 1317/2292/1791 1318/2293/1791 1316/2294/1791

v 167.712 117.721 -189.308
vt -0.000550696 0.0045053
vn 0.0221099 2.20115e-05 -0.999756
vt 0.000566978 0.00373673
vt 0.000550421 0.0045053
f 1319/2295/1792 1318/2296/1792 1317/2297/1792

vn 0.0220514 -1.25276e-06 -0.999757
v 168.474 117.526 -189.291
f 1319/2250/1793 1320/2251/1793 1318/2252/1793

v 167.936 118.641 -189.692
vt -0.000550421 0.00450546
vn -0.073969 -0.36908 -0.926449
vt 0.000567291 0.00373688
vt 0.000550696 0.00450546
f 1321/2298/1794 1320/2299/1794 1319/2300/1794

vn -0.0739119 -0.369057 -0.926463
v 168.704 118.474 -189.687
f 1321/2283/1795 1322/2284/1795 1320/2285/1795

v 168.003 119.346 -190.423
vn -0.148486 -0.704683 -0.693811
f 1323/2286/1796 1322/2287/1796 1321/2288/1796

vn -0.112389 -0.691969 -0.713125
v 168.848 119.211 -190.425
f 1323/2262/1797 1324/2263/1797 1322/2264/1797

v 168.111 119.758 -191.348
vn -0.144651 -0.897463 -0.416697
f 1325/2289/1798 1324/2290/1798 1323/2291/1798

vn -0.178212 -0.902227 -0.392718
f 1325/2292/1799 1296/2293/1799 1324/2294/1799

vn -0.170604 -0.985247 -0.0135104
f 1294/2295/1800 1296/2296/1800 1325/2297/1800

vt 0.000550421 0.00302307
vn 0.218941 -0.974845 -0.0417436
v 167.806 119.732 -192.329
vt -0.000526577 0.00325603
vt -0.000550696 0.00302307
f 1325/2301/1801 1326/2302/1801 1294/2303/1801

vt 0.000550413 0.00302302
vn 0.21895 -0.974843 -0.0417467
v 167.878 119.706 -191.355
vt 0.000526282 0.00325599
vt -0.000526584 0.00325599
f 1325/2304/1802 1327/2305/1802 1326/2306/1802

vt 0.000545941 0.00309585
vn 0.212305 -0.901658 -0.376749
vt -0.000523726 0.00325527
vt -0.000547693 0.00302229
f 1323/2307/1803 1327/2308/1803 1325/2309/1803

vt 0.000543298 0.00307242
vn 0.217391 -0.900367 -0.376934
v 167.844 119.322 -190.457
vt 0.000526583 0.00323228
vt -0.000526288 0.00323228
f 1323/2310/1804 1328/2311/1804 1327/2312/1804

vt 0.000546511 0.00299951
vn 0.247444 -0.708359 -0.661059
vt -0.000530274 0.00323312
vt -0.000547106 0.00307327
f 1321/2313/1805 1328/2314/1805 1323/2315/1805

vt 0.000550372 0.00302288
vn 0.242338 -0.709635 -0.661582
v 167.71 118.638 -189.772
vt 0.000526288 0.00325584
vt -0.000526583 0.00325584
f 1321/2316/1806 1329/2317/1806 1328/2318/1806

vt 0.000550696 0.00302303
vn 0.304586 -0.429101 -0.850353
vt -0.000526289 0.00325599
vt -0.000550421 0.00302303
f 1319/2319/1807 1329/2320/1807 1321/2321/1807

vt 0.000550704 0.00302307
vn 0.304576 -0.429103 -0.850355
v 167.496 117.758 -189.404
vt 0.000526584 0.00325603
vt -0.000526282 0.00325603
f 1319/2322/1808 1330/2323/1808 1329/2324/1808

vn 0.389632 -0.102167 -0.915286
f 1317/2301/1809 1330/2302/1809 1319/2303/1809

vn 0.389642 -0.102167 -0.915282
v 167.236 116.816 -189.41
f 1317/2304/1810 1331/2305/1810 1330/2306/1810

vt -0.000550372 0.00302288
vn 0.484468 0.221055 -0.846419
v 166.968 115.955 -189.788
vt 0.000526583 0.00325584
vt -0.000526288 0.00325584
f 1317/2325/1811 1332/2326/1811 1331/2327/1811

vt -0.000546511 0.00299951
vn 0.488399 0.217814 -0.844999
vt 0.000547106 0.00307327
vt 0.000530274 0.00323312
f 1317/2328/1812 1315/2329/1812 1332/2330/1812

vn 0.578984 0.489602 -0.651972
f 1313/2313/1813 1332/2314/1813 1315/2315/1813

vn 0.574673 0.491701 -0.654203
v 166.733 115.308 -190.481
f 1313/2316/1814 1333/2317/1814 1332/2318/1814

vt 0.000546051 0.00309598
vn 0.646348 0.667949 -0.368889
vt -0.000523621 0.00325539
vt -0.00054763 0.00302242
f 1311/2331/1815 1333/2332/1815 1313/2333/1815

v 166.784 115.99 -189.751
vt -0.000532352 0.00545721
vn -0.000206983 0.730571 -0.682837
vt -0.000526583 0.00527093
vt 0.000526288 0.00527093
f 1334/2334/1816 1332/2335/1816 1333/2336/1816

vt 0.000532352 0.00545721
vn -0.101524 0.426584 -0.898732
vt -0.000526288 0.00527093
vt 0.000526583 0.00527093
f 1334/2337/1817 1331/2338/1817 1332/2339/1817

vt 0.000532245 0.00545756
vn -0.101708 0.426661 -0.898674
v 167.055 116.86 -189.368
vt -0.000532131 0.00545756
vt -0.000526393 0.00527127
f 1334/2340/1818 1335/2341/1818 1331/2342/1818

vt 0.000532245 0.00462228
vn 0.213246 0.336673 -0.917157
v 166.258 117.113 -189.461
vt -0.00049854 0.00544471
vt -0.000532131 0.00462228
f 1334/2343/1819 1336/2344/1819 1335/2345/1819

vt 0.000532203 0.00462222
vn 0.213267 0.336681 -0.91715
v 166.004 116.299 -189.819
vt 0.000498586 0.00544466
vt -0.000498579 0.00544466
f 1334/2346/1820 1337/2347/1820 1336/2348/1820

vt -0.000532203 0.00462222
vn 0.313785 0.638274 -0.702955
v 165.782 115.685 -190.475
vt 0.000498579 0.00544466
vt -0.000498586 0.00544466
f 1334/2349/1821 1338/2350/1821 1337/2351/1821

vt -0.000463155 0.00452223
vn 0.333796 0.609951 -0.718707
v 166.5 115.335 -190.439
vt 0.000604641 0.00456848
vt 0.000562935 0.00534949
f 1334/2352/1822 1339/2353/1822 1338/2354/1822

vt -0.000513143 0.00551518
vn -0.0372593 0.731354 -0.68098
vt 0.000545261 0.00532779
vt 0.000554672 0.00556107
f 1334/2355/1823 1333/2356/1823 1339/2357/1823

vt -0.000535341 0.0055621
vn 0.044329 0.933258 -0.356461
vt -0.000526282 0.00532882
v 166.568 114.971 -191.383
vt 0.000526584 0.00532882
f 1339/2358/1824 1333/2359/1824 1340/2360/1824

vt -0.000535743 0.00556119
vn 0.0449528 0.933247 -0.356412
vt 0.000526188 0.00532793
v 166.331 114.992 -191.357
vt 0.000535226 0.00556119
f 1339/2361/1825 1340/2362/1825 1341/2363/1825

vt -0.000535629 0.00556117
vn 0.0924067 0.99553 0.0195071
vt -0.000526584 0.00532791
v 166.496 114.997 -192.358
vt 0.000526282 0.00532791
f 1341/2364/1826 1340/2365/1826 1342/2366/1826

vt -0.000535226 0.00556208
vn 0.0917919 0.995589 0.019406
vt 0.000526678 0.0053288
v 166.259 115.018 -192.348
vt 0.000535743 0.00556208
f 1341/2367/1827 1342/2368/1827 1343/2369/1827

vt -0.000535371 0.00556208
vn 0.0993245 0.913519 0.394483
vt -0.000526288 0.00532879
v 166.53 115.381 -193.256
vt 0.000526583 0.00532879
f 1343/2370/1828 1342/2371/1828 1344/2372/1828

vn 0.699463 0.647184 0.303157
f 1307/2310/1829 1344/2311/1829 1342/2312/1829

vt 0.000543205 0.00307237
vn 0.669482 0.456074 0.586336
vt -0.000526357 0.00323223
vt -0.000543064 0.00307237
f 1305/2373/1830 1344/2374/1830 1307/2375/1830

vt 0.000542971 0.0030703
vn 0.669805 0.45577 0.586203
v 166.664 116.065 -193.941
vt 0.000526288 0.0032302
vt -0.000526583 0.0032302
f 1305/2376/1831 1345/2377/1831 1344/2378/1831

v 166.293 115.409 -193.262
vt -0.000535648 0.00556176
vn 0.0659417 0.699443 0.71164
vt -0.000526583 0.00532848
vt 0.000526288 0.00532848
f 1346/2379/1832 1344/2380/1832 1345/2381/1832

vt -0.000535507 0.00556177
vn 0.0995268 0.913478 0.394527
vt 0.00052645 0.00532849
vt 0.000535512 0.00556177
f 1343/2382/1833 1344/2383/1833 1346/2384/1833

vt 0.000535512 0.00456159
vn 0.475015 0.802444 0.36117
v 165.558 115.39 -192.253
vt -0.000498566 0.0053428
vt -0.000535507 0.00456159
f 1346/2385/1834 1347/2386/1834 1343/2387/1834

vt 0.000535499 0.00456157
vn 0.47502 0.80244 0.361174
v 165.59 115.754 -193.103
vt 0.000498586 0.00534278
vt -0.000498579 0.00534278
f 1346/2388/1835 1348/2389/1835 1347/2390/1835

v 166.429 116.105 -193.958
vt 0.000535507 0.00456157
vn 0.441702 0.590112 0.675771
vt -0.000498598 0.00534278
vt -0.000535512 0.00456157
f 1349/2391/1836 1348/2392/1836 1346/2393/1836

vt 0.00053552 0.00456159
vn 0.441698 0.590118 0.675769
v 165.716 116.402 -193.752
vt 0.000498579 0.0053428
vt -0.000498586 0.0053428
f 1349/2394/1837 1350/2395/1837 1348/2396/1837

v 166.646 117 -194.332
vt 0.000535226 0.00456157
vn 0.372671 0.279154 0.88498
vt -0.00049884 0.00534278
vt -0.000535743 0.00456157
f 1351/2397/1838 1350/2398/1838 1349/2399/1838

vt 0.000535342 0.00456175
vn 0.372634 0.279209 0.884978
v 165.918 117.236 -194.1
vt 0.000498448 0.00534295
vt -0.000498732 0.00534295
f 1351/2400/1839 1352/2401/1839 1350/2402/1839

v 166.911 117.958 -194.326
vt 0.000535743 0.00456174
vn 0.278466 -0.0827605 0.956874
vt -0.000498339 0.00534294
vt -0.000535226 0.00456174
f 1353/2403/1840 1352/2404/1840 1351/2405/1840

vt 0.000535627 0.00456156
vn 0.278501 -0.0828139 0.956859
v 166.165 118.128 -194.095
vt 0.000498732 0.00534277
vt -0.000498448 0.00534277
f 1353/2406/1841 1354/2407/1841 1352/2408/1841

v 167.184 118.833 -193.942
vn 0.173426 -0.441054 0.880565
f 1355/2385/1842 1354/2386/1842 1353/2387/1842

vn 0.17343 -0.44106 0.880561
v 166.419 118.943 -193.736
f 1355/2388/1843 1356/2389/1843 1354/2390/1843

v 167.423 119.492 -193.237
vn 0.0735213 -0.740822 0.667665
f 1357/2391/1844 1356/2392/1844 1355/2393/1844

vn 0.0735168 -0.740819 0.66767
v 166.641 119.556 -193.08
f 1357/2394/1845 1358/2395/1845 1356/2396/1845

v 167.591 119.835 -192.319
vn -0.00604399 -0.936542 0.350502
f 1359/2397/1846 1358/2398/1846 1357/2399/1846

vn -0.00608676 -0.936525 0.350549
v 166.798 119.875 -192.225
f 1359/2400/1847 1360/2401/1847 1358/2402/1847

v 167.704 119.782 -191.334
vt 0.00046336 0.00452239
vn -0.0560522 -0.997306 -0.0473167
vt -0.000562774 0.00534963
vt -0.00060443 0.00456863
f 1361/2409/1848 1360/2410/1848 1359/2411/1848

vt 0.000532375 0.00462233
vn -0.082695 -0.996371 -0.0201351
v 166.866 119.851 -191.303
vt 0.000498732 0.00544476
vt -0.000498448 0.00544476
f 1361/2412/1849 1362/2413/1849 1360/2414/1849

v 167.629 119.418 -190.414
vt 0.000601072 0.00466339
vn -0.0901047 -0.923673 -0.372437
vt -0.000437229 0.00543997
vt -0.000466686 0.00461741
f 1363/2415/1850 1362/2416/1850 1361/2417/1850

vn -0.0605698 -0.916887 -0.394524
v 166.834 119.487 -190.452
f 1363/2388/1851 1364/2389/1851 1362/2390/1851

v 167.493 118.722 -189.718
vn -0.0272522 -0.70456 -0.709121
f 1365/2391/1852 1364/2392/1852 1363/2393/1852

vn -0.0272587 -0.704563 -0.709118
v 166.707 118.839 -189.803
f 1365/2394/1853 1366/2395/1853 1364/2396/1853

v 167.319 117.812 -189.363
vt 0.000462904 0.00452221
vn 0.0462107 -0.370644 -0.927625
vt -0.000563181 0.00534946
vt -0.000604847 0.00456845
f 1367/2418/1854 1366/2419/1854 1365/2420/1854

vt 0.000532051 0.00462234
vn 0.0127704 -0.387971 -0.921583
v 166.505 118.006 -189.455
vt 0.000498448 0.00544477
vt -0.000498732 0.00544477
f 1367/2421/1855 1368/2422/1855 1366/2423/1855

vt 0.000532381 0.00462233
vn 0.107527 -0.0237512 -0.993918
vt -0.000498442 0.00544476
vt -0.000532044 0.00462233
f 1335/2424/1856 1368/2425/1856 1367/2426/1856

vn 0.10753 -0.0237498 -0.993918
f 1335/2412/1857 1336/2413/1857 1368/2414/1857

vt -0.000532044 0.00545743
vn -0.208153 0.0634669 -0.976035
vt 0.00052657 0.00527114
vt 0.000532381 0.00545743
f 1367/2427/1858 1331/2428/1858 1335/2429/1858

vt -0.000532335 0.00545649
vn -0.207602 0.0634269 -0.976155
vt -0.000526584 0.00527022
vt 0.000526282 0.00527022
f 1367/2430/1859 1330/2431/1859 1331/2432/1859

vt -0.00055958 0.00550313
vn -0.301412 -0.295677 -0.906491
vt 0.000502713 0.00527122
vt 0.000508204 0.0054575
f 1365/2433/1860 1330/2434/1860 1367/2435/1860

vn -0.337358 -0.292038 -0.894932
f 1365/2358/1861 1329/2359/1861 1330/2360/1861

vt -0.000535512 0.00556207
vn -0.406882 -0.605305 -0.684144
vt 0.000526421 0.00532878
vt 0.000535507 0.00556207
f 1363/2436/1862 1329/2437/1862 1365/2438/1862

vn -0.40669 -0.605348 -0.68422
f 1363/2379/1863 1328/2380/1863 1329/2381/1863

vt -0.00051303 0.00551488
vn -0.440288 -0.822229 -0.360674
vt 0.000545344 0.0053275
vt 0.000554733 0.00556077
f 1361/2439/1864 1328/2440/1864 1363/2441/1864

vt -0.000532024 0.00545756
vn -0.407456 -0.833994 -0.372068
vt -0.000526288 0.00527127
vt 0.000526583 0.00527127
f 1361/2442/1865 1327/2443/1865 1328/2444/1865

vt -0.000559101 0.00550405
vn -0.400678 -0.916212 -0.00351906
vt 0.000503167 0.00527213
vt 0.000508722 0.00545843
f 1359/2445/1866 1327/2446/1866 1361/2447/1866

vn -0.432421 -0.901638 0.00785316
f 1359/2364/1867 1326/2365/1867 1327/2366/1867

vn -0.384977 -0.839351 0.383773
f 1357/2361/1868 1326/2362/1868 1359/2363/1868

vn -0.385504 -0.839045 0.383915
v 167.641 119.395 -193.231
f 1357/2358/1869 1369/2359/1869 1326/2360/1869

vn -0.305319 -0.641851 0.703425
f 1355/2436/1870 1369/2437/1870 1357/2438/1870

vn -0.305142 -0.641963 0.7034
v 167.406 118.747 -193.924
f 1355/2379/1871 1370/2380/1871 1369/2381/1871

vn -0.204435 -0.339804 0.918009
f 1353/2382/1872 1370/2383/1872 1355/2384/1872

vn -0.204614 -0.339692 0.91801
v 167.138 117.887 -194.302
f 1353/2370/1873 1371/2371/1873 1370/2372/1873

vn -0.0987411 0.0213568 0.994884
f 1351/2367/1874 1371/2368/1874 1353/2369/1874

vn -0.0981972 0.0210533 0.994944
v 166.877 116.945 -194.308
f 1351/2364/1875 1372/2365/1875 1371/2366/1875

vn -0.00325573 0.385997 0.922494
f 1349/2361/1876 1372/2362/1876 1351/2363/1876

vn -0.00381716 0.386251 0.922386
f 1349/2358/1877 1345/2359/1877 1372/2360/1877

vn 0.0657457 0.699507 0.711595
f 1346/2436/1878 1345/2437/1878 1349/2438/1878

vn 0.603307 0.178397 0.7773
f 1303/2322/1879 1372/2323/1879 1345/2324/1879

vt 0.000545901 0.003096
vn 0.518566 -0.147671 0.842189
vt -0.000523813 0.00325541
vt -0.000547806 0.00302244
f 1301/2448/1880 1372/2449/1880 1303/2450/1880

vn 0.428023 -0.472028 0.770705
f 1299/2310/1881 1370/2311/1881 1371/2312/1881

vn 0.338098 -0.741857 0.579084
f 1297/2373/1882 1370/2374/1882 1299/2375/1882

vn 0.338496 -0.74186 0.578847
f 1297/2376/1883 1369/2377/1883 1370/2378/1883

vt 0.000543064 0.00307035
vn 0.428395 -0.472115 0.770445
vt -0.000526514 0.00323025
vt -0.000543205 0.00307035
f 1299/2451/1884 1371/2452/1884 1301/2453/1884

vn 0.261455 -0.919022 0.295026
f 1294/2322/1885 1326/2323/1885 1369/2324/1885

vn 0.467568 0.883888 -0.0109978
v 165.625 115.366 -191.33
f 1343/2406/1886 1347/2407/1886 1373/2408/1886

vn 0.467521 0.883913 -0.011036
f 1343/2403/1887 1373/2404/1887 1341/2405/1887

vn 0.420447 0.822102 -0.383892
f 1341/2400/1888 1373/2401/1888 1338/2402/1888

vn 0.420499 0.822093 -0.383853
f 1341/2397/1889 1338/2398/1889 1339/2399/1889

vn 0.699786 0.646857 0.30311
f 1307/2451/1890 1342/2452/1890 1309/2453/1890

g Mesh30 Object_3_1 skpE254_1 Model

v 162.13 118.176 -188.767
vt -0.000576512 0.0102054
vn 0.025747 0.395589 -0.918067
v 162.61 118.045 -188.81
vt -0.000575534 0.00971743
v 162.317 117.105 -189.224
vt 0.00057503 0.00971743
f 1374/2454/1891 1375/2455/1891 1376/2456/1891

vt 0.000576374 0.0102054
vn -0.0818574 0.0286682 -0.996232
v 162.894 119.074 -188.804
vt -0.000575163 0.00971741
vt 0.000575376 0.00971741
f 1374/2457/1892 1377/2458/1892 1375/2459/1892

vt 0.000576369 0.0102054
vn -0.0818606 0.028671 -0.996231
v 162.416 119.207 -188.761
vt -0.000576156 0.0102054
vt -0.000575169 0.00971742
f 1374/2460/1893 1378/2461/1893 1377/2462/1893

vt -0.000576156 0.0084357
vn 0.29517 -0.0758919 -0.952426
vt 0.000576369 0.0084357
v 161.909 118.257 -188.842
vt 0.000556425 0.00867714
f 1378/2463/1894 1374/2464/1894 1379/2465/1894

vt -0.000576107 0.0084359
vn 0.394759 0.263797 -0.880101
v 161.626 117.348 -189.242
vt 0.000556479 0.00867734
vt -0.000556113 0.00867734
f 1374/2466/1895 1380/2467/1895 1379/2468/1895

vt -0.000576325 0.00843777
vn 0.394518 0.263974 -0.880155
v 161.837 117.234 -189.181
vt 0.000576219 0.00843777
vt 0.000556269 0.00867918
f 1374/2469/1896 1381/2470/1896 1380/2471/1896

vt -0.000576325 0.0102057
vn 0.0255965 0.395568 -0.91808
vt 0.000575216 0.00971778
vt 0.000576219 0.0102057
f 1374/2472/1897 1376/2473/1897 1381/2474/1897

v 161.529 116.564 -189.951
vt 0.000494335 0.0102629
vn 0.134251 0.719783 -0.681095
vt -0.000652621 0.0102055
vt -0.000651485 0.00971751
f 1382/2475/1898 1381/2476/1898 1376/2477/1898

v 161.378 116.663 -189.974
vt 0.000543385 0.00879041
vn 0.475067 0.560243 -0.678557
vt -0.000589609 0.00855072
vt 0.000557087 0.00861227
f 1383/2478/1899 1381/2479/1899 1382/2480/1899

vt 0.000556113 0.00867923
vn 0.489282 0.548312 -0.678201
vt -0.000556479 0.00867923
vt -0.000576437 0.00843782
f 1383/2481/1900 1380/2482/1900 1381/2483/1900

v 161.397 117.358 -189.148
vt -0.000575899 0.0108522
vn -0.225289 0.748647 -0.623516
vt -0.000556479 0.0106108
vt 0.000556113 0.0106108
f 1384/2484/1901 1380/2485/1901 1383/2486/1901

vt 0.000575899 0.0108522
vn -0.320494 0.462997 -0.826388
vt -0.000556113 0.0106108
vt 0.000556479 0.0106108
f 1384/2487/1902 1379/2488/1902 1380/2489/1902

vt 0.000590022 0.0108776
vn -0.304029 0.456878 -0.83596
v 161.745 118.289 -188.765
vt -0.000555779 0.010817
vt -0.000542454 0.010638
f 1384/2490/1903 1385/2491/1903 1379/2492/1903

v 160.907 117.499 -189.117
vt 0.000649327 0.0110762
vn 0.0461303 0.364507 -0.930057
vt -0.000494278 0.0105198
vt 0.00065176 0.0105766
f 1386/2493/1904 1385/2494/1904 1384/2495/1904

vt 0.000573654 0.0112017
vn 0.00617546 0.400733 -0.916174
v 161.199 118.436 -188.705
vt -0.000573471 0.0112017
vt -0.000569869 0.0106451
f 1386/2496/1905 1387/2497/1905 1385/2498/1905

vt 0.000573419 0.0112017
vn -0.101336 0.0341499 -0.994266
v 162.027 119.309 -188.759
vt -0.000570162 0.0106451
vt 0.000569811 0.0106451
f 1387/2499/1906 1388/2500/1906 1385/2501/1906

vt 0.000573529 0.0112015
vn -0.101278 0.0340943 -0.994274
v 161.483 119.462 -188.698
vt -0.00057365 0.0112015
vt -0.000570052 0.0106449
f 1387/2502/1907 1389/2503/1907 1388/2504/1907

vt 0.00057376 0.0112015
vn -0.19773 -0.336649 -0.920636
v 162.258 120.261 -189.157
vt -0.000569811 0.0106449
vt 0.000570162 0.0106449
f 1389/2505/1908 1390/2506/1908 1388/2507/1908

vt 0.00057365 0.0112017
vn -0.19779 -0.336595 -0.920643
v 161.715 120.421 -189.099
vt -0.000573529 0.0112017
vt -0.00056992 0.0106451
f 1389/2508/1909 1391/2509/1909 1390/2510/1909

vt 0.000573398 0.0112017
vn -0.268426 -0.654763 -0.706565
v 162.403 121.002 -189.899
vt -0.000570126 0.0106451
vt 0.000569797 0.0106451
f 1391/2511/1910 1392/2512/1910 1390/2513/1910

vt 0.000573471 0.0112016
vn -0.268384 -0.654794 -0.706551
v 161.861 121.167 -189.845
vt -0.000573654 0.0112016
vt -0.000570053 0.010645
f 1391/2514/1911 1393/2515/1911 1392/2516/1911

vt 0.000573727 0.0112016
vn -0.302495 -0.872177 -0.384452
v 162.44 121.418 -190.871
vt -0.000569797 0.010645
vt 0.000570126 0.010645
f 1393/2517/1912 1394/2518/1912 1392/2519/1912

vn -0.302539 -0.872154 -0.384472
v 161.898 121.585 -190.823
f 1393/2496/1913 1395/2497/1913 1394/2498/1913

vn -0.294912 -0.955517 -0.00364045
v 162.363 121.446 -191.926
f 1395/2499/1914 1396/2500/1914 1394/2501/1914

vn -0.294841 -0.955539 -0.00360795
v 161.82 121.613 -191.885
f 1395/2502/1915 1397/2503/1915 1396/2504/1915

vn -0.246628 -0.89223 0.378287
v 162.183 121.081 -192.903
f 1397/2505/1916 1398/2506/1916 1396/2507/1916

vn -0.246703 -0.892222 0.378256
v 161.64 121.246 -192.868
f 1397/2508/1917 1399/2509/1917 1398/2510/1917

vn -0.165288 -0.691947 0.702773
v 161.929 120.38 -193.653
f 1399/2511/1918 1400/2512/1918 1398/2513/1918

vn -0.165236 -0.691943 0.702788
v 161.384 120.54 -193.623
f 1399/2514/1919 1401/2515/1919 1400/2516/1919

vn -0.0629455 -0.385033 0.920754
v 161.639 119.448 -194.063
f 1401/2517/1920 1402/2518/1920 1400/2519/1920

vn -0.0629977 -0.385042 0.920747
v 161.092 119.603 -194.035
f 1401/2496/1921 1403/2497/1921 1402/2498/1921

vn 0.0445175 -0.0184599 0.998838
v 161.357 118.429 -194.069
f 1403/2499/1922 1404/2500/1922 1402/2501/1922

vn 0.0445961 -0.0184421 0.998835
v 160.808 118.577 -194.042
f 1403/2502/1923 1405/2503/1923 1404/2504/1923

vn 0.141049 0.352301 0.925197
v 161.126 117.476 -193.671
f 1405/2505/1924 1406/2506/1924 1404/2507/1924

vn 0.140972 0.352285 0.925215
v 160.576 117.618 -193.641
f 1405/2508/1925 1407/2509/1925 1406/2510/1925

vn 0.211603 0.670454 0.711137
v 160.981 116.735 -192.929
f 1407/2511/1926 1408/2512/1926 1406/2513/1926

vn 0.211652 0.67046 0.711117
v 160.43 116.872 -192.895
f 1407/2514/1927 1409/2515/1927 1408/2516/1927

vn 0.245763 0.887843 0.389018
v 160.944 116.319 -191.957
f 1409/2517/1928 1410/2518/1928 1408/2519/1928

vn 0.245716 0.887845 0.389044
v 160.393 116.454 -191.917
f 1409/2496/1929 1411/2497/1929 1410/2498/1929

vt 0.00050521 0.0112023
vn 0.239614 0.970349 0.0317381
v 160.959 116.281 -190.892
vt -0.000644056 0.0107026
vt 0.000502031 0.0106457
f 1411/2520/1930 1412/2521/1930 1410/2522/1930

vt 0.000573529 0.0110755
vn 0.285464 0.958379 0.00436911
v 160.471 116.426 -190.855
vt -0.00057365 0.0110755
vt -0.000575803 0.0105759
f 1411/2523/1931 1413/2524/1931 1412/2525/1931

vt 0.000649367 0.0110761
vn 0.232605 0.885716 -0.401749
v 161.201 116.656 -189.925
vt -0.000494284 0.0105197
vt 0.000651804 0.0105765
f 1413/2526/1932 1414/2527/1932 1412/2528/1932

vn 0.189885 0.907912 -0.373684
v 160.651 116.793 -189.872
f 1413/2508/1933 1415/2509/1933 1414/2510/1933

vt 0.000505193 0.0112023
vn 0.113965 0.723111 -0.681266
vt -0.000644016 0.0107026
vt 0.000502021 0.0106457
f 1415/2529/1934 1384/2530/1934 1414/2531/1934

vt 0.000573471 0.0110756
vn 0.155771 0.694737 -0.702194
vt -0.000573654 0.0110756
vt -0.000575803 0.010576
f 1415/2532/1935 1386/2533/1935 1384/2534/1935

vt -0.000590022 0.0108776
vn -0.205759 0.751726 -0.626555
vt 0.000542454 0.010638
vt 0.000555779 0.010817
f 1384/2535/1936 1383/2536/1936 1414/2537/1936

vt -0.000569945 0.0108165
vn -0.130206 0.9365 -0.325599
vt -0.000556278 0.0106375
v 161.203 116.308 -190.928
vt 0.000556348 0.0106375
f 1414/2538/1937 1383/2539/1937 1416/2540/1937

vt -0.000570355 0.00861527
vn 0.549743 0.744536 -0.378746
vt 0.000556348 0.00879338
vt -0.000556278 0.00879338
f 1382/2541/1938 1416/2542/1938 1383/2543/1938

vt -0.000560478 0.0085012
vn 0.564086 0.732838 -0.380466
v 161.399 116.157 -190.927
vt 0.000586281 0.00843921
vt 0.000565975 0.00868061
f 1382/2544/1939 1417/2545/1939 1416/2546/1939

vt 0.000644537 0.0100644
vn 0.253948 0.880322 -0.400679
vt -0.000502508 0.0101219
v 162.06 116.397 -189.981
vt -0.000506785 0.00957606
f 1417/2547/1940 1382/2548/1940 1418/2549/1940

vt 0.000570537 0.010123
vn 0.176376 0.688485 -0.703477
vt -0.00057503 0.00957722
vt 0.000575534 0.00957722
f 1382/2550/1941 1376/2551/1941 1418/2552/1941

vt 0.000576151 0.0102054
vn 0.209512 0.902896 -0.375345
vt -0.000575376 0.00971742
v 161.879 116.029 -190.967
vt 0.000575163 0.00971742
f 1417/2553/1942 1418/2554/1942 1419/2555/1942

v 161.272 116.227 -191.984
vt 0.000494464 0.0102625
vn 0.259609 0.965153 0.0329075
vt -0.000652584 0.0102051
vt -0.000651466 0.00971716
f 1420/2556/1943 1417/2557/1943 1419/2558/1943

vt -0.000589609 0.00855102
vn 0.595288 0.803309 -0.0181051
vt 0.00055718 0.00861257
v 161.127 116.335 -191.957
vt 0.000543427 0.0087907
f 1417/2559/1944 1420/2560/1944 1421/2561/1944

vt -0.000570136 0.00861495
vn 0.601895 0.725787 0.3331
v 161.163 116.741 -192.906
vt 0.000556479 0.00879306
vt -0.000556113 0.00879306
f 1420/2562/1945 1422/2563/1945 1421/2564/1945

vt -0.000560355 0.00850198
vn 0.616372 0.716666 0.326306
v 161.358 116.605 -192.977
vt 0.000586313 0.00843999
vt 0.000566013 0.00868138
f 1420/2565/1946 1423/2566/1946 1422/2567/1946

vt 0.000644557 0.0100645
vn 0.314518 0.877673 0.361619
vt -0.000502397 0.010122
v 161.802 116.057 -192.032
vt -0.000506805 0.00957617
f 1423/2568/1947 1420/2569/1947 1424/2570/1947

vt 0.000570511 0.0101229
vn 0.306015 0.952023 0.00263391
vt -0.000575163 0.00957708
vt 0.000575376 0.00957708
f 1420/2571/1948 1419/2572/1948 1424/2573/1948

vt 0.000576032 0.0102057
vn 0.265216 0.882793 0.387733
vt -0.000575534 0.00971778
v 161.838 116.477 -193.013
vt 0.00057503 0.00971778
f 1423/2574/1949 1424/2575/1949 1425/2576/1949

v 161.504 117.354 -193.727
vt 0.000576325 0.0102057
vn 0.231103 0.665405 0.709808
vt -0.000576219 0.0102057
vt -0.000575216 0.00971778
f 1426/2577/1950 1423/2578/1950 1425/2579/1950

vt -0.000576219 0.00843594
vn 0.585089 0.513751 0.62748
vt 0.000576325 0.00843594
v 161.304 117.464 -193.63
vt 0.000556323 0.00867738
f 1423/2580/1951 1426/2581/1951 1427/2582/1951

vt -0.000576216 0.00843566
vn 0.519676 0.218918 0.82584
v 161.53 118.394 -194.018
vt 0.000556348 0.00867711
vt -0.000556278 0.00867711
f 1426/2583/1952 1428/2584/1952 1427/2585/1952

vt -0.000576369 0.00843698
vn 0.519494 0.218952 0.825946
v 161.738 118.317 -194.129
vt 0.000576156 0.00843698
vt 0.000556201 0.0086784
f 1426/2586/1953 1429/2587/1953 1428/2588/1953

vt 0.000576156 0.0102054
vn 0.160559 0.346971 0.92403
vt -0.000576369 0.0102054
v 161.985 117.224 -193.761
vt -0.000575371 0.00971741
f 1429/2589/1954 1426/2590/1954 1430/2591/1954

vt 0.000576512 0.0102054
vn 0.231245 0.665415 0.709753
vt -0.00057503 0.00971743
vt 0.000575534 0.00971743
f 1426/2592/1955 1425/2593/1955 1430/2594/1955

vn 0.160555 0.34697 0.924031
v 162.218 118.186 -194.163
f 1429/2553/1956 1430/2554/1956 1431/2555/1956

v 162.023 119.349 -194.123
vn 0.0641031 -0.0237674 0.99766
f 1432/2460/1957 1429/2461/1957 1431/2462/1957

vn 0.430342 -0.124453 0.894046
v 161.805 119.389 -194.012
f 1429/2463/1958 1432/2464/1958 1433/2465/1958

vn 0.33069 -0.464124 0.821725
v 162.088 120.298 -193.613
f 1432/2466/1959 1434/2467/1959 1433/2468/1959

vn 0.330404 -0.464157 0.821822
v 162.316 120.29 -193.709
f 1432/2469/1960 1435/2470/1960 1434/2471/1960

vt 0.000576219 0.0102054
vn -0.0434942 -0.390626 0.919521
vt -0.000576325 0.0102054
v 162.503 119.215 -194.157
vt -0.000575347 0.00971743
f 1435/2595/1961 1432/2596/1961 1436/2597/1961

vn 0.0641074 -0.0237666 0.99766
f 1432/2457/1962 1431/2458/1962 1436/2459/1962

vn -0.0436447 -0.390646 0.919506
v 162.796 120.155 -193.744
f 1435/2574/1963 1436/2575/1963 1437/2576/1963

v 162.573 121 -192.95
vn -0.145929 -0.697534 0.701535
f 1438/2577/1964 1435/2578/1964 1437/2579/1964

vn 0.235927 -0.74844 0.619819
v 162.336 120.983 -192.88
f 1435/2580/1965 1438/2581/1965 1439/2582/1965

vn 0.160524 -0.934024 0.319111
v 162.511 121.339 -191.927
f 1438/2583/1966 1440/2584/1966 1439/2585/1966

vn 0.160313 -0.93406 0.319111
v 162.755 121.368 -191.962
f 1438/2586/1967 1441/2587/1967 1440/2588/1967

vn -0.227265 -0.897993 0.376776
v 163.052 120.863 -192.986
f 1441/2589/1968 1438/2590/1968 1442/2591/1968

vn -0.145781 -0.697528 0.701571
f 1438/2592/1969 1437/2593/1969 1442/2594/1969

vn -0.22727 -0.897992 0.376774
v 163.233 121.231 -192
f 1441/2553/1970 1442/2554/1970 1443/2555/1970

v 162.833 121.34 -190.896
vn -0.27548 -0.961293 -0.00511491
f 1444/2460/1971 1441/2461/1971 1443/2462/1971

vn 0.115866 -0.992662 -0.0345885
v 162.587 121.311 -190.897
f 1441/2463/1972 1444/2464/1972 1445/2465/1972

vn 0.10876 -0.915445 -0.387468
v 162.551 120.906 -189.948
f 1444/2466/1973 1446/2467/1973 1445/2468/1973

vn 0.108469 -0.915443 -0.387554
v 162.796 120.92 -189.913
f 1444/2469/1974 1447/2470/1974 1446/2471/1974

vn -0.283117 -0.877877 -0.386234
v 163.311 121.203 -190.935
f 1447/2595/1975 1444/2596/1975 1448/2597/1975

vn -0.275476 -0.961294 -0.00511339
f 1444/2457/1976 1443/2458/1976 1448/2459/1976

vn -0.283247 -0.877814 -0.386282
v 163.274 120.783 -189.954
f 1447/2574/1977 1448/2575/1977 1449/2576/1977

v 162.649 120.171 -189.163
vn -0.249133 -0.660426 -0.708357
f 1450/2577/1978 1447/2578/1978 1449/2579/1978

vn 0.140351 -0.714076 -0.685855
v 162.41 120.183 -189.225
f 1447/2580/1979 1450/2581/1979 1451/2582/1979

vn 0.205841 -0.419265 -0.884221
v 162.184 119.253 -188.836
f 1450/2583/1980 1452/2584/1980 1451/2585/1980

vn 0.205654 -0.419197 -0.884297
f 1450/2586/1981 1378/2587/1981 1452/2588/1981

vn -0.178309 -0.342069 -0.922602
v 163.128 120.036 -189.206
f 1378/2589/1982 1450/2590/1982 1453/2591/1982

vn -0.24901 -0.660509 -0.708323
f 1450/2592/1983 1449/2593/1983 1453/2594/1983

vn -0.178313 -0.342067 -0.922602
f 1378/2553/1984 1453/2554/1984 1377/2555/1984

vt -0.000576309 0.00843701
vn 0.294992 -0.0757916 -0.952489
vt 0.000556278 0.00867844
vt -0.000556348 0.00867844
f 1378/2598/1985 1379/2599/1985 1452/2600/1985

vt -0.000570027 0.0108162
vn -0.403527 0.117168 -0.907435
vt -0.000556348 0.0106372
vt 0.000556278 0.0106372
f 1388/2601/1986 1452/2602/1986 1379/2603/1986

vt -0.000569811 0.0108162
vn -0.493959 -0.230446 -0.838391
vt 0.00055648 0.0106372
vt 0.000570162 0.0108162
f 1390/2604/1987 1452/2605/1987 1388/2606/1987

vn -0.493738 -0.2305 -0.838506
f 1390/2538/1988 1451/2539/1988 1452/2540/1988

vt -0.000570126 0.0108165
vn -0.559979 -0.528859 -0.637755
vt 0.000556135 0.0106375
vt 0.000569797 0.0108165
f 1392/2607/1989 1451/2608/1989 1390/2609/1989

vt -0.000570148 0.0108165
vn -0.559944 -0.528874 -0.637774
vt -0.000556479 0.0106376
vt 0.000556113 0.0106376
f 1392/2610/1990 1446/2611/1990 1451/2612/1990

vt -0.000569797 0.0108165
vn -0.591935 -0.732744 -0.335708
vt 0.000556457 0.0106376
vt 0.000570126 0.0108165
f 1394/2613/1991 1446/2614/1991 1392/2615/1991

vt -0.000569774 0.0108165
vn -0.591969 -0.732723 -0.335693
vt -0.000556113 0.0106375
vt 0.000556479 0.0106375
f 1394/2616/1992 1445/2617/1992 1446/2618/1992

vt -0.000570162 0.0108165
vn -0.584816 -0.810884 0.0213921
vt 0.000556146 0.0106375
vt 0.000569811 0.0108165
f 1396/2619/1993 1445/2620/1993 1394/2621/1993

vn -0.585016 -0.810738 0.0214547
f 1396/2601/1994 1440/2602/1994 1445/2603/1994

vn -0.539808 -0.751378 0.379524
f 1398/2604/1995 1440/2605/1995 1396/2606/1995

vn -0.539608 -0.751535 0.379498
f 1398/2538/1996 1439/2539/1996 1440/2540/1996

vn -0.463264 -0.563727 0.683812
f 1400/2607/1997 1439/2608/1997 1398/2609/1997

vn -0.46323 -0.563753 0.683814
f 1400/2610/1998 1434/2611/1998 1439/2612/1998

vn -0.367301 -0.275931 0.88823
f 1402/2613/1999 1434/2614/1999 1400/2615/1999

vn -0.367337 -0.275908 0.888222
f 1402/2616/2000 1433/2617/2000 1434/2618/2000

vn -0.266525 0.0678164 0.961439
f 1404/2619/2001 1433/2620/2001 1402/2621/2001

vn -0.266746 0.0679236 0.96137
f 1404/2601/2002 1428/2602/2002 1433/2603/2002

vn -0.176308 0.415536 0.892326
f 1406/2604/2003 1428/2605/2003 1404/2606/2003

vn -0.176076 0.415464 0.892405
f 1406/2538/2004 1427/2539/2004 1428/2540/2004

vn -0.109845 0.713826 0.691655
f 1408/2607/2005 1427/2608/2005 1406/2609/2005

vn -0.109805 0.71382 0.691667
f 1408/2610/2006 1422/2611/2006 1427/2612/2006

vn -0.0778144 0.91769 0.389602
f 1410/2613/2007 1422/2614/2007 1408/2615/2007

vn -0.0778561 0.917691 0.389592
f 1410/2616/2008 1421/2617/2008 1422/2618/2008

vt -0.000590064 0.0108776
vn -0.0849843 0.995691 0.0370994
vt 0.00054246 0.010638
vt 0.000555788 0.010817
f 1412/2622/2009 1421/2623/2009 1410/2624/2009

vt -0.000575777 0.0108519
vn -0.10488 0.993908 0.0338663
vt -0.000556348 0.0106104
vt 0.000556278 0.0106104
f 1412/2625/2010 1416/2626/2010 1421/2627/2010

vt -0.000559283 0.0107904
vn -0.150076 0.933833 -0.324705
vt 0.000566747 0.0106101
vt 0.000586539 0.0108515
f 1414/2628/2011 1416/2629/2011 1412/2630/2011

vn 0.609484 0.792443 -0.0237277
f 1417/2598/2012 1421/2599/2012 1416/2600/2012

vn 0.584843 0.513849 0.627629
f 1423/2483/2013 1427/2481/2013 1422/2482/2013

vn 0.430149 -0.124451 0.894139
f 1429/2598/2014 1433/2599/2014 1428/2600/2014

vn 0.235631 -0.748492 0.619869
f 1435/2483/2015 1439/2481/2015 1434/2482/2015

vn 0.115656 -0.992686 -0.0346228
f 1441/2598/2016 1445/2599/2016 1440/2600/2016

vn 0.140071 -0.714029 -0.685961
f 1447/2483/2017 1451/2481/2017 1446/2482/2017

vn -0.403295 0.11715 -0.90754
f 1388/2619/2018 1379/2620/2018 1385/2621/2018

g Mesh31 Object_3_1 skpE254_1 Model

v 161.619 120.403 -189.157
vt 0.000557323 0.0111878
vn -0.231712 -0.665257 -0.709749
v 161.4 120.463 -189.141
vt 0.000556906 0.01141
v 161.542 121.186 -189.866
vt -0.000556694 0.01141
f 1454/2631/2019 1455/2632/2019 1456/2633/2019

v 161.393 119.472 -188.768
vt 0.000557009 0.0111879
vn -0.161031 -0.346807 -0.92401
vt -0.000557015 0.01141
vt -0.00055745 0.0111879
f 1457/2634/2020 1455/2635/2020 1454/2636/2020

vt 0.000557134 0.0111884
vn -0.161237 -0.346794 -0.923979
v 161.175 119.532 -188.753
vt 0.000556653 0.0114106
vt -0.00055689 0.0114106
f 1457/2637/2021 1458/2638/2021 1455/2639/2021

v 161.117 118.475 -188.774
vt 0.00055745 0.0111881
vn -0.0646925 0.0238919 -0.997619
vt -0.000556655 0.0114103
vt -0.000557009 0.0111881
f 1459/2640/2022 1458/2641/2022 1457/2642/2022

vt 0.000557388 0.0111879
vn -0.0645902 0.0238865 -0.997626
v 160.899 118.536 -188.759
vt 0.000556953 0.01141
vt -0.000556717 0.01141
f 1459/2643/2023 1460/2644/2023 1458/2645/2023

v 160.615 117.626 -189.159
vt 0.000556694 0.01141
vn 0.0430282 0.390777 -0.919479
vt -0.000556906 0.01141
vt -0.000557323 0.0111878
f 1461/2646/2024 1460/2647/2024 1459/2648/2024

vt 0.000556741 0.0114098
vn 0.0430979 0.390741 -0.919491
vt -0.000557275 0.0111876
v 160.834 117.564 -189.174
vt 0.000557171 0.0111876
f 1461/2649/2025 1459/2650/2025 1462/2651/2025

v 160.585 116.878 -189.908
vt 0.000557275 0.0111876
vn 0.145399 0.697681 -0.701499
vt -0.000556741 0.0114098
vt -0.000557171 0.0111876
f 1463/2652/2026 1461/2653/2026 1462/2654/2026

vn 0.14532 0.697691 -0.701505
v 160.367 116.94 -189.892
f 1463/2631/2027 1464/2632/2027 1461/2633/2027

v 160.41 116.522 -190.863
vn 0.226794 0.898142 -0.376705
f 1465/2634/2028 1464/2635/2028 1463/2636/2028

vt 0.000556942 0.0111876
vn 0.226902 0.89812 -0.376691
v 160.192 116.584 -190.846
vt 0.000556512 0.0114097
vt -0.000557082 0.0114097
f 1465/2655/2029 1466/2656/2029 1464/2657/2029

v 160.334 116.549 -191.895
vt 0.00055745 0.0111876
vn 0.275099 0.961402 0.00510863
vt -0.000556579 0.0114097
vt -0.000557009 0.0111876
f 1467/2658/2030 1466/2659/2030 1465/2660/2030

vt 0.000557517 0.0111879
vn 0.274993 0.961433 0.0050933
v 160.117 116.611 -191.877
vt 0.000557082 0.01141
vt -0.000556512 0.01141
f 1467/2661/2031 1468/2662/2031 1466/2663/2031

v 160.37 116.956 -192.845
vt 0.000557171 0.0111878
vn 0.282646 0.87801 0.386277
vt -0.000556859 0.01141
vt -0.000557275 0.0111878
f 1469/2664/2032 1468/2665/2032 1467/2666/2032

vt 0.000557124 0.0111876
vn 0.282719 0.877982 0.386287
v 160.152 117.018 -192.826
vt 0.000556694 0.0114098
vt -0.000556906 0.0114098
f 1469/2667/2033 1470/2668/2033 1468/2669/2033

v 160.512 117.68 -193.57
vn 0.248605 0.660579 0.7084
f 1471/2652/2034 1470/2653/2034 1469/2654/2034

vn 0.248533 0.660612 0.708395
v 160.294 117.741 -193.551
f 1471/2631/2035 1472/2632/2035 1470/2633/2035

v 160.738 118.611 -193.959
vn 0.177823 0.34217 0.922659
f 1473/2634/2036 1472/2635/2036 1471/2636/2036

vn 0.177922 0.342119 0.922658
v 160.52 118.672 -193.939
f 1473/2655/2037 1474/2656/2037 1472/2657/2037

v 161.014 119.608 -193.953
vn 0.0814919 -0.0285309 0.996266
f 1475/2658/2038 1474/2659/2038 1473/2660/2038

vn 0.0813943 -0.0284793 0.996275
v 160.795 119.668 -193.933
f 1475/2661/2039 1476/2662/2039 1474/2663/2039

v 161.297 120.519 -193.553
vn -0.0262023 -0.395407 0.918132
f 1477/2664/2040 1476/2665/2040 1475/2666/2040

vn -0.0261325 -0.395442 0.918119
v 161.079 120.578 -193.533
f 1477/2667/2041 1478/2668/2041 1476/2669/2041

v 161.546 121.205 -192.819
vn -0.128429 -0.702367 0.700133
f 1479/2652/2042 1478/2653/2042 1477/2654/2042

vn -0.128499 -0.702336 0.700152
v 161.327 121.264 -192.8
f 1479/2631/2043 1480/2632/2043 1478/2633/2043

v 161.721 121.561 -191.864
vn -0.210002 -0.902779 0.375353
f 1481/2634/2044 1480/2635/2044 1479/2636/2044

vn -0.209902 -0.902815 0.375323
v 161.502 121.62 -191.846
f 1481/2655/2045 1482/2656/2045 1480/2657/2045

v 161.797 121.534 -190.833
vn -0.258099 -0.966097 -0.00647658
f 1483/2658/2046 1482/2659/2046 1481/2660/2046

vn -0.258202 -0.96607 -0.00644451
v 161.578 121.593 -190.815
f 1483/2661/2047 1484/2662/2047 1482/2663/2047

v 161.761 121.128 -189.882
vn -0.265825 -0.882655 -0.387631
f 1485/2664/2048 1484/2665/2048 1483/2666/2048

vn -0.265749 -0.882668 -0.387652
f 1485/2667/2049 1456/2668/2049 1484/2669/2049

vn -0.231635 -0.665265 -0.709766
f 1454/2652/2050 1456/2653/2050 1485/2654/2050

g Mesh32 Object_3_1 skpE254_1 Model

v 166.512 119.499 -190.478
vt -0.000479964 0.00607827
vn -0.161153 -0.682281 -0.713107
v 166.738 119.453 -190.485
vt -0.000483977 0.00585319
v 166.615 118.824 -189.856
vt 0.000483714 0.00585319
f 1486/2670/2051 1487/2671/2051 1488/2672/2051

v 166.543 119.849 -191.297
vt -0.000479654 0.00607827
vn -0.195171 -0.89907 -0.391894
vt 0.000484002 0.00585319
vt 0.000479989 0.00607827
f 1489/2673/2052 1487/2674/2052 1486/2675/2052

vt -0.000479679 0.00607816
vn -0.19513 -0.899074 -0.391905
v 166.769 119.806 -191.311
vt -0.000483714 0.00585308
vt 0.000483977 0.00585308
f 1489/2676/2053 1490/2677/2053 1487/2678/2053

v 166.478 119.872 -192.185
vt -0.000479836 0.00607807
vn -0.18749 -0.982191 -0.0121537
vt 0.000483754 0.00585299
vt 0.000479761 0.00607807
f 1491/2679/2054 1490/2680/2054 1489/2681/2054

vt -0.000479666 0.00607881
vn -0.187752 -0.982142 -0.0120627
v 166.703 119.83 -192.206
vt -0.000483667 0.00585373
vt 0.000483926 0.00585373
f 1491/2682/2055 1492/2683/2055 1490/2684/2055

v 166.327 119.566 -193.007
vt -0.000479761 0.00607881
vn -0.139694 -0.919029 0.368607
vt 0.000483838 0.00585373
vt 0.000479836 0.00607881
f 1493/2685/2056 1492/2686/2056 1491/2687/2056

vt -0.000479931 0.00607808
vn -0.139439 -0.919106 0.368513
v 166.551 119.52 -193.035
vt -0.000483926 0.005853
vt 0.000483667 0.005853
f 1493/2688/2057 1494/2689/2057 1492/2690/2057

vt 0.000483689 0.00585308
vn -0.058278 -0.719386 0.692161
vt 0.000479654 0.00607816
v 166.113 118.975 -193.639
vt -0.000479989 0.00607816
f 1494/2691/2058 1493/2692/2058 1495/2693/2058

vn -0.0583148 -0.719371 0.692174
v 166.335 118.925 -193.672
f 1494/2672/2059 1495/2670/2059 1496/2671/2059

vn 0.0436948 -0.413303 0.909544
v 165.869 118.191 -193.983
f 1496/2674/2060 1495/2675/2060 1497/2673/2060

vn 0.0437309 -0.413322 0.909534
v 166.089 118.134 -194.02
f 1496/2678/2061 1497/2676/2061 1498/2677/2061

vn 0.150971 -0.0477848 0.987383
v 165.632 117.332 -193.989
f 1498/2680/2062 1497/2681/2062 1499/2679/2062

vn 0.150729 -0.0476454 0.987426
v 165.85 117.268 -194.025
f 1498/2684/2063 1499/2682/2063 1500/2683/2063

vn 0.246871 0.321909 0.914018
v 165.437 116.53 -193.654
f 1500/2686/2064 1499/2687/2064 1501/2685/2064

vn 0.247114 0.321765 0.914003
v 165.653 116.46 -193.687
f 1500/2690/2065 1501/2688/2065 1502/2689/2065

vn 0.317529 0.639089 0.700529
v 165.315 115.907 -193.029
f 1502/2691/2066 1501/2692/2066 1503/2693/2066

vn 0.317492 0.639109 0.700527
v 165.53 115.831 -193.058
f 1502/2672/2067 1503/2670/2067 1504/2671/2067

vn 0.35151 0.855898 0.379314
v 165.284 115.557 -192.211
f 1504/2674/2068 1503/2675/2068 1505/2673/2068

vn 0.351547 0.855881 0.379319
v 165.499 115.478 -192.232
f 1504/2678/2069 1505/2676/2069 1506/2677/2069

v 165.349 115.533 -191.323
vn 0.343971 0.93898 -0.000438042
f 1507/2679/2070 1506/2680/2070 1505/2681/2070

vn 0.34371 0.939076 -0.000486929
v 165.565 115.454 -191.337
f 1507/2682/2071 1508/2683/2071 1506/2684/2071

vn 0.295649 0.875963 -0.381156
v 165.5 115.84 -190.5
f 1508/2686/2072 1507/2687/2072 1509/2685/2072

vn 0.295918 0.875895 -0.381104
v 165.717 115.764 -190.508
f 1508/2690/2073 1509/2688/2073 1510/2689/2073

v 165.933 116.359 -189.871
vt -0.000483977 0.00585308
vn 0.214692 0.676186 -0.704755
vt 0.000483714 0.00585308
vt 0.000479679 0.00607816
f 1511/2694/2074 1510/2695/2074 1509/2696/2074

vt -0.000484002 0.00585319
vn 0.214657 0.676205 -0.704747
vt 0.000479654 0.00607827
v 165.714 116.431 -189.869
vt -0.000479989 0.00607827
f 1511/2697/2075 1509/2698/2075 1512/2699/2075

vt 0.000479964 0.00607827
vn 0.112647 0.37014 -0.922121
v 166.179 117.15 -189.523
vt -0.000483714 0.00585319
vt 0.000483977 0.00585319
f 1512/2700/2076 1513/2701/2076 1511/2702/2076

vt 0.000479989 0.00607816
vn 0.112683 0.370119 -0.922125
v 165.958 117.215 -189.524
vt -0.000479654 0.00607816
vt -0.000483689 0.00585308
f 1512/2703/2077 1514/2704/2077 1513/2705/2077

v 166.196 118.073 -189.519
vn 0.00551055 0.00457361 -0.999974
f 1515/2679/2078 1513/2680/2078 1514/2681/2078

vn 0.00522859 0.00457869 -0.999976
v 166.419 118.016 -189.518
f 1515/2682/2079 1516/2683/2079 1513/2684/2079

v 166.39 118.875 -189.854
vn -0.0909153 -0.364975 -0.926568
f 1517/2685/2080 1516/2686/2080 1515/2687/2080

vn -0.0906346 -0.364976 -0.926595
f 1517/2688/2081 1488/2689/2081 1516/2690/2081

vn -0.161112 -0.682282 -0.713115
f 1486/2693/2082 1488/2691/2082 1517/2692/2082

g Mesh33 Object_5_1 skpE254_1 Model

v 155.364 119.993 -190.028
vt 0.00011287 0.000114661
vn 0.962985 -0.232164 -0.136969
v 155.386 120.601 -190.898
vt 3.96068e-06 0.00114759
v 155.42 120.169 -189.928
vt -0.000113322 0.000114661
f 1518/2706/2083 1519/2707/2083 1520/2708/2083

v 155.311 119.84 -190.162
vt 0.000113322 0.000115191
vn 0.966487 -0.221639 -0.129532
vt 1.33851e-06 0.00114765
vt -0.00011287 0.000115191
f 1521/2709/2084 1519/2710/2084 1518/2711/2084

v 155.263 119.716 -190.324
vt 0.000113217 0.000115128
vn 0.969703 -0.212761 -0.120035
vt -1.3416e-06 0.00114762
vt -0.000112994 0.000115128
f 1522/2712/2085 1519/2713/2085 1521/2714/2085

v 155.224 119.626 -190.509
vt 0.000112886 0.000114618
vn 0.972498 -0.205903 -0.108865
vt -3.9728e-06 0.00114757
vt -0.00011334 0.000114618
f 1523/2715/2086 1519/2716/2086 1522/2717/2086

v 155.193 119.572 -190.71
vt 0.000113249 0.000113595
vn 0.974751 -0.201358 -0.0965128
vt -6.44364e-06 0.00114747
vt -0.000112973 0.000113595
f 1524/2718/2087 1519/2719/2087 1523/2720/2087

v 155.172 119.558 -190.919
vt 0.000112973 0.000112084
vn 0.976388 -0.199273 -0.0834022
vt -8.67345e-06 0.00114731
vt -0.000113249 0.000112084
f 1525/2721/2088 1519/2722/2088 1524/2723/2088

v 155.162 119.583 -191.127
vt 0.00011334 0.000110156
vn 0.977338 -0.199733 -0.0701251
vt -1.05643e-05 0.0011471
vt -0.000112886 0.000110156
f 1526/2724/2089 1519/2725/2089 1525/2726/2089

v 155.164 119.647 -191.327
vt 0.000112994 0.000107887
vn 0.977571 -0.20271 -0.0571281
vt -1.20543e-05 0.00114686
vt -0.000113217 0.000107887
f 1527/2727/2090 1519/2728/2090 1526/2729/2090

v 155.177 119.748 -191.511
vt 0.00011287 0.000105465
vn 0.97708 -0.208066 -0.0449702
vt -1.30789e-05 0.00114665
vt -0.000113322 0.000105465
f 1528/2730/2091 1519/2731/2091 1527/2732/2091

v 155.2 119.88 -191.672
vt 0.000113322 0.000102848
vn 0.975893 -0.215563 -0.0341315
vt -1.35998e-05 0.00114641
vt -0.00011287 0.000102848
f 1529/2733/2092 1519/2734/2092 1528/2735/2092

v 155.234 120.04 -191.804
vt 0.000113217 0.000100123
vn 0.974054 -0.224934 -0.0249681
vt -1.35995e-05 0.00114614
vt -0.000112994 0.000100123
f 1530/2736/2093 1519/2737/2093 1529/2738/2093

v 155.276 120.221 -191.901
vt 0.000112886 9.75439e-05
vn 0.971638 -0.235799 -0.0178391
vt -1.30752e-05 0.00114594
vt -0.00011334 9.75439e-05
f 1531/2739/2094 1519/2740/2094 1530/2741/2094

v 155.325 120.416 -191.961
vt 0.000113249 9.51271e-05
vn 0.968752 -0.24769 -0.0130262
vt -1.20509e-05 0.00114575
vt -0.000112973 9.51271e-05
f 1532/2742/2095 1519/2743/2095 1531/2744/2095

v 155.379 120.618 -191.98
vt 0.000112973 9.29403e-05
vn 0.965491 -0.260219 -0.0106686
vt -1.05601e-05 0.00114558
vt -0.000113249 9.29403e-05
f 1533/2745/2096 1519/2746/2096 1532/2747/2096

v 155.437 120.819 -191.958
vt 0.00011334 9.10762e-05
vn 0.961998 -0.272842 -0.0108541
vt -8.66833e-06 0.00114544
vt -0.000112886 9.10762e-05
f 1534/2748/2097 1519/2749/2097 1533/2750/2097

v 155.495 121.011 -191.897
vt 0.000112994 8.96015e-05
vn 0.958384 -0.285159 -0.013565
vt -6.43722e-06 0.00114532
vt -0.000113217 8.96015e-05
f 1535/2751/2098 1519/2752/2098 1534/2753/2098

v 155.551 121.187 -191.797
vt 0.00011287 8.8666e-05
vn 0.9548 -0.296662 -0.0186848
vt -3.96068e-06 0.00114529
vt -0.000113322 8.8666e-05
f 1536/2754/2099 1519/2755/2099 1535/2756/2099

v 155.604 121.34 -191.663
vt 0.000113322 8.81603e-05
vn 0.951382 -0.306914 -0.0260015
vt -1.33851e-06 0.00114525
vt -0.00011287 8.81603e-05
f 1537/2757/2100 1519/2758/2100 1536/2759/2100

v 155.652 121.464 -191.5
vt 0.000113217 8.80999e-05
vn 0.948241 -0.315585 -0.0352764
vt 1.3416e-06 0.00114522
vt -0.000112994 8.80999e-05
f 1538/2760/2101 1519/2761/2101 1537/2762/2101

v 155.691 121.555 -191.315
vt 0.000112886 8.86316e-05
vn 0.9455 -0.322335 -0.0461587
vt 3.9728e-06 0.00114527
vt -0.00011334 8.86316e-05
f 1539/2763/2102 1519/2764/2102 1538/2765/2102

v 155.722 121.608 -191.114
vt 0.000113249 8.96438e-05
vn 0.943269 -0.326889 -0.0582001
vt 6.44364e-06 0.00114534
vt -0.000112973 8.96438e-05
f 1540/2766/2103 1519/2767/2103 1539/2768/2103

v 155.743 121.623 -190.906
vt 0.000112973 9.10965e-05
vn 0.941622 -0.329096 -0.0710238
vt 8.67345e-06 0.00114545
vt -0.000113249 9.10965e-05
f 1541/2769/2104 1519/2770/2104 1540/2771/2104

v 155.753 121.597 -190.698
vt 0.00011334 9.2929e-05
vn 0.94063 -0.328855 -0.0840827
vt 1.05643e-05 0.00114557
vt -0.000112886 9.2929e-05
f 1542/2772/2105 1519/2773/2105 1541/2774/2105

v 155.751 121.533 -190.498
vt 0.000112994 9.50943e-05
vn 0.940329 -0.326159 -0.0969623
vt 1.20543e-05 0.00114573
vt -0.000113217 9.50943e-05
f 1543/2775/2106 1519/2776/2106 1542/2777/2106

v 155.738 121.433 -190.314
vt 0.00011287 9.75941e-05
vn 0.940736 -0.321104 -0.109122
vt 1.30789e-05 0.00114596
vt -0.000113322 9.75941e-05
f 1544/2778/2107 1519/2779/2107 1543/2780/2107

v 155.715 121.3 -190.153
vt 0.000113322 0.000100188
vn 0.941838 -0.313881 -0.120081
vt 1.35998e-05 0.00114618
vt -0.00011287 0.000100188
f 1545/2781/2108 1519/2782/2108 1544/2783/2108

v 155.681 121.14 -190.021
vt 0.000113217 0.000102789
vn 0.943603 -0.304717 -0.129466
vt 1.35995e-05 0.00114638
vt -0.000112994 0.000102789
f 1546/2784/2109 1519/2785/2109 1545/2786/2109

v 155.639 120.959 -189.923
vt 0.000112886 0.000105439
vn 0.945966 -0.293959 -0.136884
vt 1.30752e-05 0.00114663
vt -0.00011334 0.000105439
f 1547/2787/2110 1519/2788/2110 1546/2789/2110

v 155.59 120.764 -189.864
vt 0.000113249 0.000107933
vn 0.948829 -0.282059 -0.142007
vt 1.20509e-05 0.00114688
vt -0.000112973 0.000107933
f 1548/2790/2111 1519/2791/2111 1547/2792/2111

v 155.536 120.562 -189.844
vt 0.000112973 0.000110178
vn 0.952101 -0.269408 -0.144651
vt 1.05601e-05 0.00114711
vt -0.000113249 0.000110178
f 1549/2793/2112 1519/2794/2112 1548/2795/2112

v 155.478 120.361 -189.866
vt 0.00011334 0.000112072
vn 0.955636 -0.256567 -0.144684
vt 8.66833e-06 0.0011473
vt -0.000112886 0.000112072
f 1550/2796/2113 1519/2797/2113 1549/2798/2113

vt 0.000112994 0.000113558
vn 0.959317 -0.243968 -0.142091
vt 6.43722e-06 0.00114745
vt -0.000113217 0.000113558
f 1520/2799/2114 1519/2800/2114 1550/2801/2114

g Mesh34 Object_5_1 skpE254_1 Model

v 155.952 119.774 -189.995
vt -0.000292986 0.0163365
vn 0.045145 0.748656 -0.661419
v 155.389 119.729 -190.084
vt -4.93092e-05 0.0168509
v 155.4 119.891 -189.9
vt -0.000308336 0.016896
f 1551/2802/2115 1552/2803/2115 1553/2804/2115

v 156.013 119.955 -189.861
vt -0.000271725 0.016338
vn -0.0117435 0.594978 -0.803656
vt -2.02371e-05 0.016338
vt -2.12973e-05 0.0168978
f 1554/2805/2116 1551/2806/2116 1553/2807/2116

vt -0.000126601 0.0163499
vn 0.00325496 0.49279 -0.870142
vt 0.000129711 0.0169074
v 155.465 120.093 -189.785
vt -0.000130244 0.0169074
f 1554/2808/2117 1553/2809/2117 1555/2810/2117

v 156.078 120.17 -189.792
vt -0.000126194 0.0163499
vn -0.0504841 0.320267 -0.945981
vt 0.000126414 0.0163499
vt 0.000130084 0.0169074
f 1556/2811/2118 1554/2812/2118 1555/2813/2118

vt -0.000126221 0.0163499
vn -0.0504867 0.320289 -0.945974
vt 0.000130057 0.0169074
v 155.532 120.313 -189.714
vt -0.000129842 0.0169074
f 1556/2814/2119 1555/2815/2119 1557/2816/2119

g Mesh35 V_Ray_Spot_Light1 Model

usemtl FrontColor
v -1187.14 -4.92339 550.315
vt -0.315689 -0.984668
vn -0.288609 0.816589 -0.499886
v -1188.17 -4.92339 552.103
vt 0.315689 -0.984668
vn -0.577219 0.816589 -6.67332e-17
v -1186.11 -0.01 552.103
vt 0 0
vn -2.72406e-16 1 9.0802e-18
f 1558/2817/2120 1559/2818/2121 1560/2819/2122

vn -2.36085e-16 1 9.0802e-18
v -1187.14 -4.92339 553.891
vn -0.288609 0.816589 0.499886
f 1560/2819/2123 1559/2817/2121 1561/2818/2124

v -1185.08 -4.92339 553.891
vn 0.288609 0.816589 0.499886
vn -2.62926e-16 1 -0
f 1561/2817/2124 1562/2818/2125 1560/2819/2126

v -1184.05 -4.92339 552.103
vn 0.577219 0.816589 1.33466e-16
vn -2.36085e-16 1 1.81604e-17
f 1562/2817/2125 1563/2818/2127 1560/2819/2128

vn -2.72406e-16 1 1.81604e-17
v -1185.08 -4.92339 550.315
vn 0.288609 0.816589 -0.499886
f 1560/2819/2129 1563/2817/2127 1564/2818/2130

vn -2.85048e-16 1 3.63208e-17
f 1564/2817/2130 1558/2818/2120 1560/2819/2131

g Mesh36 Model

usemtl Color_M00
v 159.283 98.5673 -186.346
vt 186.346 98.5673
vn 1 7.4949e-15 -1.98001e-16
v 159.283 100.962 -186.573
vt 186.573 100.962
v 159.283 99.7794 -186.302
vt 186.302 99.7794
f 1565/2820/2132 1566/2821/2132 1567/2822/2132

v 159.283 97.4079 -186.702
vt 186.702 97.4079
f 1566/2821/2132 1565/2820/2132 1568/2823/2132

usemtl FrontColor
vt 159.283 38.2468
vn 0 -0.416092 0.909322
vt 159.283 39.4597
vn 7.07835e-19 -0.166564 0.986031
v 158.408 98.5673 -186.346
vt 158.408 39.4597
v 158.408 97.4079 -186.702
vt 158.408 38.2468
f 1568/2824/2133 1565/2825/2134 1569/2826/2134 1570/2827/2133 

vt 159.283 91.7121
vt 159.283 92.925
vn 7.07835e-19 0.0943148 0.995542
v 158.408 99.7794 -186.302
vt 158.408 92.925
vt 158.408 91.7121
f 1565/2828/2134 1567/2829/2135 1571/2830/2135 1569/2831/2134 

vt 159.283 138.886
vt 159.283 140.099
vn 1.05436e-17 0.348766 0.93721
v 158.408 100.962 -186.573
vt 158.408 140.099
vt 158.408 138.886
f 1567/2832/2135 1566/2833/2136 1572/2834/2136 1571/2835/2135 

vt 159.283 176.554
v 159.283 102.033 -187.14
vt 159.283 177.767
vn 1.05436e-17 0.57945 0.815008
v 158.408 102.033 -187.14
vt 158.408 177.767
vt 158.408 176.554
f 1566/2836/2136 1573/2837/2137 1574/2838/2137 1572/2839/2136 

usemtl Color_M00
vt 187.14 102.033
f 1566/2821/2132 1568/2823/2132 1573/2840/2132

v 159.283 99.6926 -187.185
vt 187.185 99.6926
f 1573/2840/2132 1568/2823/2132 1575/2841/2132

v 159.283 96.3803 -187.347
vt 187.347 96.3803
f 1575/2841/2132 1568/2823/2132 1576/2842/2132

usemtl FrontColor
vt 159.283 -17.8663
vn 0 -0.637264 0.770645
vt 159.283 -16.6534
vt 158.408 -16.6534
v 158.408 96.3803 -187.347
vt 158.408 -17.8663
f 1576/2843/2138 1568/2844/2133 1570/2845/2133 1577/2846/2138 

usemtl Color_M00
vn 1 0 -0
v 158.408 10.25 -206.943
vt 206.943 10.25
f 1570/2823/2139 1578/2847/2139 1577/2842/2139

f 1569/2820/2139 1578/2847/2139 1570/2823/2139

v 158.408 110.301 -182.656
vt 182.656 110.301
f 1579/2848/2139 1578/2847/2139 1569/2820/2139

v 158.408 110.051 -182.656
vt 182.656 110.051
f 1580/2849/2139 1578/2847/2139 1579/2848/2139

v 158.408 106.794 -182.339
vt 182.339 106.794
f 1581/2850/2139 1578/2847/2139 1580/2849/2139

v 158.408 101.294 -182.339
vt 182.339 101.294
f 1582/2851/2139 1578/2847/2139 1581/2850/2139

v 158.408 101.294 -170.401
vt 170.401 101.294
f 1583/2852/2139 1578/2847/2139 1582/2851/2139

v 158.408 149.722 -146.007
vt 146.007 149.722
f 1584/2853/2139 1578/2847/2139 1583/2852/2139

v 158.408 10.25 -146.007
vt 146.007 10.25
f 1578/2847/2139 1584/2853/2139 1585/2854/2139

v 99.208 10.25 -146.007
vt 99.208 10.25
vn 1.25124e-16 1.22561e-17 1
vt 158.408 10.25
vt 158.408 149.722
v 157.845 149.722 -146.007
vt 157.845 149.722
v 157.845 151.557 -146.007
vt 157.845 151.557
v 158.158 151.557 -146.007
vt 158.158 151.557
v 187.178 161.324 -146.007
vt 187.178 161.324
v 184.163 163.472 -146.007
vt 184.163 163.472
v 184.32 162.106 -146.007
vt 184.32 162.106
v 101.177 152.579 -146.007
vt 101.177 152.579
v 101.02 153.945 -146.007
vt 101.02 153.945
v 99.208 153.945 -146.007
vt 99.208 153.945
f 1586/2855/2140 1585/2856/2140 1584/2857/2140 1587/2858/2140 1588/2859/2140 1589/2860/2140 1590/2861/2140 1591/2862/2140 1592/2863/2140 1593/2864/2140 1594/2865/2140 1595/2866/2140 

usemtl FrontColor
vt -158.408 146.007
vn 0 -1 -0
vt -99.208 146.007
v 99.208 10.25 -206.943
vt -99.208 206.943
vt -158.408 206.943
f 1585/2867/2141 1586/2868/2141 1596/2869/2141 1578/2870/2141 

usemtl Color_M00
vt -146.007 10.25
vn -1 0 -0
v 99.208 13.8612 -149.818
vt -149.818 13.8612
vt -206.943 10.25
f 1586/2871/2142 1597/2872/2142 1596/2873/2142

v 99.208 146.061 -148.961
vt -148.961 146.061
f 1597/2872/2142 1586/2871/2142 1598/2874/2142

vt -146.007 153.945
f 1595/2875/2142 1598/2874/2142 1586/2871/2142

v 99.208 153.945 -206.943
vt -206.943 153.945
f 1598/2874/2142 1595/2875/2142 1599/2876/2142

vt 101.02 146.007
vn 0 1 -0
v 101.02 153.945 -206.943
vt 101.02 206.943
vt 99.208 206.943
vt 99.208 146.007
f 1594/2877/2143 1600/2878/2143 1599/2879/2143 1595/2880/2143 

vt 206.943 141.444
vn 0.993499 0.113842 -0
vt 146.007 141.444
vt 146.007 140.069
v 101.177 152.579 -206.943
vt 206.943 140.069
f 1600/2881/2144 1594/2882/2144 1593/2883/2144 1601/2884/2144 

vt -146.007 117.889
vn -0.113842 0.993499 -0
vt -146.007 201.576
v 184.32 162.106 -206.943
vt -206.943 201.576
vt -206.943 117.889
f 1593/2885/2145 1592/2886/2145 1602/2887/2145 1601/2888/2145 

vt -146.007 141.444
vn -0.993499 -0.113842 -0
v 184.163 163.472 -206.943
vt -206.943 141.444
vt -206.943 140.069
vt -146.007 140.069
f 1591/2889/2146 1603/2890/2146 1602/2891/2146 1592/2892/2146 

vt 146.007 -55.1464
vn 0.580211 0.814466 8.54993e-19
vt 146.007 -58.8483
v 187.178 161.324 -206.943
vt 206.943 -58.8483
vt 206.943 -55.1464
f 1591/2893/2147 1590/2894/2147 1604/2895/2147 1603/2896/2147 

vt 146.007 228.86
vn 0.318985 -0.94776 -3.45858e-18
v 181.284 159.34 -176.283
vt 176.283 222.641
vt 206.943 228.86
f 1590/2897/2148 1605/2898/2148 1604/2899/2148

v 181.249 159.328 -175.861
vt 175.861 222.603
f 1590/2897/2148 1606/2900/2148 1605/2898/2148

v 181.111 159.282 -175.462
vt 175.462 222.458
f 1590/2897/2148 1607/2901/2148 1606/2900/2148

v 180.88 159.204 -175.115
vt 175.115 222.215
f 1590/2897/2148 1608/2902/2148 1607/2901/2148

v 180.572 159.101 -174.842
vt 174.842 221.89
f 1590/2897/2148 1609/2903/2148 1608/2902/2148

v 180.208 158.978 -174.663
vt 174.663 221.505
f 1590/2897/2148 1610/2904/2148 1609/2903/2148

v 179.812 158.845 -174.589
vt 174.589 221.088
f 1590/2897/2148 1611/2905/2148 1610/2904/2148

v 179.411 158.71 -174.626
vt 174.626 220.665
f 1590/2897/2148 1612/2906/2148 1611/2905/2148

v 179.034 158.583 -174.772
vt 174.772 220.266
f 1590/2897/2148 1613/2907/2148 1612/2906/2148

v 178.704 158.472 -175.015
vt 175.015 219.919
f 1590/2897/2148 1614/2908/2148 1613/2907/2148

v 178.446 158.385 -175.34
vt 175.34 219.646
f 1590/2897/2148 1615/2909/2148 1614/2908/2148

v 178.276 158.328 -175.724
vt 175.724 219.467
f 1590/2897/2148 1616/2910/2148 1615/2909/2148

vt 146.007 198.24
f 1589/2911/2148 1616/2910/2148 1590/2897/2148

v 178.206 158.305 -176.142
vt 176.142 219.394
f 1616/2910/2148 1589/2911/2148 1617/2912/2148

v 178.242 158.316 -176.565
vt 176.565 219.431
f 1589/2911/2148 1618/2913/2148 1617/2912/2148

f 1589/2911/2148 1604/2899/2148 1618/2913/2148

v 158.158 151.557 -157.8
vt 157.8 198.24
f 1619/2914/2148 1604/2899/2148 1589/2911/2148

v 158.158 151.557 -206.943
vt 206.943 198.24
f 1604/2899/2148 1619/2914/2148 1620/2915/2148

vt -158.158 206.943
vt -158.158 157.8
vt -158.158 146.007
vt -157.845 146.007
v 157.845 151.557 -206.943
vt -157.845 206.943
f 1620/2916/2141 1619/2917/2141 1589/2918/2141 1588/2919/2141 1621/2920/2141 

usemtl Color_G07
vt 157.8 175.96
vn 0.985804 -0.1679 -0
v 157.845 149.722 -157.8
vt 157.8 174.099
v 157.845 149.722 -206.943
vt 206.943 174.099
vt 206.943 175.96
f 1619/2921/2149 1622/2922/2149 1623/2923/2149 1620/2924/2149 

usemtl Color_E01
vt 146.007 151.557
vt 157.8 149.722
vt 206.943 149.722
vt 206.943 151.557
f 1588/2925/2139 1587/2853/2139 1622/2926/2139 1623/2927/2139 1621/2928/2139 

usemtl Color_M00
vt 158.408 146.007
v 158.408 149.722 -206.943
vt 158.408 206.943
vt 157.845 206.943
vt 157.845 157.8
vt 157.845 146.007
f 1584/2929/2143 1624/2930/2143 1623/2931/2143 1622/2932/2143 1587/2933/2143 

v 158.408 110.301 -170.156
vt 170.156 110.301
f 1584/2853/2139 1625/2934/2139 1624/2927/2139

v 158.408 110.051 -170.156
vt 170.156 110.051
f 1625/2934/2139 1584/2853/2139 1626/2935/2139

f 1584/2853/2139 1583/2852/2139 1626/2935/2139

v 158.408 106.794 -170.401
vt 170.401 106.794
f 1627/2936/2139 1626/2935/2139 1583/2852/2139

f 1626/2935/2139 1627/2936/2139 1580/2849/2139

f 1580/2849/2139 1627/2936/2139 1581/2850/2139

v 158.658 106.794 -170.401
vt 158.658 170.401
v 158.658 106.794 -182.339
vt 158.658 182.339
vt 158.408 182.339
vt 158.408 170.401
f 1628/2937/2143 1629/2938/2143 1581/2939/2143 1627/2940/2143 

vt 170.401 -51.2379
vn 0.649652 0.760231 -0
v 158.974 106.524 -170.816
vt 170.816 -51.653
vt 182.339 -51.2379
f 1628/2941/2150 1630/2942/2150 1629/2943/2150

v 162.095 103.856 -170.401
vt 170.401 -55.7595
f 1630/2942/2150 1628/2941/2150 1631/2944/2150

usemtl Color_C05
vt 162.095 103.856
vn 0 0 1
vt 158.658 106.794
vt 158.408 106.794
vt 158.408 101.294
v 158.658 101.294 -170.401
vt 158.658 101.294
v 153.948 95.7822 -170.401
vt 153.948 95.7822
v 157.385 92.8447 -170.401
vt 157.385 92.8447
v 162.095 98.3564 -170.401
vt 162.095 98.3564
v 163.533 98.3564 -170.401
vt 163.533 98.3564
v 163.533 103.856 -170.401
vt 163.533 103.856
f 1631/2945/2151 1628/2946/2151 1627/2947/2151 1583/2948/2151 1632/2949/2151 1633/2950/2151 1634/2951/2151 1635/2952/2151 1636/2953/2151 1637/2954/2151 

usemtl Color_M00
v 158.658 101.294 -182.339
vt -158.658 182.339
vt -158.658 170.401
vt -158.408 170.401
vt -158.408 182.339
f 1638/2955/2141 1632/2956/2141 1583/2957/2141 1582/2958/2141 

vt -170.401 180.079
vn -0.760231 0.649652 -0
vt -182.339 180.079
v 153.948 95.7822 -182.339
vt -182.339 172.829
vt -170.401 172.829
f 1632/2959/2152 1638/2960/2152 1639/2961/2152 1633/2962/2152 

usemtl Color_C05
v 163.533 98.3564 -182.339
vt -163.533 98.3564
vn 0 0 -1
v 162.095 98.3564 -182.339
vt -162.095 98.3564
v 157.385 92.8447 -182.339
vt -157.385 92.8447
vt -153.948 95.7822
vt -158.658 101.294
vt -158.408 101.294
vt -158.408 106.794
vt -158.658 106.794
v 162.095 103.856 -182.339
vt -162.095 103.856
v 163.533 103.856 -182.339
vt -163.533 103.856
f 1640/2963/2153 1641/2964/2153 1642/2965/2153 1639/2966/2153 1638/2967/2153 1582/2968/2153 1581/2969/2153 1629/2970/2153 1643/2971/2153 1644/2972/2153 

usemtl Color_M00
vt -162.095 170.401
vt -162.095 182.339
vt -163.533 182.339
vt -163.533 170.401
f 1635/2973/2141 1641/2974/2141 1640/2975/2141 1636/2976/2141 

usemtl Color_C05
vt 182.339 180.079
vn 0.760231 -0.649652 -0
vt 170.401 180.079
vt 170.401 172.829
vt 182.339 172.829
f 1641/2977/2154 1635/2978/2154 1634/2979/2154 1642/2980/2154 

usemtl Color_M00
vt -170.401 -54.811
vn -0.649652 -0.760231 -0
vt -182.339 -54.811
vt -182.339 -59.3326
vt -170.401 -59.3326
f 1633/2981/2155 1639/2982/2155 1642/2983/2155 1634/2984/2155 

v 163.533 100.54 -172.585
vt 172.585 100.54
vt 170.401 98.3564
vt 182.339 98.3564
f 1645/2985/2139 1636/2986/2139 1640/2987/2139

vt 170.401 103.856
f 1636/2986/2139 1645/2985/2139 1637/2988/2139

v 163.533 101.673 -172.585
vt 172.585 101.673
f 1646/2989/2139 1637/2988/2139 1645/2985/2139

vt 182.339 103.856
f 1637/2988/2139 1646/2989/2139 1644/2990/2139

v 163.533 101.673 -180.155
vt 180.155 101.673
f 1644/2990/2139 1646/2989/2139 1647/2991/2139

usemtl Color_D08
v 162.283 101.673 -180.155
vt -162.283 180.155
vt -163.533 180.155
vt -163.533 172.585
v 162.283 101.673 -172.585
vt -162.283 172.585
f 1648/2992/2141 1647/2993/2141 1646/2994/2141 1649/2995/2141 

v 162.283 100.54 -180.155
vt 162.283 100.54
v 163.533 100.54 -180.155
vt 163.533 100.54
vt 163.533 101.673
vt 162.283 101.673
f 1650/2996/2151 1651/2997/2151 1647/2998/2151 1648/2999/2151 

v 162.283 100.54 -172.585
vt 162.283 172.585
vt 163.533 172.585
vt 163.533 180.155
vt 162.283 180.155
f 1652/3000/2143 1645/3001/2143 1651/3002/2143 1650/3003/2143 

vt -162.283 101.673
vt -163.533 101.673
vt -163.533 100.54
vt -162.283 100.54
f 1649/3004/2153 1646/3005/2153 1645/3006/2153 1652/3007/2153 

usemtl Color_M07
v 162.283 100.942 -172.987
vt 172.987 100.942
f 1652/2985/2139 1653/3008/2139 1649/2989/2139

vt 180.155 100.54
f 1653/3008/2139 1652/2985/2139 1650/3009/2139

v 162.283 100.942 -179.753
vt 179.753 100.942
f 1653/3008/2139 1650/3009/2139 1654/3010/2139

v 162.283 101.271 -179.753
vt 179.753 101.271
f 1654/3010/2139 1650/3009/2139 1655/3011/2139

f 1648/2991/2139 1655/3011/2139 1650/3009/2139

v 162.283 101.271 -172.987
vt 172.987 101.271
f 1648/2991/2139 1656/3012/2139 1655/3011/2139

f 1649/2989/2139 1656/3012/2139 1648/2991/2139

f 1656/3012/2139 1649/2989/2139 1653/3008/2139

v 159.408 101.271 -172.987
vt -159.408 101.271
vt -162.283 101.271
vt -162.283 100.942
v 159.408 100.942 -172.987
vt -159.408 100.942
f 1657/3013/2153 1656/3014/2153 1653/3015/2153 1658/3016/2153 

v 159.408 101.271 -179.753
vt -159.408 179.753
vt -162.283 179.753
vt -162.283 172.987
vt -159.408 172.987
f 1659/3017/2141 1655/3018/2141 1656/3019/2141 1657/3020/2141 

usemtl Color_M00
v 159.408 100.942 -179.753
vt 159.408 100.942
vt 162.283 100.942
vt 162.283 101.271
vt 159.408 101.271
f 1660/3021/2151 1654/3022/2151 1655/3023/2151 1659/3024/2151 

usemtl Color_M01
vt 159.408 172.987
vt 162.283 172.987
vt 162.283 179.753
vt 159.408 179.753
f 1658/3025/2143 1653/3026/2143 1654/3027/2143 1660/3028/2143 

usemtl Color_M00
v 168.349 100.942 -179.565
vt 168.349 179.565
v 164.599 100.942 -173.253
vt 164.599 173.253
v 166.901 100.942 -173.54
vt 166.901 173.54
v 168.648 100.942 -173.693
vt 168.648 173.693
v 168.801 100.942 -177.281
vt 168.801 177.281
v 168.355 100.942 -177.997
vt 168.355 177.997
f 1661/3029/2143 1654/3027/2143 1653/3026/2143 1662/3030/2143 1663/3031/2143 1664/3032/2143 1665/3033/2143 1666/3034/2143 

usemtl Color_D08
f 1658/3008/2139 1660/3010/2139 1659/3011/2139 1657/3012/2139 

usemtl Color_M00
f 1645/2985/2139 1640/2987/2139 1651/3009/2139

f 1651/3009/2139 1640/2987/2139 1647/2991/2139

f 1644/2990/2139 1647/2991/2139 1640/2987/2139

vt 162.095 182.339
vt 162.095 170.401
vt 163.533 170.401
vt 163.533 182.339
f 1643/3035/2143 1631/3036/2143 1637/3037/2143 1644/3038/2143 

vt 182.339 -55.7595
v 161.78 104.126 -181.924
vt 181.924 -55.3445
f 1643/3039/2150 1667/3040/2150 1631/2944/2150

v 158.974 106.524 -181.924
vt 181.924 -51.653
f 1643/3039/2150 1668/3041/2150 1667/3040/2150

f 1629/2943/2150 1668/3041/2150 1643/3039/2150

f 1668/3041/2150 1629/2943/2150 1630/2942/2150

vt -181.924 184.261
vt -170.816 184.261
v 159.42 107.047 -170.816
vt -170.816 184.948
v 159.42 107.047 -181.924
vt -181.924 184.948
f 1668/3042/2152 1630/3043/2152 1669/3044/2152 1670/3045/2152 

vt 158.974 106.524
v 161.78 104.126 -170.816
vt 161.78 104.126
v 162.227 104.649 -170.816
vt 162.227 104.649
vt 159.42 107.047
f 1630/3046/2151 1671/3047/2151 1672/3048/2151 1669/3049/2151 

vt 170.816 -55.3445
f 1630/2942/2150 1631/2944/2150 1671/3050/2150

f 1671/3050/2150 1631/2944/2150 1667/3040/2150

vt 170.816 184.261
vn 0.760231 -0.649652 -1.16923e-18
vt 181.924 184.261
v 162.227 104.649 -181.924
vt 181.924 184.948
vt 170.816 184.948
f 1671/3051/2156 1667/3052/2156 1673/3053/2156 1672/3054/2156 

vt -161.78 104.126
vt -158.974 106.524
vt -159.42 107.047
vt -162.227 104.649
f 1667/3055/2153 1668/3056/2153 1670/3057/2153 1673/3058/2153 

v 159.62 106.876 -181.661
vt 181.661 -51.9157
f 1670/3041/2150 1674/3059/2150 1673/3040/2150

v 159.62 106.876 -171.079
vt 171.079 -51.9157
f 1674/3059/2150 1670/3041/2150 1675/3060/2150

f 1669/2942/2150 1675/3060/2150 1670/3041/2150

f 1675/3060/2150 1669/2942/2150 1672/3050/2150

v 162.027 104.819 -171.079
vt 171.079 -55.0817
f 1675/3060/2150 1672/3050/2150 1676/3061/2150

v 162.027 104.819 -181.661
vt 181.661 -55.0817
f 1676/3061/2150 1672/3050/2150 1677/3062/2150

f 1673/3040/2150 1677/3062/2150 1672/3050/2150

f 1673/3040/2150 1674/3059/2150 1677/3062/2150

vt 162.027 104.819
vt 159.62 106.876
v 159.457 106.686 -181.661
vt 159.457 106.686
v 161.864 104.629 -181.661
vt 161.864 104.629
f 1677/3063/2151 1674/3064/2151 1678/3065/2151 1679/3066/2151 

usemtl Color_H01
vt 181.661 184.948
vt 171.079 184.948
v 159.457 106.686 -171.079
vt 171.079 184.698
vt 181.661 184.698
f 1674/3067/2154 1675/3068/2154 1680/3069/2154 1678/3070/2154 

vt -159.62 106.876
vt -162.027 104.819
v 161.864 104.629 -171.079
vt -161.864 104.629
vt -159.457 106.686
f 1675/3071/2153 1676/3072/2153 1681/3073/2153 1680/3074/2153 

vt -171.079 184.948
vt -181.661 184.948
vt -181.661 184.698
vt -171.079 184.698
f 1676/3075/2152 1677/3076/2152 1679/3077/2152 1681/3078/2152 

usemtl Color_M00
v 161.389 105.035 -176.129
vt 176.129 -54.4567
f 1679/3062/2150 1682/3079/2150 1681/3061/2150

v 161.361 105.059 -179.873
vt 179.873 -54.4201
f 1679/3062/2150 1683/3080/2150 1682/3079/2150

v 161.009 105.36 -180.389
vt 180.389 -53.957
f 1679/3062/2150 1684/3081/2150 1683/3080/2150

v 160.561 105.743 -181.118
vt 181.118 -53.3672
f 1679/3062/2150 1685/3082/2150 1684/3081/2150

f 1678/3059/2150 1685/3082/2150 1679/3062/2150

v 160.154 106.091 -180.385
vt 180.385 -52.832
f 1685/3082/2150 1678/3059/2150 1686/3083/2150

v 160.004 106.22 -179.877
vt 179.877 -52.6339
f 1686/3083/2150 1678/3059/2150 1687/3084/2150

v 159.821 106.375 -176.129
vt 176.129 -52.3942
f 1687/3084/2150 1678/3059/2150 1688/3085/2150

v 159.821 106.375 -171.566
vt 171.566 -52.3942
f 1688/3085/2150 1678/3059/2150 1689/3086/2150

f 1680/3060/2150 1689/3086/2150 1678/3059/2150

f 1689/3086/2150 1680/3060/2150 1681/3061/2150

v 161.389 105.035 -171.566
vt 171.566 -54.4567
f 1689/3086/2150 1681/3061/2150 1690/3087/2150

f 1690/3087/2150 1681/3061/2150 1682/3079/2150

v 161.295 105.116 -176.005
vt 176.005 -54.3332
f 1682/3079/2150 1691/3088/2150 1690/3087/2150

v 159.915 106.295 -176.005
vt 176.005 -52.5177
f 1682/3079/2150 1692/3089/2150 1691/3088/2150

f 1688/3085/2150 1692/3089/2150 1682/3079/2150

v 159.915 106.295 -171.69
vt 171.69 -52.5177
f 1692/3089/2150 1688/3085/2150 1693/3090/2150

f 1689/3086/2150 1693/3090/2150 1688/3085/2150

f 1693/3090/2150 1689/3086/2150 1690/3087/2150

v 161.295 105.116 -171.69
vt 171.69 -54.3332
f 1693/3090/2150 1690/3087/2150 1694/3091/2150

f 1694/3091/2150 1690/3087/2150 1691/3088/2150

usemtl Color_H01
vt 171.69 184.698
vt 176.005 184.698
v 161.417 105.258 -176.005
vt 176.005 184.886
v 161.417 105.258 -171.69
vt 171.69 184.886
f 1694/3092/2154 1691/3093/2154 1695/3094/2154 1696/3095/2154 

vt -161.295 105.116
vt -159.915 106.295
v 160.037 106.438 -176.005
vt -160.037 106.438
vt -161.417 105.258
f 1691/3096/2153 1692/3097/2153 1697/3098/2153 1695/3099/2153 

vt -176.005 184.698
vt -171.69 184.698
v 160.037 106.438 -171.69
vt -171.69 184.886
vt -176.005 184.886
f 1692/3100/2152 1693/3101/2152 1698/3102/2152 1697/3103/2152 

vt 159.915 106.295
vt 161.295 105.116
vt 161.417 105.258
vt 160.037 106.438
f 1693/3104/2151 1694/3105/2151 1696/3106/2151 1698/3107/2151 

usemtl Color_M00
v 160.115 106.371 -171.793
vt 171.793 -52.6207
f 1699/3108/2150 1698/3090/2150 1696/3091/2150

f 1698/3090/2150 1699/3108/2150 1697/3089/2150

v 160.115 106.371 -175.902
vt 175.902 -52.6207
f 1700/3109/2150 1697/3089/2150 1699/3108/2150

f 1697/3089/2150 1700/3109/2150 1695/3088/2150

v 161.339 105.325 -175.902
vt 175.902 -54.2301
f 1695/3088/2150 1700/3109/2150 1701/3110/2150

v 161.258 105.23 -175.902
vt 161.258 105.23
vt 161.339 105.325
vt 160.115 106.371
v 160.034 106.276 -175.902
vt 160.034 106.276
f 1702/3111/2151 1701/3112/2151 1700/3113/2151 1703/3114/2151 

usemtl Color_H01
v 161.258 105.23 -171.793
vt -171.793 184.761
v 161.339 105.325 -171.793
vt -171.793 184.886
vt -175.902 184.886
vt -175.902 184.761
f 1704/3115/2152 1705/3116/2152 1701/3117/2152 1702/3118/2152 

v 160.034 106.276 -171.793
vt -160.034 106.276
vt -160.115 106.371
vt -161.339 105.325
vt -161.258 105.23
f 1706/3119/2153 1699/3120/2153 1705/3121/2153 1704/3122/2153 

vt 175.902 184.761
vt 175.902 184.886
vt 171.793 184.886
vt 171.793 184.761
f 1703/3123/2154 1700/3124/2154 1699/3125/2154 1706/3126/2154 

usemtl Color_G05
vt 171.793 -54.2301
f 1704/3127/2150 1702/3110/2150 1703/3109/2150 1706/3108/2150 

usemtl Color_M00
f 1699/3108/2150 1696/3091/2150 1705/3127/2150

f 1705/3127/2150 1696/3091/2150 1701/3110/2150

f 1695/3088/2150 1701/3110/2150 1696/3091/2150

v 160.022 106.204 -177.305
vt 177.305 -52.6585
f 1707/3128/2150 1688/3085/2150 1682/3079/2150

v 160.004 106.22 -179.315
vt 179.315 -52.6339
f 1688/3085/2150 1707/3128/2150 1708/3129/2150

v 160.022 106.204 -179.055
vt 179.055 -52.6585
f 1709/3130/2150 1708/3129/2150 1707/3128/2150

v 160.431 105.854 -179.315
vt 179.315 -53.1964
f 1708/3129/2150 1709/3130/2150 1710/3131/2150

v 160.402 105.879 -179.055
vt 179.055 -53.1585
f 1710/3131/2150 1709/3130/2150 1711/3132/2150

usemtl Color_H01
vt -160.402 105.879
vt -160.022 106.204
v 160.103 106.299 -179.055
vt -160.103 106.299
v 160.483 105.974 -179.055
vt -160.483 105.974
f 1711/3133/2153 1709/3134/2153 1712/3135/2153 1713/3136/2153 

vt -179.055 184.698
v 160.022 106.204 -178.555
vt -178.555 184.698
v 160.103 106.299 -178.555
vt -178.555 184.823
vt -179.055 184.823
f 1709/3137/2152 1714/3138/2152 1715/3139/2152 1712/3140/2152 

usemtl Color_M00
v 160.022 106.204 -178.43
vt 178.43 -52.6585
vt 178.555 -52.6585
f 1709/3130/2150 1716/3141/2150 1714/3142/2150

v 160.022 106.204 -177.93
vt 177.93 -52.6585
f 1709/3130/2150 1717/3143/2150 1716/3141/2150

v 160.022 106.204 -177.805
vt 177.805 -52.6585
f 1709/3130/2150 1718/3144/2150 1717/3143/2150

f 1709/3130/2150 1707/3128/2150 1718/3144/2150

usemtl Color_H01
vt -177.805 184.698
vt -177.305 184.698
v 160.103 106.299 -177.305
vt -177.305 184.823
v 160.103 106.299 -177.805
vt -177.805 184.823
f 1718/3145/2152 1707/3146/2152 1719/3147/2152 1720/3148/2152 

vt 160.022 106.204
v 160.402 105.879 -177.305
vt 160.402 105.879
v 160.483 105.974 -177.305
vt 160.483 105.974
vt 160.103 106.299
f 1707/3149/2151 1721/3150/2151 1722/3151/2151 1719/3152/2151 

usemtl Color_M00
vt 177.305 -53.1585
f 1707/3128/2150 1682/3079/2150 1721/3153/2150

v 160.497 105.798 -177.305
vt 177.305 -53.2835
f 1721/3153/2150 1682/3079/2150 1723/3154/2150

v 160.877 105.473 -177.305
vt 177.305 -53.7835
f 1723/3154/2150 1682/3079/2150 1724/3155/2150

v 160.967 105.396 -177.305
vt 177.305 -53.9011
f 1724/3155/2150 1682/3079/2150 1725/3156/2150

v 161.347 105.071 -177.305
vt 177.305 -54.4011
f 1725/3156/2150 1682/3079/2150 1726/3157/2150

v 161.347 105.071 -177.805
vt 177.805 -54.4011
f 1726/3157/2150 1682/3079/2150 1727/3158/2150

v 161.347 105.071 -177.93
vt 177.93 -54.4011
f 1727/3158/2150 1682/3079/2150 1728/3159/2150

v 161.347 105.071 -178.43
vt 178.43 -54.4011
f 1728/3159/2150 1682/3079/2150 1729/3160/2150

v 161.347 105.071 -178.555
vt 178.555 -54.4011
f 1729/3160/2150 1682/3079/2150 1730/3161/2150

v 161.347 105.071 -179.055
vt 179.055 -54.4011
f 1730/3161/2150 1682/3079/2150 1731/3162/2150

v 161.361 105.059 -179.31
vt 179.31 -54.4201
f 1731/3162/2150 1682/3079/2150 1732/3163/2150

f 1732/3163/2150 1682/3079/2150 1683/3080/2150

usemtl Color_G08
vt 179.31 184.698
vt 179.873 184.698
v 161.443 105.154 -179.873
vt 179.873 184.823
v 161.443 105.154 -179.31
vt 179.31 184.823
f 1732/3164/2154 1683/3165/2154 1733/3166/2154 1734/3167/2154 

vt -161.361 105.059
v 160.506 105.79 -179.873
vt -160.506 105.79
v 160.587 105.885 -179.873
vt -160.587 105.885
vt -161.443 105.154
f 1683/3168/2153 1735/3169/2153 1736/3170/2153 1733/3171/2153 

usemtl Color_M00
vt 179.873 -53.2951
f 1684/3081/2150 1735/3172/2150 1683/3080/2150

v 160.431 105.854 -179.877
vt 179.877 -53.1964
f 1684/3081/2150 1737/3173/2150 1735/3172/2150

f 1686/3083/2150 1737/3173/2150 1684/3081/2150

f 1737/3173/2150 1686/3083/2150 1687/3084/2150

usemtl Color_A05
vt -160.431 105.854
vt -160.004 106.22
v 160.085 106.315 -179.877
vt -160.085 106.315
v 160.512 105.949 -179.877
vt -160.512 105.949
f 1737/3174/2153 1687/3175/2153 1738/3176/2153 1739/3177/2153 

vt -179.877 184.698
vt -179.315 184.698
v 160.085 106.315 -179.315
vt -179.315 184.823
vt -179.877 184.823
f 1687/3178/2152 1708/3179/2152 1740/3180/2152 1738/3181/2152 

usemtl Color_M00
f 1687/3084/2150 1688/3085/2150 1708/3129/2150

usemtl Color_A05
vt 160.004 106.22
vt 160.431 105.854
v 160.512 105.949 -179.315
vt 160.512 105.949
vt 160.085 106.315
f 1708/3182/2151 1710/3183/2151 1741/3184/2151 1740/3185/2151 

vt 179.315 184.698
vt 179.877 184.698
vt 179.877 184.823
vt 179.315 184.823
f 1710/3186/2154 1737/3187/2154 1739/3188/2154 1741/3189/2154 

usemtl Color_M00
f 1710/3131/2150 1723/3154/2150 1737/3173/2150

f 1711/3132/2150 1723/3154/2150 1710/3131/2150

v 160.402 105.879 -178.555
vt 178.555 -53.1585
f 1742/3190/2150 1723/3154/2150 1711/3132/2150

v 160.402 105.879 -178.43
vt 178.43 -53.1585
f 1743/3191/2150 1723/3154/2150 1742/3190/2150

v 160.402 105.879 -177.93
vt 177.93 -53.1585
f 1744/3192/2150 1723/3154/2150 1743/3191/2150

v 160.402 105.879 -177.805
vt 177.805 -53.1585
f 1745/3193/2150 1723/3154/2150 1744/3192/2150

f 1721/3153/2150 1723/3154/2150 1745/3193/2150

usemtl Color_H01
vt 177.305 184.698
vt 177.805 184.698
v 160.483 105.974 -177.805
vt 177.805 184.823
vt 177.305 184.823
f 1721/3194/2154 1745/3195/2154 1746/3196/2154 1722/3197/2154 

f 1745/3133/2153 1718/3134/2153 1720/3135/2153 1746/3136/2153 

usemtl Color_M00
f 1745/3193/2150 1717/3143/2150 1718/3144/2150

f 1717/3143/2150 1745/3193/2150 1744/3192/2150

usemtl Color_H01
v 160.483 105.974 -177.93
v 160.103 106.299 -177.93
f 1717/3149/2151 1744/3150/2151 1747/3151/2151 1748/3152/2151 

vt 177.93 184.698
vt 178.43 184.698
v 160.483 105.974 -178.43
vt 178.43 184.823
vt 177.93 184.823
f 1744/3198/2154 1743/3199/2154 1749/3200/2154 1747/3201/2154 

v 160.103 106.299 -178.43
f 1743/3133/2153 1716/3134/2153 1750/3135/2153 1749/3136/2153 

usemtl Color_M00
f 1743/3191/2150 1714/3142/2150 1716/3141/2150

f 1714/3142/2150 1743/3191/2150 1742/3190/2150

usemtl Color_H01
v 160.483 105.974 -178.555
f 1714/3149/2151 1742/3150/2151 1751/3151/2151 1715/3152/2151 

vt 178.555 184.698
vt 179.055 184.698
vt 179.055 184.823
vt 178.555 184.823
f 1742/3202/2154 1711/3203/2154 1713/3204/2154 1751/3205/2154 

f 1712/3130/2150 1715/3142/2150 1751/3190/2150 1713/3132/2150 

vt -178.43 184.698
vt -177.93 184.698
vt -177.93 184.823
vt -178.43 184.823
f 1716/3206/2152 1717/3207/2152 1748/3208/2152 1750/3209/2152 

f 1750/3141/2150 1748/3143/2150 1747/3192/2150 1749/3191/2150 

f 1720/3144/2150 1719/3128/2150 1722/3153/2150 1746/3193/2150 

usemtl Color_M00
v 160.497 105.798 -179.055
vt 179.055 -53.2835
f 1752/3210/2150 1737/3173/2150 1723/3154/2150

f 1735/3172/2150 1737/3173/2150 1752/3210/2150

v 160.506 105.79 -179.31
vt 179.31 -53.2951
f 1735/3172/2150 1752/3210/2150 1753/3211/2150

v 160.877 105.473 -179.055
vt 179.055 -53.7835
f 1754/3212/2150 1753/3211/2150 1752/3210/2150

f 1753/3211/2150 1754/3212/2150 1732/3163/2150

v 160.967 105.396 -179.055
vt 179.055 -53.9011
f 1732/3163/2150 1754/3212/2150 1755/3213/2150

v 160.967 105.396 -178.43
vt 178.43 -53.9011
f 1755/3213/2150 1754/3212/2150 1756/3214/2150

f 1756/3214/2150 1754/3212/2150 1725/3156/2150

v 160.877 105.473 -178.555
vt 178.555 -53.7835
f 1757/3215/2150 1725/3156/2150 1754/3212/2150

v 160.877 105.473 -178.43
vt 178.43 -53.7835
f 1758/3216/2150 1725/3156/2150 1757/3215/2150

v 160.877 105.473 -177.93
vt 177.93 -53.7835
f 1759/3217/2150 1725/3156/2150 1758/3216/2150

v 160.877 105.473 -177.805
vt 177.805 -53.7835
f 1760/3218/2150 1725/3156/2150 1759/3217/2150

f 1724/3155/2150 1725/3156/2150 1760/3218/2150

usemtl Color_H01
v 160.959 105.568 -177.805
v 160.959 105.568 -177.305
f 1724/3194/2154 1760/3195/2154 1761/3196/2154 1762/3197/2154 

vt -160.877 105.473
v 160.497 105.798 -177.805
vt -160.497 105.798
v 160.578 105.893 -177.805
vt -160.578 105.893
vt -160.959 105.568
f 1760/3219/2153 1763/3220/2153 1764/3221/2153 1761/3222/2153 

usemtl Color_M00
v 160.497 105.798 -177.93
vt 177.93 -53.2835
vt 177.805 -53.2835
f 1760/3218/2150 1765/3223/2150 1763/3224/2150

f 1765/3223/2150 1760/3218/2150 1759/3217/2150

usemtl Color_H01
vt 160.497 105.798
vt 160.877 105.473
v 160.959 105.568 -177.93
vt 160.959 105.568
v 160.578 105.893 -177.93
vt 160.578 105.893
f 1765/3225/2151 1759/3226/2151 1766/3227/2151 1767/3228/2151 

v 160.959 105.568 -178.43
f 1759/3198/2154 1758/3199/2154 1768/3200/2154 1766/3201/2154 

v 160.497 105.798 -178.43
v 160.578 105.893 -178.43
f 1758/3219/2153 1769/3220/2153 1770/3221/2153 1768/3222/2153 

usemtl Color_M00
v 160.497 105.798 -178.555
vt 178.555 -53.2835
vt 178.43 -53.2835
f 1758/3216/2150 1771/3229/2150 1769/3230/2150

f 1771/3229/2150 1758/3216/2150 1757/3215/2150

usemtl Color_H01
v 160.959 105.568 -178.555
v 160.578 105.893 -178.555
f 1771/3225/2151 1757/3226/2151 1772/3227/2151 1773/3228/2151 

v 160.959 105.568 -179.055
f 1757/3202/2154 1754/3203/2154 1774/3204/2154 1772/3205/2154 

v 160.578 105.893 -179.055
f 1754/3219/2153 1752/3220/2153 1775/3221/2153 1774/3222/2153 

f 1752/3137/2152 1771/3138/2152 1773/3139/2152 1775/3140/2152 

usemtl Color_M00
f 1752/3210/2150 1769/3230/2150 1771/3229/2150

f 1752/3210/2150 1765/3223/2150 1769/3230/2150

f 1752/3210/2150 1763/3224/2150 1765/3223/2150

f 1752/3210/2150 1723/3154/2150 1763/3224/2150

usemtl Color_H01
v 160.578 105.893 -177.305
f 1763/3145/2152 1723/3146/2152 1776/3147/2152 1764/3148/2152 

f 1723/3225/2151 1724/3226/2151 1762/3227/2151 1776/3228/2151 

f 1764/3224/2150 1776/3154/2150 1762/3155/2150 1761/3218/2150 

f 1769/3206/2152 1765/3207/2152 1767/3208/2152 1770/3209/2152 

f 1770/3230/2150 1767/3223/2150 1766/3217/2150 1768/3216/2150 

f 1775/3210/2150 1773/3229/2150 1772/3215/2150 1774/3212/2150 

usemtl Color_M00
v 160.967 105.396 -177.805
vt 177.805 -53.9011
f 1756/3214/2150 1725/3156/2150 1777/3231/2150

usemtl Color_H01
v 161.048 105.491 -177.305
v 161.048 105.491 -177.805
f 1777/3145/2152 1725/3146/2152 1778/3147/2152 1779/3148/2152 

vt 160.967 105.396
vt 161.347 105.071
v 161.428 105.166 -177.305
vt 161.428 105.166
vt 161.048 105.491
f 1725/3232/2151 1726/3233/2151 1780/3234/2151 1778/3235/2151 

v 161.428 105.166 -177.805
f 1726/3194/2154 1727/3195/2154 1781/3196/2154 1780/3197/2154 

vt -161.347 105.071
vt -160.967 105.396
vt -161.048 105.491
vt -161.428 105.166
f 1727/3236/2153 1777/3237/2153 1779/3238/2153 1781/3239/2153 

usemtl Color_M00
v 160.967 105.396 -177.93
vt 177.93 -53.9011
f 1727/3158/2150 1782/3240/2150 1777/3231/2150

f 1782/3240/2150 1727/3158/2150 1728/3159/2150

usemtl Color_H01
v 161.428 105.166 -177.93
v 161.048 105.491 -177.93
f 1782/3232/2151 1728/3233/2151 1783/3234/2151 1784/3235/2151 

v 161.428 105.166 -178.43
f 1728/3198/2154 1729/3199/2154 1785/3200/2154 1783/3201/2154 

v 161.048 105.491 -178.43
f 1729/3236/2153 1756/3237/2153 1786/3238/2153 1785/3239/2153 

usemtl Color_M00
v 160.967 105.396 -178.555
vt 178.555 -53.9011
f 1729/3160/2150 1787/3241/2150 1756/3214/2150

f 1787/3241/2150 1729/3160/2150 1730/3161/2150

usemtl Color_H01
v 161.428 105.166 -178.555
v 161.048 105.491 -178.555
f 1787/3232/2151 1730/3233/2151 1788/3234/2151 1789/3235/2151 

v 161.428 105.166 -179.055
f 1730/3202/2154 1731/3203/2154 1790/3204/2154 1788/3205/2154 

v 161.048 105.491 -179.055
f 1731/3236/2153 1755/3237/2153 1791/3238/2153 1790/3239/2153 

usemtl Color_M00
f 1732/3163/2150 1755/3213/2150 1731/3162/2150

usemtl Color_H01
f 1755/3137/2152 1787/3138/2152 1789/3139/2152 1791/3140/2152 

usemtl Color_M00
f 1755/3213/2150 1756/3214/2150 1787/3241/2150

usemtl Color_H01
f 1791/3213/2150 1789/3241/2150 1788/3161/2150 1790/3162/2150 

f 1756/3206/2152 1782/3207/2152 1784/3208/2152 1786/3209/2152 

usemtl Color_M00
f 1756/3214/2150 1777/3231/2150 1782/3240/2150

usemtl Color_H01
f 1786/3214/2150 1784/3240/2150 1783/3159/2150 1785/3160/2150 

f 1779/3231/2150 1778/3156/2150 1780/3157/2150 1781/3158/2150 

usemtl Color_G08
vt 160.506 105.79
vt 161.361 105.059
vt 161.443 105.154
v 160.587 105.885 -179.31
vt 160.587 105.885
f 1753/3242/2151 1732/3243/2151 1734/3244/2151 1792/3245/2151 

usemtl Color_G05
f 1733/3080/2150 1736/3172/2150 1792/3211/2150 1734/3163/2150 

usemtl Color_G08
vt -179.873 184.698
vt -179.31 184.698
vt -179.31 184.823
vt -179.873 184.823
f 1735/3246/2152 1753/3247/2152 1792/3248/2152 1736/3249/2152 

usemtl Color_A05
f 1738/3084/2150 1740/3129/2150 1741/3131/2150 1739/3173/2150 

usemtl Color_D05
vt 160.683 105.639
vn 0.00293426 -0.00250746 0.999993
vt 161.538 104.909
v 161.091 105.455 -180.389
vt 161.619 105.004
v 160.235 106.186 -180.385
vt 160.764 105.734
f 1686/3250/2157 1684/3251/2157 1793/3252/2157 1794/3253/2157 

vt 6.15182 213.003
vn 0.590948 -0.504992 -0.629098
vt 6.97756 213.447
v 160.642 105.838 -181.118
vt 6.91838 213.557
vt 6.09264 213.113
f 1684/3254/2158 1685/3255/2158 1795/3256/2158 1793/3257/2158 

vt -241.848 84.9568
vn -0.614005 0.524695 -0.589655
vt -241.037 85.3653
vt -241.094 85.4769
vt -241.904 85.0684
f 1685/3258/2159 1686/3259/2159 1794/3260/2159 1795/3261/2159 

vn 0.649652 0.760231 1.16651e-14
f 1795/3082/2160 1794/3083/2160 1793/3081/2160

usemtl Color_M00
vt -170.156 -94.1812
vn -0.438113 -0.89892 -4.16252e-18
vt -182.656 -94.1812
v 160.692 108.938 -182.5
vt -182.5 -96.7222
v 160.692 108.938 -170
vt -170 -96.7222
f 1626/3262/2161 1580/3263/2161 1796/3264/2161 1797/3265/2161 

vt -145.614 110.051
vn 0.0680331 3.39695e-16 -0.997683
vt -145.614 110.301
v 160.692 109.188 -182.5
vt -147.904 109.188
vt -147.904 108.938
f 1580/3266/2162 1579/3267/2162 1798/3268/2162 1796/3269/2162 

vt 182.656 -94.0717
vn 0.438113 0.89892 4.16252e-18
vt 170.156 -94.0717
v 160.692 109.188 -170
vt 170 -96.6126
vt 182.5 -96.6126
f 1579/3270/2163 1625/3271/2163 1799/3272/2163 1798/3273/2163 

v 158.408 120.604 -182.424
vt 182.424 120.604
f 1579/2848/2139 1800/3274/2139 1625/2934/2139

v 158.408 118.41 -182.504
vt 182.504 118.41
f 1800/3274/2139 1579/2848/2139 1801/3275/2139

v 158.408 116.311 -183.149
vt 183.149 116.311
f 1801/3275/2139 1579/2848/2139 1802/3276/2139

f 1579/2848/2139 1569/2820/2139 1802/3276/2139

v 158.408 114.451 -184.315
vt 184.315 114.451
f 1802/3276/2139 1569/2820/2139 1803/3277/2139

f 1803/3277/2139 1569/2820/2139 1571/2822/2139

v 158.408 112.957 -185.923
vt 185.923 112.957
f 1803/3277/2139 1571/2822/2139 1804/3278/2139

v 158.408 111.929 -187.863
vt 187.863 111.929
f 1571/2822/2139 1805/3279/2139 1804/3278/2139

f 1805/3279/2139 1571/2822/2139 1572/2821/2139

f 1805/3279/2139 1572/2821/2139 1574/2840/2139

v 158.408 102.922 -187.966
vt 187.966 102.922
f 1805/3279/2139 1574/2840/2139 1806/3280/2139

usemtl FrontColor
vt 159.283 202.148
v 159.283 102.922 -187.966
vt 159.283 203.361
vn 0 0.770645 0.637264
vt 158.408 203.361
vt 158.408 202.148
f 1573/3281/2137 1807/3282/2164 1806/3283/2164 1574/3284/2137 

usemtl Color_M00
v 159.283 100.651 -187.385
vt 187.385 100.651
f 1573/2840/2132 1808/3285/2132 1807/3280/2132

f 1808/3285/2132 1573/2840/2132 1575/2841/2132

v 152.283 100.651 -187.385
vt -152.283 136.887
vn 1.03618e-14 -0.330766 -0.943713
vt -159.283 136.887
vt -159.283 135.908
vn 1.20503e-14 -0.0752449 -0.997165
v 152.283 99.6926 -187.185
vt -152.283 135.908
f 1809/3286/2165 1808/3287/2165 1575/3288/2166 1810/3289/2166 

v 152.283 101.524 -187.827
vt -152.283 175.339
vn 6.40647e-15 -0.563747 -0.825948
v 159.283 101.524 -187.827
vt -159.283 175.339
vt -159.283 174.36
vt -152.283 174.36
f 1811/3290/2167 1812/3291/2167 1808/3292/2165 1809/3293/2165 

v 152.283 102.254 -188.479
vt -152.283 201.875
vn 1.78274e-15 -0.758308 -0.651896
v 159.283 102.254 -188.479
vt -159.283 201.875
vt -159.283 200.896
vt -152.283 200.896
f 1813/3294/2168 1814/3295/2168 1812/3296/2167 1811/3297/2167 

v 152.283 102.79 -189.299
vt -152.283 214.687
vn -2.03877e-15 -0.901193 -0.433419
v 159.283 102.79 -189.299
vt -159.283 214.687
vt -159.283 213.708
vt -152.283 213.708
f 1815/3298/2169 1816/3299/2169 1814/3300/2168 1813/3301/2168 

v 152.283 103.095 -190.229
vt -152.283 212.902
vn -5.72134e-15 -0.982662 -0.185404
v 159.283 103.095 -190.229
vt -159.283 212.902
vt -159.283 211.923
vt -152.283 211.923
f 1817/3302/2170 1818/3303/2170 1816/3304/2169 1815/3305/2169 

v 152.283 103.15 -191.206
vt -152.283 196.641
vn -9.01405e-15 -0.997165 0.0752449
v 159.283 103.15 -191.206
vt -159.283 196.641
vt -159.283 195.662
vt -152.283 195.662
f 1819/3306/2171 1820/3307/2171 1818/3308/2170 1817/3309/2170 

v 152.283 102.949 -192.164
vt 152.283 -167.013
vn -1.16924e-14 -0.943713 0.330766
v 159.283 102.949 -192.164
vt 159.283 -167.013
vt 159.283 -166.034
vt 152.283 -166.034
f 1821/3310/2172 1822/3311/2172 1820/3312/2171 1819/3313/2171 

v 152.283 102.508 -193.038
vt 152.283 -126.037
vn -1.35739e-14 -0.825948 0.563747
v 159.283 102.508 -193.038
vt 159.283 -126.037
vt 159.283 -125.058
vt 152.283 -125.058
f 1823/3314/2173 1824/3315/2173 1822/3316/2172 1821/3317/2172 

v 152.283 101.855 -193.768
vt 152.283 -76.5047
vn -1.34097e-14 -0.651896 0.758308
v 159.283 101.855 -193.768
vt 159.283 -76.5047
vt 159.283 -75.5258
vt 152.283 -75.5258
f 1825/3318/2174 1826/3319/2174 1824/3320/2173 1823/3321/2173 

v 152.283 101.036 -194.303
vt 152.283 -21.7922
vn -1.20979e-14 -0.433419 0.901193
v 159.283 101.036 -194.303
vt 159.283 -21.7922
vt 159.283 -20.8132
vt 152.283 -20.8132
f 1827/3322/2175 1828/3323/2175 1826/3324/2174 1825/3325/2174 

v 152.283 100.106 -194.609
vt 152.283 34.3721
vn -1.20264e-14 -0.185404 0.982662
v 159.283 100.106 -194.609
vt 159.283 34.3721
vt 159.283 35.351
vt 152.283 35.351
f 1829/3326/2176 1830/3327/2176 1828/3328/2175 1827/3329/2175 

v 152.283 99.1282 -194.663
vt 152.283 88.1606
vn -1.17838e-14 0.0752449 0.997165
v 159.283 99.1282 -194.663
vt 159.283 88.1606
vt 159.283 89.1396
vt 152.283 89.1396
f 1831/3330/2177 1832/3331/2177 1830/3332/2176 1829/3333/2176 

v 152.283 98.17 -194.463
vt 152.283 135.908
vn -1.01521e-14 0.330766 0.943713
v 159.283 98.17 -194.463
vt 159.283 135.908
vt 159.283 136.887
vt 152.283 136.887
f 1833/3334/2178 1834/3335/2178 1832/3336/2177 1831/3337/2177 

v 152.283 97.2964 -194.021
vt 152.283 174.36
vn -7.7717e-15 0.563747 0.825948
v 159.283 97.2964 -194.021
vt 159.283 174.36
vt 159.283 175.339
vt 152.283 175.339
f 1835/3338/2179 1836/3339/2179 1834/3340/2178 1833/3341/2178 

v 152.283 96.5667 -193.369
vt 152.283 200.896
vn -4.86165e-15 0.758308 0.651896
v 159.283 96.5667 -193.369
vt 159.283 200.896
vt 159.283 201.875
vt 152.283 201.875
f 1837/3342/2180 1838/3343/2180 1836/3344/2179 1835/3345/2179 

v 152.283 96.0309 -192.549
vt 152.283 213.708
vn -1.62029e-15 0.901193 0.433419
v 159.283 96.0309 -192.549
vt 159.283 213.708
vt 159.283 214.687
vt 152.283 214.687
f 1839/3346/2181 1840/3347/2181 1838/3348/2180 1837/3349/2180 

v 152.283 95.7254 -191.619
vt 152.283 211.923
vn 1.73149e-15 0.982662 0.185404
v 159.283 95.7254 -191.619
vt 159.283 211.923
vt 159.283 212.902
vt 152.283 212.902
f 1841/3350/2182 1842/3351/2182 1840/3352/2181 1839/3353/2181 

v 152.283 95.671 -190.642
vt 152.283 195.662
vn 4.96532e-15 0.997165 -0.0752449
v 159.283 95.671 -190.642
vt 159.283 195.662
vt 159.283 196.641
vt 152.283 196.641
f 1843/3354/2183 1844/3355/2183 1842/3356/2182 1841/3357/2182 

v 152.283 95.8715 -189.684
vt -152.283 -166.034
vn 7.86073e-15 0.943713 -0.330766
v 159.283 95.8715 -189.684
vt -159.283 -166.034
vt -159.283 -167.013
vt -152.283 -167.013
f 1845/3358/2184 1846/3359/2184 1844/3360/2183 1843/3361/2183 

v 152.283 96.3131 -188.81
vt -152.283 -125.058
vn 1.02204e-14 0.825948 -0.563747
v 159.283 96.3131 -188.81
vt -159.283 -125.058
vt -159.283 -126.037
vt -152.283 -126.037
f 1847/3362/2185 1848/3363/2185 1846/3364/2184 1845/3365/2184 

v 152.283 96.9658 -188.08
vt -152.283 -75.5258
vn 1.2444e-14 0.651896 -0.758308
v 159.283 96.9658 -188.08
vt -159.283 -75.5258
vt -159.283 -76.5047
vt -152.283 -76.5047
f 1849/3366/2186 1850/3367/2186 1848/3368/2185 1847/3369/2185 

v 152.283 97.7851 -187.545
vt -152.283 -20.8132
vn 1.36169e-14 0.433419 -0.901193
v 159.283 97.7851 -187.545
vt -159.283 -20.8132
vt -159.283 -21.7922
vt -152.283 -21.7922
f 1851/3370/2187 1852/3371/2187 1850/3372/2186 1849/3373/2186 

v 152.283 98.7151 -187.239
vt -152.283 35.351
vn 1.30419e-14 0.185404 -0.982662
v 159.283 98.7151 -187.239
vt -159.283 35.351
vt -159.283 34.3721
vt -152.283 34.3721
f 1853/3374/2188 1854/3375/2188 1852/3376/2187 1851/3377/2187 

vt -152.283 89.1396
vt -159.283 89.1396
vt -159.283 88.1606
vt -152.283 88.1606
f 1810/3378/2166 1575/3379/2166 1854/3380/2188 1853/3381/2188 

vt 187.239 98.7151
f 1575/2841/2132 1576/2842/2132 1854/3382/2132

vt 187.545 97.7851
f 1854/3382/2132 1576/2842/2132 1852/3383/2132

v 159.283 95.5545 -188.235
vt 188.235 95.5545
f 1852/3383/2132 1576/2842/2132 1855/3384/2132

usemtl FrontColor
v 158.408 95.5545 -188.235
vt 158.408 -72.8031
vn 0 -0.815008 0.57945
vt 159.283 -72.8031
vt 159.283 -71.5902
vt 158.408 -71.5902
f 1856/3385/2189 1855/3386/2189 1576/3387/2138 1577/3388/2138 

v 158.408 94.9867 -189.307
vt 158.408 -122.82
vn 0 -0.93721 0.348766
v 159.283 94.9867 -189.307
vt 159.283 -122.82
vt 159.283 -121.607
vt 158.408 -121.607
f 1857/3389/2190 1858/3390/2190 1855/3391/2189 1856/3392/2189 

v 158.408 94.7157 -190.489
vt 158.408 -164.508
vn 0 -0.995542 0.0943148
v 159.283 94.7157 -190.489
vt 159.283 -164.508
vt 159.283 -163.295
vt 158.408 -163.295
f 1859/3393/2191 1860/3394/2191 1858/3395/2190 1857/3396/2190 

v 158.408 94.7599 -191.701
vt -158.408 195.027
vn 0 -0.986031 -0.166564
v 159.283 94.7599 -191.701
vt -159.283 195.027
vt -159.283 193.814
vt -158.408 193.814
f 1861/3397/2192 1862/3398/2192 1860/3399/2191 1859/3400/2191 

v 158.408 95.1163 -192.86
vt -158.408 212.296
vn 0 -0.909322 -0.416092
v 159.283 95.1163 -192.86
vt -159.283 212.296
vt -159.283 211.083
vt -158.408 211.083
f 1863/3401/2193 1864/3402/2193 1862/3403/2192 1861/3404/2192 

v 158.408 95.7606 -193.888
vt -158.408 215.138
vn 0 -0.770645 -0.637264
v 159.283 95.7606 -193.888
vt -159.283 215.138
vt -159.283 213.926
vt -158.408 213.926
f 1865/3405/2194 1866/3406/2194 1864/3407/2193 1863/3408/2193 

vt -158.408 202.148
v 158.408 96.6489 -194.714
vt -158.408 203.361
vn 0 -0.57945 -0.815008
v 159.283 96.6489 -194.714
vt -159.283 203.361
vt -159.283 202.148
f 1865/3409/2194 1867/3410/2195 1868/3411/2195 1866/3412/2194 

usemtl Color_M00
vt 193.888 95.7606
vt 194.714 96.6489
f 1865/3413/2139 1578/2847/2139 1867/3414/2139

vt 192.86 95.1163
f 1863/3415/2139 1578/2847/2139 1865/3413/2139

vt 191.701 94.7599
f 1861/3416/2139 1578/2847/2139 1863/3415/2139

vt 190.489 94.7157
f 1859/3417/2139 1578/2847/2139 1861/3416/2139

vt 189.307 94.9867
f 1857/3418/2139 1578/2847/2139 1859/3417/2139

f 1856/3384/2139 1578/2847/2139 1857/3418/2139

f 1577/2842/2139 1578/2847/2139 1856/3384/2139

v 158.408 97.7208 -195.282
vt 195.282 97.7208
f 1867/3414/2139 1578/2847/2139 1869/3419/2139

v 158.408 98.903 -195.553
vt 195.553 98.903
f 1869/3419/2139 1578/2847/2139 1870/3420/2139

v 158.408 113.33 -196.156
vt 196.156 113.33
f 1870/3420/2139 1578/2847/2139 1871/3421/2139

v 158.408 114.938 -197.65
vt 197.65 114.938
f 1871/3421/2139 1578/2847/2139 1872/3422/2139

v 158.408 116.878 -198.678
vt 198.678 116.878
f 1872/3422/2139 1578/2847/2139 1873/3423/2139

v 158.408 119.017 -199.169
vt 199.169 119.017
f 1873/3423/2139 1578/2847/2139 1874/3424/2139

f 1624/2927/2139 1874/3424/2139 1578/2847/2139

v 158.408 121.211 -199.089
vt 199.089 121.211
f 1624/2927/2139 1875/3425/2139 1874/3424/2139

v 158.408 123.31 -198.444
vt 198.444 123.31
f 1624/2927/2139 1876/3426/2139 1875/3425/2139

v 158.408 125.17 -197.277
vt 197.277 125.17
f 1624/2927/2139 1877/3427/2139 1876/3426/2139

v 158.408 126.665 -195.669
vt 195.669 126.665
f 1624/2927/2139 1878/3428/2139 1877/3427/2139

v 158.408 127.692 -193.729
vt 193.729 127.692
f 1624/2927/2139 1879/3429/2139 1878/3428/2139

v 158.408 128.183 -191.59
vt 191.59 128.183
f 1624/2927/2139 1880/3430/2139 1879/3429/2139

v 158.408 128.103 -189.396
vt 189.396 128.103
f 1624/2927/2139 1881/3431/2139 1880/3430/2139

v 158.408 127.458 -187.297
vt 187.297 127.458
f 1624/2927/2139 1882/3432/2139 1881/3431/2139

v 158.408 126.292 -185.437
vt 185.437 126.292
f 1624/2927/2139 1883/3433/2139 1882/3432/2139

v 158.408 124.684 -183.942
vt 183.942 124.684
f 1624/2927/2139 1884/3434/2139 1883/3433/2139

f 1624/2927/2139 1625/2934/2139 1884/3434/2139

v 158.408 122.744 -182.915
vt 182.915 122.744
f 1884/3434/2139 1625/2934/2139 1885/3435/2139

f 1885/3435/2139 1625/2934/2139 1800/3274/2139

usemtl FrontColor
v 160.784 120.604 -182.424
vt 160.784 158.317
vn 3.86913e-19 0.0943148 0.995542
v 160.784 122.744 -182.915
vt 160.784 160.513
vn -2.19011e-18 0.348766 0.93721
vt 158.408 160.513
vt 158.408 158.317
f 1886/3436/2196 1887/3437/2197 1885/3438/2197 1800/3439/2196 

usemtl Color_M00
v 160.784 118.41 -182.504
vn 1 6.99546e-15 -3.46939e-15
f 1888/3275/2198 1887/3435/2198 1886/3274/2198

v 160.784 116.311 -183.149
f 1887/3435/2198 1888/3275/2198 1889/3276/2198

usemtl FrontColor
vt 160.784 57.3598
vt 160.784 59.5551
vn 3.86913e-19 -0.166564 0.986031
vt 158.408 59.5551
vt 158.408 57.3598
f 1889/3440/2133 1888/3441/2199 1801/3442/2199 1802/3443/2133 

vt 160.784 111.681
vt 160.784 113.877
vt 158.408 113.877
vt 158.408 111.681
f 1888/3444/2199 1886/3445/2196 1800/3446/2196 1801/3447/2199 

v 160.784 114.451 -184.315
vt 160.784 -0.945701
vt 160.784 1.24967
vt 158.408 1.24967
vt 158.408 -0.945701
f 1890/3448/2138 1889/3449/2133 1802/3450/2133 1803/3451/2138 

usemtl Color_M00
v 160.784 124.684 -183.942
f 1891/3434/2198 1889/3276/2198 1890/3277/2198

f 1887/3435/2198 1889/3276/2198 1891/3434/2198

usemtl FrontColor
vt 160.784 194.089
vt 160.784 196.285
vn -2.19011e-18 0.57945 0.815008
vt 158.408 196.285
vt 158.408 194.089
f 1887/3452/2197 1891/3453/2200 1884/3454/2200 1885/3455/2197 

vt 160.784 216.56
v 160.784 126.292 -185.437
vt 160.784 218.755
vt 158.408 218.755
vt 158.408 216.56
f 1891/3456/2200 1892/3457/2164 1883/3458/2164 1884/3459/2200 

usemtl Color_M00
v 160.784 122.181 -184.498
vt 184.498 122.181
f 1891/3434/2198 1893/3460/2198 1892/3433/2198

v 160.784 120.447 -184.136
vt 184.136 120.447
f 1893/3460/2198 1891/3434/2198 1894/3461/2198

f 1891/3434/2198 1890/3277/2198 1894/3461/2198

v 160.784 118.677 -184.234
vt 184.234 118.677
f 1894/3461/2198 1890/3277/2198 1895/3462/2198

v 160.784 116.994 -184.787
vt 184.787 116.994
f 1895/3462/2198 1890/3277/2198 1896/3463/2198

v 160.784 112.957 -185.923
f 1896/3463/2198 1890/3277/2198 1897/3278/2198

usemtl FrontColor
vt 158.408 -59.2615
vt 160.784 -59.2615
vt 160.784 -57.0661
vt 158.408 -57.0661
f 1804/3464/2189 1897/3465/2189 1890/3466/2138 1803/3467/2138 

vt 158.408 -113.614
v 160.784 111.929 -187.863
vt 160.784 -113.614
vt 160.784 -111.418
vt 158.408 -111.418
f 1805/3468/2190 1898/3469/2190 1897/3470/2189 1804/3471/2189 

v 158.408 111.438 -190.003
vt 158.408 -160.298
v 160.784 111.438 -190.003
vt 160.784 -160.298
vt 160.784 -158.102
vt 158.408 -158.102
f 1899/3472/2191 1900/3473/2191 1898/3474/2190 1805/3475/2190 

v 158.408 111.518 -192.197
vt -158.408 196.133
v 160.784 111.518 -192.197
vt -160.784 196.133
vt -160.784 193.938
vt -158.408 193.938
f 1901/3476/2192 1902/3477/2192 1900/3478/2191 1899/3479/2191 

v 158.408 112.163 -194.296
vt -158.408 218.677
v 160.784 112.163 -194.296
vt -160.784 218.677
vt -160.784 216.481
vt -158.408 216.481
f 1903/3480/2193 1904/3481/2193 1902/3482/2192 1901/3483/2192 

vt -158.408 226.393
v 160.784 113.33 -196.156
vt -160.784 226.393
vt -160.784 224.197
vt -158.408 224.197
f 1871/3484/2194 1905/3485/2194 1904/3486/2193 1903/3487/2193 

vt -158.408 216.56
vt -158.408 218.755
v 160.784 114.938 -197.65
vt -160.784 218.755
vt -160.784 216.56
f 1871/3488/2194 1872/3489/2195 1906/3490/2195 1905/3491/2194 

vt -158.408 194.089
vt -158.408 196.285
vn 0 -0.348766 -0.93721
v 160.784 116.878 -198.678
vt -160.784 196.285
vt -160.784 194.089
f 1872/3492/2195 1873/3493/2201 1907/3494/2201 1906/3495/2195 

vt -158.408 158.317
vt -158.408 160.513
vn 1.05903e-18 -0.0943148 -0.995542
v 160.784 119.017 -199.169
vt -160.784 160.513
vt -160.784 158.317
f 1873/3496/2201 1874/3497/2202 1908/3498/2202 1907/3499/2201 

vt -158.408 111.681
vt -158.408 113.877
vn 4.74127e-18 0.166564 -0.986031
v 160.784 121.211 -199.089
vt -160.784 113.877
vt -160.784 111.681
f 1874/3500/2202 1875/3501/2203 1909/3502/2203 1908/3503/2202 

vt -158.408 57.3598
vt -158.408 59.5551
vn 3.68224e-18 0.416092 -0.909322
v 160.784 123.31 -198.444
vt -160.784 59.5551
vt -160.784 57.3598
f 1875/3504/2203 1876/3505/2204 1910/3506/2204 1909/3507/2203 

vt -158.408 -0.945701
vt -158.408 1.24967
vn 0 0.637264 -0.770645
v 160.784 125.17 -197.277
vt -160.784 1.24967
vt -160.784 -0.945701
f 1876/3508/2204 1877/3509/2205 1911/3510/2205 1910/3511/2204 

vt -158.408 -57.0661
vn 0 0.815008 -0.57945
v 160.784 126.665 -195.669
vt -160.784 -57.0661
vt -160.784 -59.2615
vt -158.408 -59.2615
f 1878/3512/2206 1912/3513/2206 1911/3514/2205 1877/3515/2205 

vt -158.408 -111.418
vn 0 0.93721 -0.348766
v 160.784 127.692 -193.729
vt -160.784 -111.418
vt -160.784 -113.614
vt -158.408 -113.614
f 1879/3516/2207 1913/3517/2207 1912/3518/2206 1878/3519/2206 

vt -158.408 -158.102
vn 0 0.995542 -0.0943148
v 160.784 128.183 -191.59
vt -160.784 -158.102
vt -160.784 -160.298
vt -158.408 -160.298
f 1880/3520/2208 1914/3521/2208 1913/3522/2207 1879/3523/2207 

vt 158.408 193.938
vn 0 0.986031 0.166564
v 160.784 128.103 -189.396
vt 160.784 193.938
vt 160.784 196.133
vt 158.408 196.133
f 1881/3524/2209 1915/3525/2209 1914/3526/2208 1880/3527/2208 

vt 158.408 216.481
vn 0 0.909322 0.416092
v 160.784 127.458 -187.297
vt 160.784 216.481
vt 160.784 218.677
vt 158.408 218.677
f 1882/3528/2210 1916/3529/2210 1915/3530/2209 1881/3531/2209 

vt 158.408 224.197
vt 160.784 224.197
vt 160.784 226.393
vt 158.408 226.393
f 1883/3532/2164 1892/3533/2164 1916/3534/2210 1882/3535/2210 

usemtl Color_M00
v 160.784 125.083 -186.479
vt 186.479 125.083
f 1892/3433/2198 1917/3536/2198 1916/3432/2198

v 160.784 123.762 -185.298
vt 185.298 123.762
f 1892/3433/2198 1918/3537/2198 1917/3536/2198

f 1892/3433/2198 1893/3460/2198 1918/3537/2198

v 123.345 122.87 -182.881
vt -132.766 189.07
vn -0.0468123 -0.330401 -0.942679
v 123.345 124.941 -183.928
vt -132.821 191.39
vn -0.0479241 -0.563095 -0.825001
vt -170.28 190.069
vt -170.238 188.298
f 1919/3538/2211 1920/3539/2212 1918/3540/2212 1893/3541/2211 

usemtl Color_M07
v 123.345 114.92 -198.61
vt 198.61 114.92
vn 1 2.58795e-15 -2.14483e-15
v 123.345 116.991 -199.657
vt 199.657 116.991
v 123.345 119.262 -200.132
vt 200.132 119.262
v 123.345 121.578 -200.003
vt 200.003 121.578
v 123.345 123.783 -199.279
vt 199.279 123.783
v 123.345 125.725 -198.009
vt 198.009 125.725
v 123.345 127.272 -196.28
vt 196.28 127.272
v 123.345 128.319 -194.209
vt 194.209 128.319
v 123.345 128.794 -191.938
vt 191.938 128.794
v 123.345 128.665 -189.621
vt 189.621 128.665
v 123.345 127.941 -187.417
vt 187.417 127.941
v 123.345 126.671 -185.475
vt 185.475 126.671
vt 183.928 124.941
vt 182.881 122.87
v 123.345 120.599 -182.406
vt 182.406 120.599
v 123.345 118.283 -182.535
vt 182.535 118.283
v 123.345 116.078 -183.259
vt 183.259 116.078
v 123.345 114.136 -184.529
vt 184.529 114.136
v 123.345 112.589 -186.258
vt 186.258 112.589
v 123.345 111.542 -188.329
vt 188.329 111.542
v 123.345 111.067 -190.6
vt 190.6 111.067
v 123.345 111.196 -192.917
vt 192.917 111.196
v 123.345 111.92 -195.121
vt 195.121 111.92
v 123.345 113.19 -197.063
vt 197.063 113.19
f 1921/3542/2213 1922/3543/2213 1923/3544/2213 1924/3545/2213 1925/3546/2213 1926/3547/2213 1927/3548/2213 1928/3549/2213 1929/3550/2213 1930/3551/2213 1931/3552/2213 1932/3553/2213 1920/3554/2213 1919/3555/2213 1933/3556/2213 1934/3557/2213 1935/3558/2213 1936/3559/2213 1937/3560/2213 1938/3561/2213 1939/3562/2213 1940/3563/2213 1941/3564/2213 1942/3565/2213 

usemtl Color_M00
vt 108.729 195.792
vn -0.064124 0.562591 0.824245
v 160.784 116.109 -196.51
vt 146.221 197.124
v 160.784 117.691 -197.309
vt 146.164 198.895
vn -0.0652325 0.330065 0.941702
vt 108.654 198.111
f 1921/3566/2214 1943/3567/2214 1944/3568/2215 1922/3569/2215 

vt 106.307 222.07
vn -0.0624638 0.756833 0.650617
v 160.784 114.789 -195.329
vt 143.759 224.211
vt 143.659 225.98
vt 106.177 224.386
f 1942/3570/2216 1945/3571/2216 1943/3572/2214 1921/3573/2214 

vt 100.938 234.944
vn -0.0603647 0.899553 0.43262
v 160.784 113.819 -193.846
vt 138.287 238.398
vt 138.122 240.162
vt 100.723 237.254
f 1941/3574/2217 1946/3575/2217 1945/3576/2216 1942/3577/2216 

vt 85.4813 236.719
vn -0.0579694 0.981012 0.185083
v 160.784 113.266 -192.162
vt 122.411 243.248
vt 122.1 244.992
vt 85.073 239.003
f 1940/3578/2218 1947/3579/2218 1946/3580/2217 1941/3581/2217 

vt -49.0782 229.742
vn -0.0554409 0.995631 -0.0751384
v 160.784 113.168 -190.393
vt -22.6403 256.333
vt -23.8998 257.579
vt -50.7276 231.374
f 1939/3582/2219 1948/3583/2219 1947/3584/2218 1940/3585/2218 

vt -167.719 -126.076
vt -167.142 -123.828
vn -0.0529515 0.942386 -0.33031
v 160.784 113.53 -188.659
vt -203.435 -114.424
vt -203.876 -116.14
f 1939/3586/2219 1938/3587/2220 1949/3588/2220 1948/3589/2219 

vt -143.625 -101.456
vn -0.0506709 0.824883 -0.563028
v 160.784 114.33 -187.077
vt -180.915 -97.6169
vt -181.094 -99.3797
vt -143.859 -103.764
f 1937/3590/2221 1950/3591/2221 1949/3592/2220 1938/3593/2220 

vt -136.729 -56.3307
vt -136.601 -54.0138
vn -0.048755 0.651117 -0.75741
v 160.784 115.511 -185.757
vt -174.028 -51.9547
vt -174.126 -53.7239
f 1937/3594/2221 1936/3595/2222 1951/3596/2222 1950/3597/2221 

vt -133.614 -1.33034
vt -133.542 0.988889
vn -0.0473348 0.43293 -0.900184
vt -171.007 2.0828
vt -171.062 0.31176
f 1936/3598/2222 1935/3599/2223 1896/3600/2223 1951/3601/2222 

vt -132.141 55.1076
vt -132.105 57.4277
vn -0.0465072 0.185202 -0.981599
vt -169.582 57.8433
vt -169.609 56.0716
f 1935/3602/2223 1934/3603/2224 1895/3604/2224 1896/3605/2223 

vt -131.599 108.295
vt -131.593 110.616
vn -0.046329 -0.0751637 -0.996094
vt -169.071 110.463
vt -169.075 108.691
f 1934/3606/2224 1933/3607/2225 1894/3608/2225 1895/3609/2224 

vt -131.783 154.132
vt -131.805 156.452
vt -169.278 155.748
vt -169.261 153.976
f 1933/3610/2225 1919/3611/2211 1893/3612/2211 1894/3613/2225 

vt 185.757 115.511
f 1896/3463/2198 1897/3278/2198 1951/3614/2198

vt 187.077 114.33
f 1951/3614/2198 1897/3278/2198 1950/3615/2198

f 1950/3615/2198 1897/3278/2198 1898/3279/2198

vt 188.659 113.53
f 1950/3615/2198 1898/3279/2198 1949/3616/2198

vt 190.003 111.438
f 1949/3616/2198 1898/3279/2198 1900/3617/2198

vt 190.393 113.168
f 1949/3616/2198 1900/3617/2198 1948/3618/2198

vt 192.197 111.518
f 1948/3618/2198 1900/3617/2198 1902/3619/2198

vt 192.162 113.266
f 1948/3618/2198 1902/3619/2198 1947/3620/2198

vt 193.846 113.819
f 1947/3620/2198 1902/3619/2198 1946/3621/2198

vt 194.296 112.163
f 1946/3621/2198 1902/3619/2198 1904/3622/2198

vt 195.329 114.789
f 1946/3621/2198 1904/3622/2198 1945/3623/2198

f 1945/3623/2198 1904/3622/2198 1905/3421/2198

vt 196.51 116.109
f 1945/3623/2198 1905/3421/2198 1943/3624/2198

f 1943/3624/2198 1905/3421/2198 1906/3422/2198

vt 197.309 117.691
f 1943/3624/2198 1906/3422/2198 1944/3625/2198

v 160.784 119.425 -197.672
vt 197.672 119.425
f 1944/3625/2198 1906/3422/2198 1952/3626/2198

f 1952/3626/2198 1906/3422/2198 1907/3423/2198

f 1952/3626/2198 1907/3423/2198 1910/3426/2198

f 1910/3426/2198 1907/3423/2198 1909/3425/2198

f 1909/3425/2198 1907/3423/2198 1908/3424/2198

v 160.784 121.194 -197.574
vt 197.574 121.194
f 1910/3426/2198 1953/3627/2198 1952/3626/2198

f 1911/3427/2198 1953/3627/2198 1910/3426/2198

v 160.784 122.878 -197.021
vt 197.021 122.878
f 1911/3427/2198 1954/3628/2198 1953/3627/2198

v 160.784 124.361 -196.051
vt 196.051 124.361
f 1911/3427/2198 1955/3629/2198 1954/3628/2198

f 1912/3428/2198 1955/3629/2198 1911/3427/2198

v 160.784 125.542 -194.73
vt 194.73 125.542
f 1912/3428/2198 1956/3630/2198 1955/3629/2198

f 1913/3429/2198 1956/3630/2198 1912/3428/2198

v 160.784 126.341 -193.149
vt 193.149 126.341
f 1913/3429/2198 1957/3631/2198 1956/3630/2198

f 1914/3430/2198 1957/3631/2198 1913/3429/2198

v 160.784 126.704 -191.414
vt 191.414 126.704
f 1914/3430/2198 1958/3632/2198 1957/3631/2198

v 160.784 126.606 -189.645
vt 189.645 126.606
f 1914/3430/2198 1959/3633/2198 1958/3632/2198

f 1915/3431/2198 1959/3633/2198 1914/3430/2198

v 160.784 126.053 -187.962
vt 187.962 126.053
f 1915/3431/2198 1960/3634/2198 1959/3633/2198

f 1916/3432/2198 1960/3634/2198 1915/3431/2198

f 1916/3432/2198 1917/3536/2198 1960/3634/2198

vt -139.94 216.82
vn -0.0516911 -0.899985 -0.432846
vt -177.272 213.38
vt -177.136 211.614
vn -0.0495883 -0.757371 -0.651099
vt -139.763 214.506
f 1931/3635/2226 1960/3636/2226 1917/3637/2227 1932/3638/2227 

vt -153.071 198.677
vn -0.0540889 -0.981222 -0.185142
vt -189.995 192.162
vt -189.716 190.412
vt -152.706 196.386
f 1930/3639/2228 1959/3640/2228 1960/3641/2226 1931/3642/2226 

vt -222.671 59.6137
vn -0.056618 -0.995566 0.0751149
vt -248.92 32.8319
vt -247.676 31.5703
vt -221.042 57.9616
f 1929/3643/2229 1958/3644/2229 1959/3645/2228 1930/3646/2228 

vt 66.25 -188.054
vn -0.059106 -0.942066 0.330179
vt 102.581 -197.367
vt 103.05 -195.658
vt 66.864 -185.816
f 1928/3647/2230 1957/3648/2230 1958/3649/2229 1929/3650/2229 

vt 96.4316 -129.989
vn -0.0613833 -0.824395 0.562676
vt 133.748 -133.797
vt 133.956 -132.038
vt 96.7042 -127.685
f 1927/3651/2231 1956/3652/2231 1957/3653/2230 1928/3654/2230 

vt 104.471 -71.1343
vn -0.0632951 -0.650594 0.756783
vt 141.929 -73.1756
vt 142.052 -71.408
vt 104.631 -68.8195
f 1926/3655/2232 1955/3656/2232 1956/3657/2231 1927/3658/2231 

vt 107.86 -9.96898
vn -0.0647116 -0.432514 0.899302
vt 145.361 -11.0497
vt 145.435 -9.27931
vt 107.956 -7.65063
f 1925/3659/2233 1954/3660/2233 1955/3661/2232 1926/3662/2232 

vt 109.436 50.7742
vn -0.0655367 -0.185008 0.980549
vt 146.953 50.3699
vt 146.991 52.1414
vt 109.486 53.094
f 1924/3663/2234 1953/3664/2234 1954/3665/2233 1925/3666/2233 

vt 110.007 107.561
vn -0.0657143 0.075083 0.99501
vt 147.526 107.724
vt 147.532 109.496
vt 110.015 109.881
f 1923/3667/2235 1952/3668/2235 1953/3669/2234 1924/3670/2234 

vt 109.799 156.902
vt 147.311 157.618
vt 147.287 159.389
vt 109.768 159.222
f 1922/3671/2215 1944/3672/2215 1952/3673/2235 1923/3674/2235 

vt -134.975 210.128
vt -135.075 212.446
vt -172.5 210.317
vt -172.424 208.547
f 1920/3675/2212 1932/3676/2227 1917/3677/2227 1918/3678/2212 

v 158.408 102.302 -194.508
vt 194.508 102.302
f 1903/3622/2139 1961/3679/2139 1871/3421/2139

v 158.408 103.128 -193.619
vt 193.619 103.128
f 1903/3622/2139 1962/3680/2139 1961/3679/2139

v 158.408 103.696 -192.548
vt 192.548 103.696
f 1903/3622/2139 1963/3681/2139 1962/3680/2139

f 1901/3619/2139 1963/3681/2139 1903/3622/2139

v 158.408 103.967 -191.365
vt 191.365 103.967
f 1901/3619/2139 1964/3682/2139 1963/3681/2139

v 158.408 103.923 -190.153
vt 190.153 103.923
f 1901/3619/2139 1965/3683/2139 1964/3682/2139

f 1899/3617/2139 1965/3683/2139 1901/3619/2139

v 158.408 103.566 -188.994
vt 188.994 103.566
f 1899/3617/2139 1966/3684/2139 1965/3683/2139

f 1899/3617/2139 1806/3280/2139 1966/3684/2139

f 1805/3279/2139 1806/3280/2139 1899/3617/2139

usemtl FrontColor
vt 158.408 213.926
vt 159.283 213.926
v 159.283 103.566 -188.994
vt 159.283 215.138
vt 158.408 215.138
f 1806/3685/2164 1807/3686/2164 1967/3687/2210 1966/3688/2210 

usemtl Color_M00
vt 188.479 102.254
f 1807/3280/2132 1814/3689/2132 1967/3684/2132

vt 187.827 101.524
f 1807/3280/2132 1812/3690/2132 1814/3689/2132

f 1807/3280/2132 1808/3285/2132 1812/3690/2132

vt 189.299 102.79
f 1967/3684/2132 1814/3689/2132 1816/3691/2132

v 159.283 103.923 -190.153
f 1967/3684/2132 1816/3691/2132 1968/3683/2132

vt 190.229 103.095
f 1968/3683/2132 1816/3691/2132 1818/3692/2132

v 159.283 103.967 -191.365
f 1968/3683/2132 1818/3692/2132 1969/3682/2132

vt 191.206 103.15
f 1969/3682/2132 1818/3692/2132 1820/3693/2132

vt 192.164 102.949
f 1969/3682/2132 1820/3693/2132 1822/3694/2132

v 159.283 103.696 -192.548
f 1969/3682/2132 1822/3694/2132 1970/3681/2132

vt 193.038 102.508
f 1970/3681/2132 1822/3694/2132 1824/3695/2132

v 159.283 103.128 -193.619
f 1970/3681/2132 1824/3695/2132 1971/3680/2132

vt 193.768 101.855
f 1971/3680/2132 1824/3695/2132 1826/3696/2132

v 159.283 102.302 -194.508
f 1971/3680/2132 1826/3696/2132 1972/3679/2132

vt 194.303 101.036
f 1972/3679/2132 1826/3696/2132 1828/3697/2132

vt 194.609 100.106
f 1972/3679/2132 1828/3697/2132 1830/3698/2132

v 159.283 101.274 -195.152
vt 195.152 101.274
f 1972/3679/2132 1830/3698/2132 1973/3699/2132

vt 194.663 99.1282
f 1973/3699/2132 1830/3698/2132 1832/3700/2132

f 1973/3699/2132 1832/3700/2132 1868/3414/2132

vt 194.463 98.17
f 1834/3701/2132 1868/3414/2132 1832/3700/2132

vt 194.021 97.2964
f 1836/3702/2132 1868/3414/2132 1834/3701/2132

f 1836/3702/2132 1866/3413/2132 1868/3414/2132

vt 193.369 96.5667
f 1838/3703/2132 1866/3413/2132 1836/3702/2132

f 1838/3703/2132 1864/3415/2132 1866/3413/2132

vt 192.549 96.0309
f 1840/3704/2132 1864/3415/2132 1838/3703/2132

f 1840/3704/2132 1862/3416/2132 1864/3415/2132

vt 191.619 95.7254
f 1842/3705/2132 1862/3416/2132 1840/3704/2132

vt 190.642 95.671
f 1844/3706/2132 1862/3416/2132 1842/3705/2132

f 1844/3706/2132 1860/3417/2132 1862/3416/2132

vt 189.684 95.8715
f 1846/3707/2132 1860/3417/2132 1844/3706/2132

f 1846/3707/2132 1858/3418/2132 1860/3417/2132

vt 188.81 96.3131
f 1848/3708/2132 1858/3418/2132 1846/3707/2132

f 1848/3708/2132 1855/3384/2132 1858/3418/2132

vt 188.08 96.9658
f 1850/3709/2132 1855/3384/2132 1848/3708/2132

f 1852/3383/2132 1855/3384/2132 1850/3709/2132

v 159.283 97.7208 -195.282
f 1973/3699/2132 1868/3414/2132 1974/3419/2132

usemtl FrontColor
vt -158.408 176.554
vt -158.408 177.767
vt -159.283 177.767
vt -159.283 176.554
f 1867/3710/2195 1869/3711/2201 1974/3712/2201 1868/3713/2195 

vt -158.408 138.886
vt -158.408 140.099
vn -7.07835e-19 -0.0943148 -0.995542
v 159.283 98.903 -195.553
vt -159.283 140.099
vt -159.283 138.886
f 1869/3714/2201 1870/3715/2236 1975/3716/2236 1974/3717/2201 

vt -158.408 91.7121
v 158.408 100.115 -195.509
vt -158.408 92.925
vn 2.90734e-18 0.166564 -0.986031
v 159.283 100.115 -195.509
vt -159.283 92.925
vt -159.283 91.7121
f 1870/3718/2236 1976/3719/2237 1977/3720/2237 1975/3721/2236 

usemtl Color_M00
vt 195.509 100.115
f 1871/3421/2139 1976/3722/2139 1870/3420/2139

v 158.408 101.274 -195.152
f 1871/3421/2139 1978/3699/2139 1976/3722/2139

f 1871/3421/2139 1961/3679/2139 1978/3699/2139

usemtl FrontColor
vt -158.408 -17.8663
vn 3.61517e-18 0.416092 -0.909322
vt -158.408 -16.6534
vt -159.283 -16.6534
vt -159.283 -17.8663
f 1978/3723/2238 1961/3724/2205 1972/3725/2205 1973/3726/2238 

vt -158.408 -71.5902
vt -159.283 -71.5902
vt -159.283 -72.8031
vt -158.408 -72.8031
f 1962/3727/2206 1971/3728/2206 1972/3729/2205 1961/3730/2205 

vt -158.408 -121.607
vt -159.283 -121.607
vt -159.283 -122.82
vt -158.408 -122.82
f 1963/3731/2207 1970/3732/2207 1971/3733/2206 1962/3734/2206 

vt -158.408 -163.295
vt -159.283 -163.295
vt -159.283 -164.508
vt -158.408 -164.508
f 1964/3735/2208 1969/3736/2208 1970/3737/2207 1963/3738/2207 

vt 158.408 193.814
vt 159.283 193.814
vt 159.283 195.027
vt 158.408 195.027
f 1965/3739/2209 1968/3740/2209 1969/3741/2208 1964/3742/2208 

vt 158.408 211.083
vt 159.283 211.083
vt 159.283 212.296
vt 158.408 212.296
f 1966/3743/2210 1967/3744/2210 1968/3745/2209 1965/3746/2209 

vt -158.408 38.2468
vt -158.408 39.4597
vt -159.283 39.4597
vt -159.283 38.2468
f 1976/3747/2237 1978/3748/2238 1973/3749/2238 1977/3750/2237 

usemtl Color_M00
f 1973/3699/2132 1974/3419/2132 1977/3722/2132

f 1977/3722/2132 1974/3419/2132 1975/3420/2132

vt -158.408 10.25
vn -8.11438e-17 -1.14482e-17 -1
vt -99.208 10.25
vt -99.208 153.945
vt -101.02 153.945
vt -101.177 152.579
vt -184.32 162.106
vt -184.163 163.472
vt -187.178 161.324
vt -158.158 151.557
vt -157.845 151.557
vt -157.845 149.722
vt -158.408 149.722
f 1578/3751/2239 1596/3752/2239 1599/3753/2239 1600/3754/2239 1601/3755/2239 1602/3756/2239 1603/3757/2239 1604/3758/2239 1620/3759/2239 1621/3760/2239 1623/3761/2239 1624/3762/2239 

v 99.208 106.748 -201.336
vt -201.336 106.748
f 1596/2873/2142 1979/3763/2142 1599/2876/2142

v 99.208 13.8612 -201.006
vt -201.006 13.8612
f 1596/2873/2142 1980/3764/2142 1979/3763/2142

f 1596/2873/2142 1597/2872/2142 1980/3764/2142

v 98.583 13.8612 -201.006
vt -98.583 201.006
vt -99.208 201.006
vt -99.208 149.818
v 98.583 13.8612 -149.818
vt -98.583 149.818
f 1981/3765/2141 1980/3766/2141 1597/3767/2141 1982/3768/2141 

v 98.583 85.6112 -201.006
vt -98.583 85.6112
v 99.208 85.6112 -201.006
vt -99.208 85.6112
vt -99.208 13.8612
vt -98.583 13.8612
f 1983/3769/2153 1984/3770/2153 1980/3771/2153 1981/3772/2153 

vt 98.583 201.006
v 98.583 85.6112 -199.218
vt 98.583 199.218
v 99.208 85.6112 -199.218
vt 99.208 199.218
vt 99.208 201.006
f 1983/3773/2143 1985/3774/2143 1986/3775/2143 1984/3776/2143 

v 98.583 85.6112 -149.818
vt -149.818 85.6112
v 98.583 85.6112 -151.606
vt -151.606 85.6112
v 98.583 15.6489 -151.606
vt -151.606 15.6489
v 98.583 15.6489 -199.218
vt -199.218 15.6489
vt -199.218 85.6112
vt -201.006 85.6112
f 1987/3777/2142 1988/3778/2142 1989/3779/2142 1990/3780/2142 1985/3781/2142 1983/3782/2142 1981/3764/2142 1982/2872/2142 

v 99.208 85.6112 -149.818
vt 99.208 149.818
v 99.208 85.6112 -151.606
vt 99.208 151.606
vt 98.583 151.606
vt 98.583 149.818
f 1991/3783/2143 1992/3784/2143 1988/3785/2143 1987/3786/2143 

v 99.208 108.575 -150.527
vt -150.527 108.575
f 1991/3777/2142 1993/3787/2142 1992/3778/2142

f 1993/3787/2142 1991/3777/2142 1598/2874/2142

f 1597/2872/2142 1598/2874/2142 1991/3777/2142

vt 98.583 13.8612
vt 99.208 13.8612
vt 99.208 85.6112
vt 98.583 85.6112
f 1982/3788/2151 1597/3789/2151 1991/3790/2151 1987/3791/2151 

v 101.02 146.061 -148.961
vt -101.02 139.717
vn 0 0.0417351 -0.999129
v 101.02 108.575 -150.527
vt -101.02 102.198
vt -99.208 102.198
vt -99.208 139.717
f 1994/3792/2240 1995/3793/2240 1993/3794/2240 1598/3795/2240 

v 101.02 144.864 -150.159
vt -150.159 144.864
f 1996/3796/2142 1995/3787/2142 1994/2874/2142

v 101.02 109.772 -151.724
vt -151.724 109.772
f 1995/3787/2142 1996/3796/2142 1997/3797/2142

vt 101.02 102.9
vn 0 -0.0445772 0.999006
vt 101.02 138.026
v 88.833 144.864 -150.159
vt 88.833 138.026
v 88.833 109.772 -151.724
vt 88.833 102.9
f 1997/3798/2241 1996/3799/2241 1998/3800/2241 1999/3801/2241 

vt 101.02 150.159
v 101.02 144.864 -200.139
vt 101.02 200.139
v 88.833 144.864 -200.139
vt 88.833 200.139
vt 88.833 150.159
f 1996/3802/2143 2000/3803/2143 2001/3804/2143 1998/3805/2143 

v 101.02 146.061 -201.336
vt -201.336 146.061
vt -200.139 144.864
f 1996/3796/2142 2002/3806/2142 2000/3807/2142

f 2002/3806/2142 1996/3796/2142 1994/2874/2142

vt -101.02 201.336
vt -101.02 148.961
vt -99.208 148.961
v 99.208 146.061 -201.336
vt -99.208 201.336
f 2002/3808/2141 1994/3809/2141 1598/3810/2141 2003/3811/2141 

f 1598/2874/2142 1599/2876/2142 2003/3806/2142

f 2003/3806/2142 1599/2876/2142 1979/3763/2142

v 101.02 106.748 -201.336
vt 101.02 106.748
vt 101.02 146.061
vt 99.208 146.061
vt 99.208 106.748
f 2004/3812/2151 2002/3813/2151 2003/3814/2151 1979/3815/2151 

v 101.02 107.945 -200.139
vt -200.139 107.945
f 2004/3763/2142 2005/3816/2142 2002/3806/2142

f 2004/3763/2142 1997/3797/2142 2005/3816/2142

f 1995/3787/2142 1997/3797/2142 2004/3763/2142

vt -101.02 -146.529
vn 0 0.999354 -0.0359265
vt -101.02 -197.371
vt -99.208 -197.371
vt -99.208 -146.529
f 1995/3817/2242 2004/3818/2242 1979/3819/2242 1993/3820/2242 

f 1992/3778/2142 1993/3787/2142 1979/3763/2142

f 1992/3778/2142 1979/3763/2142 1986/3781/2142

f 1986/3781/2142 1979/3763/2142 1984/3782/2142

f 1984/3782/2142 1979/3763/2142 1980/3764/2142

f 1986/3775/2143 1985/3774/2143 1988/3785/2143 1992/3784/2143 

v 56.208 85.6112 -199.218
vt 56.208 199.218
v 56.208 85.6112 -193.232
vt 56.208 193.232
v 56.208 85.6112 -157.591
vt 56.208 157.591
v 56.208 85.6112 -151.606
vt 56.208 151.606
f 1985/3774/2143 2006/3821/2143 2007/3822/2143 2008/3823/2143 2009/3824/2143 1988/3785/2143 

vt -56.208 85.6112
vt -98.583 15.6489
v 56.208 15.6489 -199.218
vt -56.208 15.6489
f 2006/3825/2153 1985/3769/2153 1990/3826/2153 2010/3827/2153 

vt -56.208 199.218
vt -98.583 199.218
vt -98.583 151.606
v 56.208 15.6489 -151.606
vt -56.208 151.606
f 2010/3828/2141 1990/3829/2141 1989/3830/2141 2011/3831/2141 

vt 56.208 15.6489
vt 98.583 15.6489
f 1988/3791/2151 2011/3832/2151 1989/3833/2151

v 90.973 76.5612 -151.606
vt 90.973 76.5612
f 2011/3832/2151 1988/3791/2151 2012/3834/2151

v 90.973 83.6862 -151.606
vt 90.973 83.6862
f 2012/3834/2151 1988/3791/2151 2013/3835/2151

v 63.2855 83.6862 -151.606
vt 63.2855 83.6862
f 2013/3835/2151 1988/3791/2151 2014/3836/2151

vt 56.208 85.6112
f 2009/3837/2151 2014/3836/2151 1988/3791/2151

v 63.2855 76.5612 -151.606
vt 63.2855 76.5612
f 2009/3837/2151 2015/3838/2151 2014/3836/2151

f 2011/3832/2151 2015/3838/2151 2009/3837/2151

f 2015/3838/2151 2011/3832/2151 2012/3834/2151

v 82.3056 76.5612 -151.606
vt 82.3056 76.5612
f 2015/3838/2151 2012/3834/2151 2016/3839/2151

vt -82.3056 151.606
vn -1.0845e-15 -1 7.10765e-16
vt -90.973 151.606
v 90.973 76.5612 -148.731
vt -90.973 148.731
v 82.3056 76.5612 -148.731
vt -82.3056 148.731
v 82.3056 76.5612 -149.856
vt -82.3056 149.856
f 2016/3840/2243 2012/3841/2243 2017/3842/2243 2018/3843/2243 2019/3844/2243 

vt 151.606 76.5612
vt 151.606 83.6862
v 90.973 83.6862 -148.731
vt 148.731 83.6862
vt 148.731 76.5612
f 2012/3845/2139 2013/3846/2139 2020/3847/2139 2017/3848/2139 

vt 90.973 151.606
vt 63.2855 151.606
v 63.2855 83.6862 -148.731
vt 63.2855 148.731
vt 90.973 148.731
f 2013/3849/2143 2014/3850/2143 2021/3851/2143 2020/3852/2143 

vt -151.606 83.6862
vt -151.606 76.5612
v 63.2855 76.5612 -148.731
vt -148.731 76.5612
vt -148.731 83.6862
f 2014/3853/2142 2015/3854/2142 2022/3855/2142 2021/3856/2142 

vt -63.2855 151.606
vn 2.1682e-15 -1 -4.5489e-15
v 72.2431 76.5612 -151.606
vt -72.2431 151.606
v 72.2431 76.5612 -149.856
vt -72.2431 149.856
v 72.2431 76.5612 -148.731
vt -72.2431 148.731
vt -63.2855 148.731
f 2015/3857/2244 2023/3858/2244 2024/3859/2244 2025/3860/2244 2022/3861/2244 

vt 72.2431 76.5612
f 2016/3839/2151 2023/3862/2151 2015/3838/2151

v 82.3056 78.1237 -151.606
vt 82.3056 78.1237
f 2023/3862/2151 2016/3839/2151 2026/3863/2151

vn -1 1.41226e-15 -2.29365e-29
vt -149.856 76.5612
v 82.3056 78.1237 -149.856
vt -149.856 78.1237
vt -151.606 78.1237
f 2016/3854/2245 2019/3864/2245 2027/3865/2245 2026/3866/2245 

vt -82.3056 76.5612
v 82.3056 75.2487 -149.856
vt -82.3056 75.2487
v 72.2431 75.2487 -149.856
vt -72.2431 75.2487
vt -72.2431 76.5612
v 72.2431 78.1237 -149.856
vt -72.2431 78.1237
vt -82.3056 78.1237
f 2019/3867/2153 2028/3868/2153 2029/3869/2153 2024/3870/2153 2030/3871/2153 2027/3872/2153 

vt 149.856 76.5612
v 82.3056 75.2487 -148.731
vt 148.731 75.2487
vt 149.856 75.2487
f 2019/3873/2139 2018/3848/2139 2031/3874/2139 2028/3875/2139 

v 72.2431 75.2487 -148.731
vt 72.2431 75.2487
vt 82.3056 75.2487
f 2020/3835/2151 2021/3836/2151 2022/3838/2151 2025/3862/2151 2032/3876/2151 2031/3877/2151 2018/3839/2151 2017/3834/2151 

vt -149.856 75.2487
vt -148.731 75.2487
f 2025/3855/2142 2024/3864/2142 2029/3878/2142 2032/3879/2142 

f 2032/3860/2141 2029/3859/2141 2028/3844/2141 2031/3843/2141 

vn 1 -1.41226e-15 -0
v 72.2431 78.1237 -151.606
vt 151.606 78.1237
vt 149.856 78.1237
f 2024/3873/2246 2023/3845/2246 2033/3880/2246 2030/3881/2246 

vt 72.2431 78.1237
f 2023/3862/2151 2026/3863/2151 2033/3882/2151

vn -1.41226e-15 -1 8.12049e-15
f 2033/3858/2247 2026/3840/2247 2027/3844/2247 2030/3859/2247 

vt -157.591 85.6112
v 56.208 21.6345 -157.591
vt -157.591 21.6345
v 56.208 21.6345 -193.232
vt -193.232 21.6345
vt -193.232 85.6112
f 2009/3778/2142 2008/3883/2142 2034/3884/2142 2035/3885/2142 2007/3886/2142 2006/3781/2142 2010/3780/2142 2011/3779/2142 

v 49.208 85.6112 -157.591
vt 49.208 85.6112
v 49.208 21.6345 -157.591
vt 49.208 21.6345
vt 56.208 21.6345
f 2036/3887/2151 2037/3888/2151 2034/3889/2151 2008/3837/2151 

v 49.208 21.6345 -193.232
v 49.208 85.6112 -193.232
f 2038/3885/2142 2037/3884/2142 2036/3883/2142 2039/3886/2142 

vt -49.208 157.591
vt -49.208 193.232
vt -56.208 193.232
vt -56.208 157.591
f 2037/3890/2141 2038/3891/2141 2035/3892/2141 2034/3893/2141 

vt -49.208 21.6345
vt -49.208 85.6112
vt -56.208 21.6345
f 2038/3894/2153 2039/3895/2153 2007/3825/2153 2035/3896/2153 

vt 49.208 193.232
vt 49.208 157.591
f 2039/3897/2143 2036/3898/2143 2008/3823/2143 2007/3822/2143 

vt 101.02 -195.927
vn 0 -0.999289 0.0377007
vt 101.02 -147.478
vt 88.833 -147.478
v 88.833 107.945 -200.139
vt 88.833 -195.927
f 2005/3899/2248 1997/3900/2248 1999/3901/2248 2040/3902/2248 

v 88.833 110.771 -152.723
vt -152.723 110.771
f 1999/3797/2142 2041/3903/2142 2040/3816/2142

v 88.833 143.865 -151.158
vt -151.158 143.865
f 1999/3797/2142 2042/3904/2142 2041/3903/2142

f 2042/3904/2142 1999/3797/2142 1998/3796/2142

f 2001/3807/2142 2042/3904/2142 1998/3796/2142

v 88.833 143.865 -199.14
vt -199.14 143.865
f 2042/3904/2142 2001/3807/2142 2043/3905/2142

v 88.833 108.944 -199.14
vt -199.14 108.944
f 2043/3905/2142 2001/3807/2142 2044/3906/2142

f 2040/3816/2142 2044/3906/2142 2001/3807/2142

f 2040/3816/2142 2041/3903/2142 2044/3906/2142

vt 88.833 -194.702
vn 0 -0.999227 0.039321
vt 88.833 -148.25
v 78.3955 110.771 -152.723
vt 78.3955 -148.25
v 78.3955 108.944 -199.14
vt 78.3955 -194.702
f 2044/3907/2249 2041/3908/2249 2045/3909/2249 2046/3910/2249 

vt 88.833 103.429
vn 0 -0.0472626 0.998882
vt 88.833 136.56
v 78.3955 143.865 -151.158
vt 78.3955 136.56
vt 78.3955 103.429
f 2041/3911/2250 2042/3912/2250 2047/3913/2250 2045/3914/2250 

vt 88.833 151.158
vt 88.833 199.14
v 78.3955 143.865 -199.14
vt 78.3955 199.14
vt 78.3955 151.158
f 2042/3915/2143 2043/3916/2143 2048/3917/2143 2047/3918/2143 

vt -88.833 143.865
vt -88.833 108.944
vt -78.3955 108.944
vt -78.3955 143.865
f 2043/3919/2153 2044/3920/2153 2046/3921/2153 2048/3922/2153 

v 78.3955 142.762 -197.971
vt -197.971 142.762
f 2046/3906/2142 2049/3923/2142 2048/3905/2142

v 78.3955 142.697 -197.963
vt -197.963 142.697
f 2046/3906/2142 2050/3924/2142 2049/3923/2142

v 78.3955 142.637 -197.938
vt -197.938 142.637
f 2046/3906/2142 2051/3925/2142 2050/3924/2142

v 78.3955 142.585 -197.898
vt -197.898 142.585
f 2046/3906/2142 2052/3926/2142 2051/3925/2142

v 78.3955 142.545 -197.846
vt -197.846 142.545
f 2046/3906/2142 2053/3927/2142 2052/3926/2142

v 78.3955 142.52 -197.786
vt -197.786 142.52
f 2046/3906/2142 2054/3928/2142 2053/3927/2142

v 78.3955 142.512 -197.721
vt -197.721 142.512
f 2046/3906/2142 2055/3929/2142 2054/3928/2142

v 78.3955 142.52 -197.657
vt -197.657 142.52
f 2046/3906/2142 2056/3930/2142 2055/3929/2142

v 78.3955 142.545 -197.596
vt -197.596 142.545
f 2046/3906/2142 2057/3931/2142 2056/3930/2142

v 78.3955 142.585 -197.545
vt -197.545 142.585
f 2046/3906/2142 2058/3932/2142 2057/3931/2142

v 78.3955 142.637 -197.505
vt -197.505 142.637
f 2046/3906/2142 2059/3933/2142 2058/3932/2142

v 78.3955 142.697 -197.48
vt -197.48 142.697
f 2046/3906/2142 2060/3934/2142 2059/3933/2142

v 78.3955 142.762 -197.471
vt -197.471 142.762
f 2046/3906/2142 2061/3935/2142 2060/3934/2142

f 2061/3935/2142 2046/3906/2142 2045/3903/2142

v 78.3955 142.826 -197.48
vt -197.48 142.826
f 2045/3903/2142 2062/3936/2142 2061/3935/2142

v 78.3955 142.887 -197.505
vt -197.505 142.887
f 2045/3903/2142 2063/3937/2142 2062/3936/2142

v 78.3955 142.939 -197.545
vt -197.545 142.939
f 2045/3903/2142 2064/3938/2142 2063/3937/2142

v 78.3955 142.978 -197.596
vt -197.596 142.978
f 2045/3903/2142 2065/3939/2142 2064/3938/2142

v 78.3955 142.895 -152.618
vt -152.618 142.895
f 2066/3940/2142 2065/3939/2142 2045/3903/2142

f 2066/3940/2142 2048/3905/2142 2065/3939/2142

v 78.3955 143.01 -152.615
vt -152.615 143.01
f 2067/3941/2142 2048/3905/2142 2066/3940/2142

v 78.3955 143.119 -152.583
vt -152.583 143.119
f 2068/3942/2142 2048/3905/2142 2067/3941/2142

v 78.3955 143.216 -152.523
vt -152.523 143.216
f 2069/3943/2142 2048/3905/2142 2068/3942/2142

v 78.3955 143.295 -152.44
vt -152.44 143.295
f 2070/3944/2142 2048/3905/2142 2069/3943/2142

v 78.3955 143.349 -152.34
vt -152.34 143.349
f 2071/3945/2142 2048/3905/2142 2070/3944/2142

v 78.3955 143.376 -152.229
vt -152.229 143.376
f 2072/3946/2142 2048/3905/2142 2071/3945/2142

f 2072/3946/2142 2047/3904/2142 2048/3905/2142

v 78.3955 143.373 -152.114
vt -152.114 143.373
f 2073/3947/2142 2047/3904/2142 2072/3946/2142

v 78.3955 143.341 -152.005
vt -152.005 143.341
f 2074/3948/2142 2047/3904/2142 2073/3947/2142

v 78.3955 143.281 -151.908
vt -151.908 143.281
f 2075/3949/2142 2047/3904/2142 2074/3948/2142

v 78.3955 143.198 -151.829
vt -151.829 143.198
f 2076/3950/2142 2047/3904/2142 2075/3949/2142

v 78.3955 143.098 -151.775
vt -151.775 143.098
f 2077/3951/2142 2047/3904/2142 2076/3950/2142

v 78.3955 142.987 -151.748
vt -151.748 142.987
f 2047/3904/2142 2077/3951/2142 2078/3952/2142

v 88.708 142.987 -151.748
vt -88.708 174.408
vn 0 -0.104071 -0.99457
vt -78.3955 174.408
vt -78.3955 174.522
vn 0 -0.357938 -0.933745
v 88.708 143.098 -151.775
vt -88.708 174.522
f 2079/3953/2251 2078/3954/2251 2077/3955/2252 2080/3956/2252 

v 88.708 142.872 -151.751
vt -88.708 138.779
vn 0 0.156889 -0.987616
v 78.3955 142.872 -151.751
vt -78.3955 138.779
vt -78.3955 138.894
vt -88.708 138.894
f 2081/3957/2253 2082/3958/2253 2078/3959/2251 2079/3960/2251 

v 88.708 142.763 -151.784
vt -88.708 93.6893
vn 0 0.407157 -0.913358
v 78.3955 142.763 -151.784
vt -78.3955 93.6893
vt -78.3955 93.8036
vt -88.708 93.8036
f 2083/3961/2254 2084/3962/2254 2082/3963/2253 2081/3964/2253 

v 88.708 142.665 -151.843
vt -88.708 42.2106
vn 0 0.629678 -0.776856
v 78.3955 142.665 -151.843
vt -78.3955 42.2106
vt -78.3955 42.3248
vt -88.708 42.3248
f 2085/3965/2255 2086/3966/2255 2084/3967/2254 2083/3968/2254 

v 88.708 142.587 -151.926
vt -88.708 -12.1487
vn 0 0.809287 -0.587413
v 78.3955 142.587 -151.926
vt -78.3955 -12.1487
vt -78.3955 -12.0345
vt -88.708 -12.0345
f 2087/3969/2256 2088/3970/2256 2086/3971/2255 2085/3972/2255 

v 88.708 142.532 -152.027
vt -88.708 -65.6839
vn 0 0.933745 -0.357938
v 78.3955 142.532 -152.027
vt -78.3955 -65.6839
vt -78.3955 -65.5697
vt -88.708 -65.5697
f 2089/3973/2257 2090/3974/2257 2088/3975/2256 2087/3976/2256 

v 88.708 142.506 -152.138
vt -88.708 -114.747
vn 0 0.99457 -0.104071
v 78.3955 142.506 -152.138
vt -78.3955 -114.747
vt -78.3955 -114.633
vt -88.708 -114.633
f 2091/3977/2258 2092/3978/2258 2090/3979/2257 2089/3980/2257 

v 88.708 142.509 -152.252
vt 88.708 155.994
vn 0 0.987616 0.156889
v 78.3955 142.509 -152.252
vt 78.3955 155.994
vt 78.3955 155.88
vt 88.708 155.88
f 2093/3981/2259 2094/3982/2259 2092/3983/2258 2091/3984/2258 

v 88.708 142.541 -152.361
vt 88.708 186.614
vn 0 0.913358 0.407157
v 78.3955 142.541 -152.361
vt 78.3955 186.614
vt 78.3955 186.5
vt 88.708 186.5
f 2095/3985/2260 2096/3986/2260 2094/3987/2259 2093/3988/2259 

v 88.708 142.601 -152.459
vt 88.708 204.52
vn 0 0.776856 0.629678
v 78.3955 142.601 -152.459
vt 78.3955 204.52
vt 78.3955 204.406
vt 88.708 204.406
f 2097/3989/2261 2098/3990/2261 2096/3991/2260 2095/3992/2260 

v 88.708 142.684 -152.537
vt 88.708 208.493
vn 0 0.587413 0.809287
v 78.3955 142.684 -152.537
vt 78.3955 208.493
vt 78.3955 208.379
vt 88.708 208.379
f 2099/3993/2262 2100/3994/2262 2098/3995/2261 2097/3996/2261 

v 88.708 142.784 -152.592
vt 88.708 198.261
vn 0 0.357938 0.933745
v 78.3955 142.784 -152.592
vt 78.3955 198.261
vt 78.3955 198.147
vt 88.708 198.147
f 2101/3997/2263 2102/3998/2263 2100/3999/2262 2099/4000/2262 

v 88.708 142.895 -152.618
vt 88.708 174.522
vn 0 0.104071 0.99457
vt 78.3955 174.522
vt 78.3955 174.408
vt 88.708 174.408
f 2103/4001/2264 2066/4002/2264 2102/4003/2263 2101/4004/2263 

v 88.708 143.01 -152.615
vt 88.708 138.894
vn 0 -0.156889 0.987616
vt 78.3955 138.894
vt 78.3955 138.779
vt 88.708 138.779
f 2104/4005/2265 2067/4006/2265 2066/4007/2264 2103/4008/2264 

v 88.708 143.119 -152.583
vt 88.708 93.8036
vn 0 -0.407157 0.913358
vt 78.3955 93.8036
vt 78.3955 93.6893
vt 88.708 93.6893
f 2105/4009/2266 2068/4010/2266 2067/4011/2265 2104/4012/2265 

v 88.708 143.216 -152.523
vt 88.708 42.3248
vn 0 -0.629678 0.776856
vt 78.3955 42.3248
vt 78.3955 42.2106
vt 88.708 42.2106
f 2106/4013/2267 2069/4014/2267 2068/4015/2266 2105/4016/2266 

v 88.708 143.295 -152.44
vt 88.708 -12.0345
vn 0 -0.809287 0.587413
vt 78.3955 -12.0345
vt 78.3955 -12.1487
vt 88.708 -12.1487
f 2107/4017/2268 2070/4018/2268 2069/4019/2267 2106/4020/2267 

v 88.708 143.349 -152.34
vt 88.708 -65.5697
vn 0 -0.933745 0.357938
vt 78.3955 -65.5697
vt 78.3955 -65.6839
vt 88.708 -65.6839
f 2108/4021/2269 2071/4022/2269 2070/4023/2268 2107/4024/2268 

v 88.708 143.376 -152.229
vt 88.708 -114.633
vn 0 -0.99457 0.104071
vt 78.3955 -114.633
vt 78.3955 -114.747
vt 88.708 -114.747
f 2109/4025/2270 2072/4026/2270 2071/4027/2269 2108/4028/2269 

v 88.708 143.373 -152.114
vt -88.708 155.88
vn 0 -0.987616 -0.156889
vt -78.3955 155.88
vt -78.3955 155.994
vt -88.708 155.994
f 2110/4029/2271 2073/4030/2271 2072/4031/2270 2109/4032/2270 

v 88.708 143.341 -152.005
vt -88.708 186.5
vn 0 -0.913358 -0.407157
vt -78.3955 186.5
vt -78.3955 186.614
vt -88.708 186.614
f 2111/4033/2272 2074/4034/2272 2073/4035/2271 2110/4036/2271 

v 88.708 143.281 -151.908
vt -88.708 204.406
vn 0 -0.776856 -0.629678
vt -78.3955 204.406
vt -78.3955 204.52
vt -88.708 204.52
f 2112/4037/2273 2075/4038/2273 2074/4039/2272 2111/4040/2272 

v 88.708 143.198 -151.829
vt -88.708 208.379
vn 0 -0.587413 -0.809287
vt -78.3955 208.379
vt -78.3955 208.493
vt -88.708 208.493
f 2113/4041/2274 2076/4042/2274 2075/4043/2273 2112/4044/2273 

vt -88.708 198.147
vt -78.3955 198.147
vt -78.3955 198.261
vt -88.708 198.261
f 2080/4045/2252 2077/4046/2252 2076/4047/2274 2113/4048/2274 

vt -152.592 142.784
vt -152.537 142.684
vt -152.459 142.601
vt -152.361 142.541
vt -152.252 142.509
vt -152.138 142.506
vt -152.027 142.532
vt -151.926 142.587
vt -151.843 142.665
vt -151.784 142.763
vt -151.751 142.872
f 2105/3942/2142 2104/3941/2142 2103/3940/2142 2101/4049/2142 2099/4050/2142 2097/4051/2142 2095/4052/2142 2093/4053/2142 2091/4054/2142 2089/4055/2142 2087/4056/2142 2085/4057/2142 2083/4058/2142 2081/4059/2142 2079/3952/2142 2080/3951/2142 2113/3950/2142 2112/3949/2142 2111/3948/2142 2110/3947/2142 2109/3946/2142 2108/3945/2142 2107/3944/2142 2106/3943/2142 

f 2045/3903/2142 2102/4049/2142 2066/3940/2142

f 2045/3903/2142 2100/4050/2142 2102/4049/2142

f 2045/3903/2142 2098/4051/2142 2100/4050/2142

f 2045/3903/2142 2096/4052/2142 2098/4051/2142

f 2045/3903/2142 2094/4053/2142 2096/4052/2142

f 2045/3903/2142 2092/4054/2142 2094/4053/2142

f 2045/3903/2142 2090/4055/2142 2092/4054/2142

f 2045/3903/2142 2088/4056/2142 2090/4055/2142

f 2045/3903/2142 2086/4057/2142 2088/4056/2142

f 2045/3903/2142 2084/4058/2142 2086/4057/2142

f 2045/3903/2142 2082/4059/2142 2084/4058/2142

f 2047/3904/2142 2082/4059/2142 2045/3903/2142

f 2082/4059/2142 2047/3904/2142 2078/3952/2142

v 78.3955 143.003 -197.657
vt -197.657 143.003
f 2065/3939/2142 2048/3905/2142 2114/4060/2142

v 78.3955 143.012 -197.721
vt -197.721 143.012
f 2114/4060/2142 2048/3905/2142 2115/4061/2142

v 78.3955 143.003 -197.786
vt -197.786 143.003
f 2115/4061/2142 2048/3905/2142 2116/4062/2142

v 78.3955 142.978 -197.846
vt -197.846 142.978
f 2116/4062/2142 2048/3905/2142 2117/4063/2142

v 78.3955 142.939 -197.898
vt -197.898 142.939
f 2117/4063/2142 2048/3905/2142 2118/4064/2142

v 78.3955 142.887 -197.938
vt -197.938 142.887
f 2118/4064/2142 2048/3905/2142 2119/4065/2142

v 78.3955 142.826 -197.963
vt -197.963 142.826
f 2119/4065/2142 2048/3905/2142 2120/4066/2142

f 2120/4066/2142 2048/3905/2142 2049/3923/2142

v 89.1455 142.762 -197.971
vt 89.1455 115.7
v 89.1455 142.826 -197.963
vt 89.1455 115.765
vn 0 -0.258819 0.965926
vt 78.3955 115.765
vt 78.3955 115.7
f 2121/4067/2151 2122/4068/2275 2120/4069/2275 2049/4070/2151 

v 89.1455 142.697 -197.48
v 89.1455 142.762 -197.471
v 89.1455 142.826 -197.48
v 89.1455 142.887 -197.505
v 89.1455 142.939 -197.545
v 89.1455 142.978 -197.596
v 89.1455 143.003 -197.657
v 89.1455 143.012 -197.721
v 89.1455 143.003 -197.786
v 89.1455 142.978 -197.846
v 89.1455 142.939 -197.898
v 89.1455 142.887 -197.938
v 89.1455 142.697 -197.963
v 89.1455 142.637 -197.938
v 89.1455 142.585 -197.898
v 89.1455 142.545 -197.846
v 89.1455 142.52 -197.786
v 89.1455 142.512 -197.721
v 89.1455 142.52 -197.657
v 89.1455 142.545 -197.596
v 89.1455 142.585 -197.545
v 89.1455 142.637 -197.505
f 2123/3934/2142 2124/3935/2142 2125/3936/2142 2126/3937/2142 2127/3938/2142 2128/3939/2142 2129/4060/2142 2130/4061/2142 2131/4062/2142 2132/4063/2142 2133/4064/2142 2134/4065/2142 2122/4066/2142 2121/3923/2142 2135/3924/2142 2136/3925/2142 2137/3926/2142 2138/3927/2142 2139/3928/2142 2140/3929/2142 2141/3930/2142 2142/3931/2142 2143/3932/2142 2144/3933/2142 

vt -89.1455 115.765
vt -89.1455 115.7
vn 0 0.258819 -0.965926
vt -78.3955 115.7
vt -78.3955 115.765
f 2124/4071/2153 2123/4072/2276 2060/4073/2276 2061/4074/2153 

vt -89.1455 56.2626
vt -89.1455 56.1973
vn 0 0.5 -0.866025
vt -78.3955 56.1973
vt -78.3955 56.2626
f 2123/4075/2276 2144/4076/2277 2059/4077/2277 2060/4078/2276 

vt -89.1455 -7.07206
vt -89.1455 -7.13733
vn 0 0.707107 -0.707107
vt -78.3955 -7.13733
vt -78.3955 -7.07206
f 2144/4079/2277 2143/4080/2278 2058/4081/2278 2059/4082/2277 

vt -89.1455 -69.9225
vt -89.1455 -69.9878
vn 0 0.866025 -0.5
vt -78.3955 -69.9878
vt -78.3955 -69.9225
f 2143/4083/2278 2142/4084/2279 2057/4085/2279 2058/4086/2278 

vt -89.1455 -128.006
vt -89.1455 -128.071
vn 0 0.965926 -0.258819
vt -78.3955 -128.071
vt -78.3955 -128.006
f 2142/4087/2279 2141/4088/2280 2056/4089/2280 2057/4090/2279 

vt -89.1455 -177.363
vt -89.1455 -177.428
vt -78.3955 -177.428
vt -78.3955 -177.363
f 2141/4091/2280 2140/4092/2143 2055/4093/2143 2056/4094/2280 

vt 89.1455 214.631
vt 89.1455 214.697
vn 0 0.965926 0.258819
vt 78.3955 214.697
vt 78.3955 214.631
f 2140/4095/2143 2139/4096/2281 2054/4097/2281 2055/4098/2143 

vt 89.1455 237.271
vt 89.1455 237.336
vn 0 0.866025 0.5
vt 78.3955 237.336
vt 78.3955 237.271
f 2139/4099/2281 2138/4100/2282 2053/4101/2282 2054/4102/2281 

vt 89.1455 243.738
vt 89.1455 243.803
vn 0 0.707107 0.707107
vt 78.3955 243.803
vt 78.3955 243.738
f 2138/4103/2282 2137/4104/2283 2052/4105/2283 2053/4106/2282 

vt 89.1455 233.593
vt 89.1455 233.658
vn 0 0.5 0.866025
vt 78.3955 233.658
vt 78.3955 233.593
f 2137/4107/2283 2136/4108/2284 2051/4109/2284 2052/4110/2283 

vt 89.1455 207.527
vt 89.1455 207.592
vn 0 0.258819 0.965926
vt 78.3955 207.592
vt 78.3955 207.527
f 2136/4111/2284 2135/4112/2285 2050/4113/2285 2051/4114/2284 

vt 89.1455 167.316
vt 89.1455 167.381
vt 78.3955 167.381
vt 78.3955 167.316
f 2135/4115/2285 2121/4116/2151 2049/4117/2151 2050/4118/2285 

vt -89.1455 167.381
vn 0 -0.258819 -0.965926
vt -89.1455 167.316
vt -78.3955 167.316
vt -78.3955 167.381
f 2125/4119/2286 2124/4120/2153 2061/4121/2153 2062/4122/2286 

vt -89.1455 207.592
vn 0 -0.5 -0.866025
vt -89.1455 207.527
vt -78.3955 207.527
vt -78.3955 207.592
f 2126/4123/2287 2125/4124/2286 2062/4125/2286 2063/4126/2287 

vt -89.1455 233.658
vn 0 -0.707107 -0.707107
vt -89.1455 233.593
vt -78.3955 233.593
vt -78.3955 233.658
f 2127/4127/2288 2126/4128/2287 2063/4129/2287 2064/4130/2288 

vt -89.1455 243.803
vn 0 -0.866025 -0.5
vt -89.1455 243.738
vt -78.3955 243.738
vt -78.3955 243.803
f 2128/4131/2289 2127/4132/2288 2064/4133/2288 2065/4134/2289 

vt -89.1455 237.336
vn 0 -0.965926 -0.258819
vt -89.1455 237.271
vt -78.3955 237.271
vt -78.3955 237.336
f 2129/4135/2290 2128/4136/2289 2065/4137/2289 2114/4138/2290 

vt -89.1455 214.697
vt -89.1455 214.631
vt -78.3955 214.631
vt -78.3955 214.697
f 2130/4139/2141 2129/4140/2290 2114/4141/2290 2115/4142/2141 

vt 89.1455 -177.428
vn 0 -0.965926 0.258819
vt 89.1455 -177.363
vt 78.3955 -177.363
vt 78.3955 -177.428
f 2131/4143/2291 2130/4144/2141 2115/4145/2141 2116/4146/2291 

vt 89.1455 -128.071
vn 0 -0.866025 0.5
vt 89.1455 -128.006
vt 78.3955 -128.006
vt 78.3955 -128.071
f 2132/4147/2292 2131/4148/2291 2116/4149/2291 2117/4150/2292 

vt 89.1455 -69.9878
vn 0 -0.707107 0.707107
vt 89.1455 -69.9225
vt 78.3955 -69.9225
vt 78.3955 -69.9878
f 2133/4151/2293 2132/4152/2292 2117/4153/2292 2118/4154/2293 

vt 89.1455 -7.13733
vn 0 -0.5 0.866025
vt 89.1455 -7.07206
vt 78.3955 -7.07206
vt 78.3955 -7.13733
f 2134/4155/2294 2133/4156/2293 2118/4157/2293 2119/4158/2294 

vt 89.1455 56.1973
vt 89.1455 56.2626
vt 78.3955 56.2626
vt 78.3955 56.1973
f 2122/4159/2275 2134/4160/2294 2119/4161/2294 2120/4162/2275 

vt -101.02 144.864
vt -101.02 107.945
vt -88.833 107.945
vt -88.833 144.864
f 2000/4163/2153 2005/4164/2153 2040/4165/2153 2001/4166/2153 

f 2000/3807/2142 2002/3806/2142 2005/3816/2142

usemtl FrontColor
f 1620/3759/2153 1623/3761/2153 1621/3760/2153

usemtl Color_M02
vn 1 3.84057e-15 -4.46748e-15
f 1833/3701/2295 1831/3700/2295 1829/3698/2295 1827/3697/2295 1825/3696/2295 1823/3695/2295 1821/3694/2295 1819/3693/2295 1817/3692/2295 1815/3691/2295 1813/3689/2295 1811/3690/2295 1809/3285/2295 1810/2841/2295 1853/3382/2295 1851/3383/2295 1849/3709/2295 1847/3708/2295 1845/3707/2295 1843/3706/2295 1841/3705/2295 1839/3704/2295 1837/3703/2295 1835/3702/2295 

usemtl Color_M00
vt 146.465 110.301
vn -0.0680331 -3.39695e-16 0.997683
vt 146.465 110.051
vt 148.754 108.938
vt 148.754 109.188
f 1625/4167/2296 1626/4168/2296 1797/4169/2296 1799/4170/2296 

vt 182.5 109.188
vt 170 109.188
vt 170 108.938
vt 182.5 108.938
f 1798/4171/2139 1799/4172/2139 1797/4173/2139 1796/4174/2139 

v 178.379 158.363 -176.963
vt 176.963 219.576
f 1618/2913/2148 1604/2899/2148 2145/4175/2148

v 178.61 158.44 -177.311
vt 177.311 219.819
f 2145/4175/2148 1604/2899/2148 2146/4176/2148

v 178.918 158.544 -177.583
vt 177.583 220.144
f 2146/4176/2148 1604/2899/2148 2147/4177/2148

v 179.282 158.667 -177.763
vt 177.763 220.529
f 2147/4177/2148 1604/2899/2148 2148/4178/2148

v 179.678 158.8 -177.836
vt 177.836 220.946
f 2148/4178/2148 1604/2899/2148 2149/4179/2148

v 180.079 158.935 -177.799
vt 177.799 221.369
f 2149/4179/2148 1604/2899/2148 2150/4180/2148

v 180.456 159.062 -177.654
vt 177.654 221.768
f 2150/4180/2148 1604/2899/2148 2151/4181/2148

v 180.786 159.173 -177.411
vt 177.411 222.115
f 2151/4181/2148 1604/2899/2148 2152/4182/2148

v 181.044 159.26 -177.086
vt 177.086 222.388
f 2152/4182/2148 1604/2899/2148 2153/4183/2148

v 181.214 159.317 -176.701
vt 176.701 222.567
f 2153/4183/2148 1604/2899/2148 2154/4184/2148

f 2154/4184/2148 1604/2899/2148 1605/2898/2148

vt 140.621 85.1395
vn 0.903954 0.304241 -0.300507
vt 140.197 85.1642
vn 0.946866 0.318684 -0.0434114
v 181.523 158.629 -176.283
vt 140.154 84.4155
v 181.453 158.606 -176.701
vt 140.577 84.3907
f 2154/4185/2297 1605/4186/2298 2155/4187/2298 2156/4188/2297 

vt 192.237 98.8823
vt 191.813 98.8698
vn 0.925251 0.311409 0.216643
v 181.488 158.618 -175.861
vt 191.835 98.1202
vt 192.259 98.1326
f 1605/4189/2298 1606/4190/2299 2157/4191/2299 2155/4192/2298 

vt 229.172 120.201
vt 228.751 120.153
vn 0.840582 0.282912 0.461933
v 181.35 158.571 -175.462
vt 228.837 119.408
vt 229.258 119.456
f 1606/4193/2299 1607/4194/2300 2158/4195/2300 2157/4196/2299 

vt 248.753 142.946
vt 248.337 142.866
vn 0.698629 0.235135 0.675744
v 181.12 158.494 -175.115
vt 248.479 142.13
vt 248.895 142.21
f 1607/4197/2300 1608/4198/2301 2159/4199/2301 2158/4200/2300 

vt 250.562 160.851
vt 250.151 160.745
vn 0.509065 0.171334 0.843503
v 180.812 158.39 -174.842
vt 250.339 160.019
vt 250.75 160.124
f 1608/4201/2301 1609/4202/2302 2160/4203/2302 2159/4204/2301 

vt 235.821 169.37
vt 235.415 169.246
vn 0.284809 0.0958572 0.95378
v 180.447 158.267 -174.663
vt 235.634 168.528
vt 236.04 168.652
f 1609/4205/2302 1610/4206/2303 2161/4207/2303 2160/4208/2302 

vt 206.504 166.625
vt 206.102 166.491
vn 0.0411436 0.0138476 0.999057
v 180.051 158.134 -174.589
vt 206.338 165.779
vt 206.74 165.913
f 1610/4209/2303 1611/4210/2304 2162/4211/2304 2161/4212/2303 

vt 164.732 153.52
vt 164.33 153.385
vn -0.205325 -0.0691058 0.976251
v 179.651 157.999 -174.626
vt 164.569 152.674
vt 164.971 152.808
f 1611/4213/2304 1612/4214/2305 2163/4215/2305 2162/4216/2304 

vt 112.614 133.352
vt 112.209 133.224
vn -0.437802 -0.14735 0.886915
v 179.273 157.872 -174.772
vt 112.435 132.509
vt 112.84 132.637
f 1612/4217/2305 1613/4218/2306 2164/4219/2306 2163/4220/2305 

vt 52.4846 111.133
vt 52.0756 111.021
vn -0.640443 -0.215552 0.737137
v 178.944 157.761 -175.015
vt 52.2749 110.298
vt 52.6839 110.41
f 1613/4221/2306 1614/4222/2307 2165/4223/2307 2164/4224/2306 

vt -12.6302 92.6126
vt -13.0448 92.523
vn -0.799439 -0.269065 0.537124
v 178.685 157.674 -175.34
vt -12.8863 91.7899
vt -12.4717 91.8796
f 1614/4225/2307 1615/4226/2308 2166/4227/2308 2165/4228/2307 

vt -78.6011 82.9516
vt -79.0211 82.8918
vn -0.903954 -0.304241 0.300507
v 178.515 157.617 -175.724
vt -78.9155 82.1493
vt -78.4956 82.209
f 1615/4229/2308 1616/4230/2309 2167/4231/2309 2166/4232/2308 

vt -140.197 85.1642
vt -140.621 85.1395
vn -0.946866 -0.318684 0.0434114
v 178.446 157.594 -176.142
vt -140.577 84.3907
vt -140.154 84.4155
f 1616/4233/2309 1617/4234/2310 2168/4235/2310 2167/4236/2309 

vt -191.813 98.8698
vt -192.237 98.8823
vn -0.925251 -0.311409 -0.216643
v 178.481 157.606 -176.565
vt -192.259 98.1326
vt -191.835 98.1202
f 1617/4237/2310 1618/4238/2311 2169/4239/2311 2168/4240/2310 

vt -228.751 120.153
vt -229.172 120.201
vn -0.840582 -0.282912 -0.461933
v 178.618 157.652 -176.963
vt -229.258 119.456
vt -228.837 119.408
f 1618/4241/2311 2145/4242/2312 2170/4243/2312 2169/4244/2311 

vt -248.337 142.866
vt -248.753 142.946
vn -0.698629 -0.235135 -0.675744
v 178.849 157.729 -177.311
vt -248.895 142.21
vt -248.479 142.13
f 2145/4245/2312 2146/4246/2313 2171/4247/2313 2170/4248/2312 

vt -250.151 160.745
vt -250.562 160.851
vn -0.509065 -0.171334 -0.843503
v 179.157 157.833 -177.583
vt -250.75 160.124
vt -250.339 160.019
f 2146/4249/2313 2147/4250/2314 2172/4251/2314 2171/4252/2313 

vt -235.415 169.246
vt -235.821 169.37
vn -0.284809 -0.0958572 -0.95378
v 179.521 157.956 -177.763
vt -236.04 168.652
vt -235.634 168.528
f 2147/4253/2314 2148/4254/2315 2173/4255/2315 2172/4256/2314 

vt -206.102 166.491
vt -206.504 166.625
vn -0.0411436 -0.0138476 -0.999057
v 179.917 158.089 -177.836
vt -206.74 165.913
vt -206.338 165.779
f 2148/4257/2315 2149/4258/2316 2174/4259/2316 2173/4260/2315 

vt -164.33 153.385
vt -164.732 153.52
vn 0.205325 0.0691058 -0.976251
v 180.318 158.224 -177.799
vt -164.971 152.808
vt -164.569 152.674
f 2149/4261/2316 2150/4262/2317 2175/4263/2317 2174/4264/2316 

vt -112.209 133.224
vt -112.614 133.352
vn 0.437802 0.14735 -0.886915
v 180.696 158.351 -177.654
vt -112.84 132.637
vt -112.435 132.509
f 2150/4265/2317 2151/4266/2318 2176/4267/2318 2175/4268/2317 

vt -52.0756 111.021
vt -52.4846 111.133
vn 0.640443 0.215552 -0.737137
v 181.025 158.462 -177.411
vt -52.6839 110.41
vt -52.2749 110.298
f 2151/4269/2318 2152/4270/2319 2177/4271/2319 2176/4272/2318 

vt 13.0448 92.523
vt 12.6302 92.6126
vn 0.799439 0.269065 -0.537124
v 181.283 158.549 -177.086
vt 12.4717 91.8796
vt 12.8863 91.7899
f 2152/4273/2319 2153/4274/2320 2178/4275/2320 2177/4276/2319 

vt 79.0211 82.8918
vt 78.6011 82.9516
vt 78.4956 82.209
vt 78.9155 82.1493
f 2153/4277/2320 2154/4278/2297 2156/4279/2297 2178/4280/2320 

v 181.306 158.556 -176.273
vt 176.273 222.412
vn 0.318985 -0.94776 5.68204e-15
f 2179/4281/2321 2178/4183/2321 2156/4184/2321

v 181.246 158.536 -176.632
vt 176.632 222.348
f 2180/4282/2321 2178/4183/2321 2179/4281/2321

v 181.1 158.487 -176.963
vt 176.963 222.195
f 2181/4283/2321 2178/4183/2321 2180/4282/2321

f 2181/4283/2321 2177/4182/2321 2178/4183/2321

v 180.878 158.412 -177.242
vt 177.242 221.96
f 2182/4284/2321 2177/4182/2321 2181/4283/2321

f 2182/4284/2321 2176/4181/2321 2177/4182/2321

v 180.595 158.317 -177.451
vt 177.451 221.662
f 2183/4285/2321 2176/4181/2321 2182/4284/2321

f 2183/4285/2321 2175/4180/2321 2176/4181/2321

v 180.271 158.208 -177.576
vt 177.576 221.319
f 2184/4286/2321 2175/4180/2321 2183/4285/2321

v 179.927 158.092 -177.607
vt 177.607 220.956
f 2185/4287/2321 2175/4180/2321 2184/4286/2321

f 2185/4287/2321 2174/4179/2321 2175/4180/2321

v 179.587 157.978 -177.544
vt 177.544 220.598
f 2186/4288/2321 2174/4179/2321 2185/4287/2321

f 2186/4288/2321 2173/4178/2321 2174/4179/2321

v 179.274 157.872 -177.39
vt 177.39 220.267
f 2187/4289/2321 2173/4178/2321 2186/4288/2321

f 2187/4289/2321 2172/4177/2321 2173/4178/2321

v 179.009 157.783 -177.156
vt 177.156 219.988
f 2188/4290/2321 2172/4177/2321 2187/4289/2321

f 2188/4290/2321 2171/4176/2321 2172/4177/2321

v 178.811 157.717 -176.858
vt 176.858 219.779
f 2189/4291/2321 2171/4176/2321 2188/4290/2321

v 178.693 157.677 -176.515
vt 176.515 219.654
f 2190/4292/2321 2171/4176/2321 2189/4291/2321

f 2190/4292/2321 2170/4175/2321 2171/4176/2321

v 178.662 157.667 -176.152
vt 176.152 219.622
f 2170/4175/2321 2190/4292/2321 2191/4293/2321

v 178.573 158.032 -176.515
vt 192.218 98.5066
v 178.543 158.022 -176.152
vt 191.854 98.4959
vt 191.865 98.121
vt 192.229 98.1318
f 2192/4294/2299 2193/4295/2298 2191/4296/2298 2190/4297/2299 

usemtl Color_F01
v 181.038 158.862 -175.568
vt 175.568 222.255
vn 0.318985 -0.94776 -1.88723e-15
v 180.84 158.795 -175.269
vt 175.269 222.046
v 180.575 158.706 -175.035
vt 175.035 221.767
v 180.262 158.601 -174.881
vt 174.881 221.437
v 179.922 158.486 -174.818
vt 174.818 221.078
v 179.578 158.371 -174.85
vt 174.85 220.715
v 179.254 158.261 -174.975
vt 174.975 220.372
v 178.971 158.166 -175.184
vt 175.184 220.074
v 178.749 158.091 -175.463
vt 175.463 219.84
v 178.603 158.042 -175.793
vt 175.793 219.686
v 178.691 158.072 -176.858
v 178.889 158.139 -177.156
v 179.154 158.228 -177.39
v 179.467 158.333 -177.544
v 179.807 158.448 -177.607
v 180.151 158.563 -177.576
v 180.476 158.673 -177.451
v 180.759 158.768 -177.242
v 180.981 158.843 -176.963
v 181.127 158.892 -176.632
v 181.186 158.912 -176.273
v 181.156 158.902 -175.91
vt 175.91 222.38
f 2194/4298/2322 2195/4299/2322 2196/4300/2322 2197/4301/2322 2198/4302/2322 2199/4303/2322 2200/4304/2322 2201/4305/2322 2202/4306/2322 2203/4307/2322 2193/4293/2322 2192/4292/2322 2204/4291/2322 2205/4290/2322 2206/4289/2322 2207/4288/2322 2208/4287/2322 2209/4286/2322 2210/4285/2322 2211/4284/2322 2212/4283/2322 2213/4282/2322 2214/4281/2322 2215/4308/2322 

usemtl Color_M00
vt -248.437 142.504
vt -248.795 142.573
v 181.158 158.507 -175.568
vt -248.866 142.204
v 180.96 158.44 -175.269
vt -248.508 142.135
f 2195/4309/2313 2194/4310/2312 2216/4311/2312 2217/4312/2313 

vt -228.824 119.784
vt -229.186 119.825
v 181.276 158.546 -175.91
vt -229.228 119.453
vt -228.866 119.411
f 2194/4313/2312 2215/4314/2311 2218/4315/2311 2216/4316/2312 

vt -191.854 98.4959
vt -192.218 98.5066
vt -192.229 98.1318
vt -191.865 98.121
f 2215/4317/2311 2214/4318/2310 2179/4319/2310 2218/4320/2311 

vt -140.205 84.7881
vt -140.569 84.7668
vt -140.547 84.3925
vt -140.184 84.4137
f 2214/4321/2310 2213/4322/2309 2180/4323/2309 2179/4324/2310 

vt -78.5779 82.5761
vt -78.9387 82.5248
vt -78.8859 82.1535
vt -78.5252 82.2048
f 2213/4325/2309 2212/4326/2308 2181/4327/2308 2180/4328/2309 

vt -12.5802 92.2398
vt -12.9363 92.1628
vt -12.8571 91.7962
vt -12.5009 91.8733
f 2212/4329/2308 2211/4330/2307 2182/4331/2307 2181/4332/2308 

vt 52.5554 110.764
vt 52.2041 110.667
vt 52.3037 110.305
vt 52.655 110.402
f 2211/4333/2307 2210/4334/2306 2183/4335/2306 2182/4336/2307 

vt 112.698 132.986
vt 112.351 132.876
vt 112.464 132.518
vt 112.811 132.628
f 2210/4337/2306 2209/4338/2305 2184/4339/2305 2183/4340/2306 

vt 164.823 153.154
vt 164.478 153.039
vt 164.597 152.683
vt 164.943 152.799
f 2209/4341/2305 2208/4342/2304 2185/4343/2304 2184/4344/2305 

vt 206.594 166.259
vt 206.248 166.145
vt 206.366 165.789
vt 206.712 165.903
f 2208/4345/2304 2207/4346/2303 2186/4347/2303 2185/4348/2304 

vt 235.902 169.002
vt 235.553 168.896
vt 235.662 168.537
vt 236.011 168.643
f 2207/4349/2303 2206/4350/2302 2187/4351/2302 2186/4352/2303 

vt 250.627 160.48
vt 250.274 160.389
vt 250.368 160.026
vt 250.721 160.117
f 2206/4353/2302 2205/4354/2301 2188/4355/2301 2187/4356/2302 

vt 248.795 142.573
vt 248.437 142.504
vt 248.508 142.135
vt 248.866 142.204
f 2205/4357/2301 2204/4358/2300 2189/4359/2300 2188/4360/2301 

vt 229.186 119.825
vt 228.824 119.784
vt 228.866 119.411
vt 229.228 119.453
f 2204/4361/2300 2192/4362/2299 2190/4363/2299 2189/4364/2300 

f 2158/2901/2321 2218/4308/2321 2179/4281/2321

f 2158/2901/2321 2216/4298/2321 2218/4308/2321

f 2159/2902/2321 2216/4298/2321 2158/2901/2321

f 2159/2902/2321 2217/4299/2321 2216/4298/2321

f 2160/2903/2321 2217/4299/2321 2159/2902/2321

v 180.695 158.351 -175.035
f 2160/2903/2321 2219/4300/2321 2217/4299/2321

f 2161/2904/2321 2219/4300/2321 2160/2903/2321

v 180.382 158.245 -174.881
f 2161/2904/2321 2220/4301/2321 2219/4300/2321

f 2162/2905/2321 2220/4301/2321 2161/2904/2321

v 180.042 158.131 -174.818
f 2162/2905/2321 2221/4302/2321 2220/4301/2321

v 179.698 158.015 -174.85
f 2162/2905/2321 2222/4303/2321 2221/4302/2321

f 2163/2906/2321 2222/4303/2321 2162/2905/2321

v 179.373 157.906 -174.975
f 2163/2906/2321 2223/4304/2321 2222/4303/2321

f 2164/2907/2321 2223/4304/2321 2163/2906/2321

v 179.09 157.811 -175.184
f 2164/2907/2321 2224/4305/2321 2223/4304/2321

f 2165/2908/2321 2224/4305/2321 2164/2907/2321

v 178.868 157.736 -175.463
f 2165/2908/2321 2225/4306/2321 2224/4305/2321

v 178.722 157.687 -175.793
f 2165/2908/2321 2226/4307/2321 2225/4306/2321

f 2166/2909/2321 2226/4307/2321 2165/2908/2321

f 2166/2909/2321 2191/4293/2321 2226/4307/2321

f 2166/2909/2321 2170/4175/2321 2191/4293/2321

f 2167/2910/2321 2170/4175/2321 2166/2909/2321

f 2167/2910/2321 2169/2913/2321 2170/4175/2321

f 2169/2913/2321 2167/2910/2321 2168/2912/2321

vt 140.569 84.7668
vt 140.205 84.7881
vt 140.184 84.4137
vt 140.547 84.3925
f 2193/4365/2298 2203/4366/2297 2226/4367/2297 2191/4368/2298 

vt 78.9387 82.5248
vt 78.5779 82.5761
vt 78.5252 82.2048
vt 78.8859 82.1535
f 2203/4369/2297 2202/4370/2320 2225/4371/2320 2226/4372/2297 

vt 12.9363 92.1628
vt 12.5802 92.2398
vt 12.5009 91.8733
vt 12.8571 91.7962
f 2202/4373/2320 2201/4374/2319 2224/4375/2319 2225/4376/2320 

vt -52.2041 110.667
vt -52.5554 110.764
vt -52.655 110.402
vt -52.3037 110.305
f 2201/4377/2319 2200/4378/2318 2223/4379/2318 2224/4380/2319 

vt -112.351 132.876
vt -112.698 132.986
vt -112.811 132.628
vt -112.464 132.518
f 2200/4381/2318 2199/4382/2317 2222/4383/2317 2223/4384/2318 

vt -164.478 153.039
vt -164.823 153.154
vt -164.943 152.799
vt -164.597 152.683
f 2199/4385/2317 2198/4386/2316 2221/4387/2316 2222/4388/2317 

vt -206.248 166.145
vt -206.594 166.259
vt -206.712 165.903
vt -206.366 165.789
f 2198/4389/2316 2197/4390/2315 2220/4391/2315 2221/4392/2316 

vt -235.553 168.896
vt -235.902 169.002
vt -236.011 168.643
vt -235.662 168.537
f 2197/4393/2315 2196/4394/2314 2219/4395/2314 2220/4396/2315 

vt -250.274 160.389
vt -250.627 160.48
vt -250.721 160.117
vt -250.368 160.026
f 2196/4397/2314 2195/4398/2313 2217/4399/2313 2219/4400/2314 

f 2179/4281/2321 2156/4184/2321 2158/2901/2321

f 2158/2901/2321 2156/4184/2321 2157/2900/2321

f 2157/2900/2321 2156/4184/2321 2155/2898/2321

usemtl front
vt 1 0
v 158.408 120.908 -206.943
vt 1 1
v 158.408 120.908 -146.007
vt 0 1
f 1585/2819/2139 1578/4401/2139 2227/4402/2139 2228/4403/2139 

g Mesh37 Model

usemtl caution_2
v 78.3955 127.552 -181.751
v 78.3955 127.552 -168.769
v 78.3955 140.534 -168.769
v 78.3955 140.534 -181.751
f 2229/2819/2142 2230/4401/2142 2231/4402/2142 2232/4403/2142 

g Mesh38 Model

usemtl pin
v 160.505 109.279 -170.891
v 160.505 109.279 -181.266
v 158.618 110.199 -181.266
v 158.618 110.199 -170.891
f 2233/2819/2163 2234/4401/2163 2235/4402/2163 2236/4403/2163 

g Mesh39 Model

usemtl prooo_logo
v 49.208 43.1708 -186.707
v 49.208 43.1708 -160.877
v 49.208 61.4223 -160.877
v 49.208 61.4223 -186.707
f 2237/2819/2142 2238/4401/2142 2239/4402/2142 2240/4403/2142 

g Mesh40 Model

usemtl power
v 78.3955 116.441 -188.045
v 78.3955 116.441 -163.138
v 78.3955 134.04 -163.138
v 78.3955 134.04 -188.045
f 2241/2819/2142 2242/4401/2142 2243/4402/2142 2244/4403/2142 

g Mesh41 Model

usemtl banner
v 158.408 137.284 -147.867
vn 1 6.82402e-15 -0
v 158.408 137.284 -204.8
v 158.408 148.158 -204.8
v 158.408 148.158 -147.867
f 2245/2819/2323 2246/4401/2323 2247/4402/2323 2248/4403/2323 

g Mesh42 Model

usemtl collection_path
v 58.8256 36.1136 -151.606
v 96.2828 36.1136 -151.606
v 96.2828 68.9708 -151.606
v 58.8256 68.9708 -151.606
f 2249/2819/2151 2250/4401/2151 2251/4402/2151 2252/4403/2151 

g Mesh43 Model

usemtl color
v 158.408 102.897 -184.829
v 158.408 102.897 -197.037
v 158.408 109.761 -197.037
v 158.408 109.761 -184.829
f 2253/2819/2139 2254/4401/2139 2255/4402/2139 2256/4403/2139 

g Mesh44 Model

usemtl Biggapn
v 99.2392 13.3375 -146.007
v 158.013 13.3375 -146.007
v 158.013 149.263 -146.007
v 99.2392 149.263 -146.007
f 2257/2819/2151 2258/4401/2151 2259/4402/2151 2260/4403/2151 

g Mesh45 Model

v 99.4238 10.25 -206.943
v 99.4238 146.663 -206.943
v 158.408 146.663 -206.943
f 1578/2819/2239 2261/4401/2239 2262/4402/2239 2263/4403/2239 

g Mesh46 Model

usemtl caution
v 158.408 106.853 -148.728
v 158.408 106.853 -172.072
v 158.408 132 -172.072
v 158.408 132 -148.728
f 2264/2819/2139 2265/4401/2139 2266/4402/2139 2267/4403/2139 

g Mesh47 Model

usemtl Steps
v 158.408 91.3159 -149.696
v 158.408 91.3159 -167.679
v 158.408 110.688 -167.679
v 158.408 110.688 -149.696
f 2268/2819/2139 2269/4401/2139 2270/4402/2139 2271/4403/2139 

g Mesh48 Model

usemtl Sada
v 158.408 123.977 -181.938
v 158.408 123.977 -199.043
v 158.408 141.082 -199.043
v 158.408 141.082 -181.938
f 2272/2819/2139 2273/4401/2139 2274/4402/2139 2275/4403/2139 

